ID,Year_Birth,Education,Marital_Status,Income,Kidhome,Teenhome,Dt_Customer,Recency,MntWines,MntFruits,MntMeatProducts,MntFishProducts,MntSweetProducts,MntGoldProds,NumDealsPurchases,NumWebPurchases,NumCatalogPurchases,NumStorePurchases,NumWebVisitsMonth,AcceptedCmp3,AcceptedCmp4,AcceptedCmp5,AcceptedCmp1,AcceptedCmp2,Complain,Z_CostContact,Z_Revenue,Response,Age,Total_Spending,Children,Total_Purchases,Customer_Days,Cluster
5524,1957,2,4,58138.0,0,0,2012-09-04,58,635,88,546,172,88,88,3,8,10,4,7,0,0,0,0,0,0,3,11,1,68,1617,0,22,5029,1
2174,1954,2,4,46344.0,1,1,2014-03-08,38,11,1,6,2,1,6,2,1,1,2,5,0,0,0,0,0,0,3,11,0,71,27,2,4,4479,3
4141,1965,2,5,71613.0,0,0,2013-08-21,26,426,49,127,111,21,42,1,8,2,10,4,0,0,0,0,0,0,3,11,0,60,776,0,20,4678,1
6182,1984,2,5,26646.0,1,0,2014-02-10,26,11,4,20,10,3,5,2,2,0,4,6,0,0,0,0,0,0,3,11,0,41,53,1,6,4505,0
5324,1981,4,3,58293.0,1,0,2014-01-19,94,173,43,118,46,27,15,5,5,3,6,5,0,0,0,0,0,0,3,11,0,44,422,1,14,4527,0
7446,1967,3,5,62513.0,0,1,2013-09-09,16,520,42,98,0,42,14,2,6,4,10,6,0,0,0,0,0,0,3,11,0,58,716,1,20,4659,1
965,1971,2,2,55635.0,0,1,2012-11-13,34,235,65,164,50,49,27,4,7,3,7,6,0,0,0,0,0,0,3,11,0,54,590,1,17,4959,1
6177,1985,4,3,33454.0,1,0,2013-05-08,32,76,10,56,3,1,23,2,4,0,4,8,0,0,0,0,0,0,3,11,0,40,169,1,8,4783,0
4855,1974,4,5,30351.0,1,0,2013-06-06,19,14,0,24,3,3,2,1,3,0,2,9,0,0,0,0,0,0,3,11,1,51,46,1,5,4754,0
5899,1950,4,5,5648.0,1,1,2014-03-13,68,28,0,6,1,1,13,1,1,0,0,20,1,0,0,0,0,0,3,11,0,75,49,2,1,4474,3
1994,1983,2,3,52247.25135379061,1,0,2013-11-15,11,5,5,6,0,2,1,1,1,0,2,7,0,0,0,0,0,0,3,11,0,42,19,1,3,4592,0
387,1976,1,3,7500.0,0,0,2012-11-13,59,6,16,11,11,1,16,1,2,0,3,8,0,0,0,0,0,0,3,11,0,49,61,0,5,4959,0
2125,1959,2,2,63033.0,0,0,2013-11-15,82,194,61,480,225,112,30,1,3,4,8,2,0,0,0,0,0,0,3,11,0,66,1102,0,15,4592,1
8180,1952,3,2,59354.0,1,1,2013-11-15,53,233,2,53,3,5,14,3,6,1,5,6,0,0,0,0,0,0,3,11,0,73,310,2,12,4592,3
2569,1987,2,3,17323.0,0,0,2012-10-10,38,3,14,17,6,1,5,1,1,0,3,8,0,0,0,0,0,0,3,11,0,38,46,0,4,4993,0
2114,1946,4,4,82800.0,0,0,2012-11-24,23,1006,22,115,59,68,45,1,7,6,12,3,0,0,1,1,0,0,3,11,1,79,1315,0,25,4948,1
9736,1980,2,3,41850.0,1,1,2012-12-24,51,53,5,19,2,13,4,3,3,0,3,8,0,0,0,0,0,0,3,11,0,45,96,2,6,4918,3
4939,1946,2,5,37760.0,0,0,2012-08-31,20,84,5,38,150,12,28,2,4,1,6,7,0,0,0,0,0,0,3,11,0,79,317,0,11,5033,1
6565,1949,3,3,76995.0,0,1,2013-03-28,91,1012,80,498,0,16,176,2,11,4,9,5,0,0,0,1,0,0,3,11,0,76,1782,1,24,4824,1
2278,1985,0,4,33812.0,1,0,2012-11-03,86,4,17,19,30,24,39,2,2,1,3,6,0,0,0,0,0,0,3,11,0,40,133,1,6,4969,0
9360,1982,2,3,37040.0,0,0,2012-08-08,41,86,2,73,69,38,48,1,4,2,5,8,0,0,0,0,0,0,3,11,0,43,316,0,11,5056,0
5376,1979,2,3,2447.0,1,0,2013-01-06,42,1,1,1725,1,1,1,15,0,28,0,1,0,0,0,0,0,0,3,11,0,46,1730,1,28,4905,2
1993,1949,4,3,58607.0,0,1,2012-12-23,63,867,0,86,0,0,19,3,2,3,9,8,0,1,0,0,0,0,3,11,0,76,972,1,14,4919,1
4047,1954,4,3,65324.0,0,1,2014-01-11,0,384,0,102,21,32,5,3,6,2,9,4,0,0,0,0,0,0,3,11,0,71,544,1,17,4535,1
1409,1951,2,5,40689.0,0,1,2013-03-18,69,270,3,27,39,6,99,7,7,1,5,8,0,0,0,0,0,0,3,11,0,74,444,1,13,4834,1
7892,1969,2,4,18589.0,0,0,2013-01-02,89,6,4,25,15,12,13,2,2,1,3,7,0,0,0,0,0,0,3,11,0,56,75,0,6,4909,0
2404,1976,2,3,53359.0,1,1,2013-05-27,4,173,4,30,3,6,41,4,5,1,4,7,0,0,0,0,0,0,3,11,0,49,257,2,10,4764,3
5255,1986,2,4,52247.25135379061,1,0,2013-02-20,19,5,1,3,3,263,362,0,27,0,0,1,0,0,0,0,0,0,3,11,0,39,637,1,27,4860,2
9422,1989,2,3,38360.0,1,0,2013-05-31,26,36,2,42,20,21,10,2,2,1,4,3,0,0,0,0,0,0,3,11,0,36,131,1,7,4760,0
1966,1965,4,3,84618.0,0,0,2013-11-22,96,684,100,801,21,66,0,1,6,9,10,2,0,0,1,0,0,0,3,11,0,60,1672,0,25,4585,2
6864,1989,3,2,10979.0,0,0,2014-05-22,34,8,4,10,2,2,4,2,3,0,3,5,0,0,0,0,0,0,3,11,0,36,30,0,6,4404,0
3033,1963,3,5,38620.0,0,0,2013-05-11,56,112,17,44,34,22,89,1,2,5,3,3,0,0,0,0,0,0,3,11,0,62,318,0,10,4780,0
5710,1970,2,5,40548.0,0,1,2012-10-10,31,110,0,5,2,0,3,2,2,1,4,5,0,1,0,0,0,0,3,11,0,55,120,1,7,4993,0
7373,1952,4,2,46610.0,0,2,2012-10-29,8,96,12,96,33,22,43,6,4,1,6,6,0,0,0,0,0,0,3,11,1,73,302,2,11,4974,3
8755,1946,3,3,68657.0,0,0,2013-02-20,4,482,34,471,119,68,22,1,3,5,9,7,0,0,0,0,0,0,3,11,0,79,1196,0,17,4860,1
10738,1951,3,4,49389.0,1,1,2013-08-29,55,40,0,19,2,1,3,1,2,0,3,7,0,0,0,0,0,0,3,11,0,74,65,2,5,4670,3
4339,1970,4,3,67353.0,0,1,2013-12-31,37,702,17,151,0,8,35,5,5,6,12,2,0,0,0,0,0,0,3,11,0,55,913,1,23,4546,1
10755,1976,0,3,23718.0,1,0,2013-09-02,76,6,3,14,15,7,36,3,3,1,2,7,0,0,0,0,0,0,3,11,0,49,81,1,6,4666,0
8595,1973,2,6,42429.0,0,1,2014-02-11,99,55,0,6,2,0,4,2,1,1,3,5,0,0,0,0,0,0,3,11,0,52,67,1,5,4504,0
2968,1943,4,2,48948.0,0,0,2013-02-01,53,437,8,206,160,49,42,2,7,10,5,6,1,0,0,0,0,0,3,11,1,82,902,0,22,4879,1
8601,1980,2,3,80011.0,0,1,2013-04-29,3,421,76,536,82,178,102,2,8,6,5,4,0,0,0,0,0,0,3,11,0,45,1395,1,19,4792,2
503,1985,3,3,20559.0,1,0,2013-03-12,88,13,1,29,3,0,7,2,2,0,3,8,0,0,0,0,0,0,3,11,0,40,53,1,5,4840,0
8430,1957,2,5,21994.0,0,1,2012-12-24,4,9,0,6,3,1,3,1,0,0,3,5,0,0,0,0,0,0,3,11,0,68,22,1,3,4918,0
7281,1959,4,4,52247.25135379061,0,0,2013-11-05,80,81,11,50,3,2,39,1,1,3,4,2,0,0,0,0,0,0,3,11,0,66,186,0,8,4602,0
2139,1975,3,3,7500.0,1,0,2013-10-02,19,3,1,10,3,2,12,3,2,0,3,5,0,0,0,0,0,0,3,11,0,50,31,1,5,4636,0
1371,1976,2,4,79941.0,0,0,2014-06-28,72,123,164,266,227,30,174,1,2,4,9,1,0,0,0,0,0,0,3,11,0,49,984,0,15,4367,2
9909,1996,0,3,7500.0,0,0,2012-11-09,24,3,18,14,15,22,50,3,3,1,3,9,0,0,0,0,0,0,3,11,1,29,122,0,7,4963,0
7286,1968,2,5,41728.0,1,0,2013-05-24,92,13,6,15,3,5,13,1,2,0,2,10,0,0,0,0,0,0,3,11,0,57,55,1,4,4767,0
7244,1951,2,4,52247.25135379061,2,1,2014-01-01,96,48,5,48,6,10,7,3,2,1,4,6,0,0,0,0,0,0,3,11,0,74,124,3,7,4545,3
6566,1954,4,3,72550.0,1,1,2012-11-08,39,826,50,317,50,38,38,9,5,2,12,8,0,0,0,0,0,0,3,11,0,71,1319,2,19,4964,1
8614,1957,2,6,65486.0,0,1,2014-05-12,29,245,19,125,37,67,14,1,4,2,10,2,0,0,0,0,0,0,3,11,0,68,507,1,16,4414,1
4114,1964,3,3,79143.0,0,0,2012-08-11,2,650,37,780,27,167,32,1,6,9,13,3,0,0,0,0,0,0,3,11,0,61,1693,0,28,5053,2
1331,1977,2,4,35790.0,1,0,2013-01-02,54,12,6,20,30,1,3,2,2,0,3,7,0,0,0,0,0,0,3,11,0,48,72,1,5,4909,0
2225,1977,2,2,82582.0,0,0,2014-06-07,54,510,120,550,156,40,241,1,4,9,7,1,1,0,0,1,0,0,3,11,1,48,1617,0,20,4388,2
9381,1978,2,3,66373.0,1,1,2013-06-12,57,328,9,124,12,24,109,7,4,2,10,3,0,0,0,0,0,0,3,11,0,47,606,2,16,4748,3
6260,1955,3,5,82384.0,0,0,2012-11-19,55,984,51,432,180,120,190,1,3,10,13,1,0,0,1,0,0,0,3,11,1,70,1957,0,26,4953,1
10383,1966,2,2,70287.0,0,0,2013-04-02,30,295,35,482,121,120,40,1,5,5,10,3,0,0,0,0,0,0,3,11,1,59,1093,0,20,4819,2
7437,1988,2,4,27938.0,1,0,2014-04-28,31,13,0,8,2,1,5,1,1,0,4,3,0,0,0,0,0,0,3,11,0,37,29,1,5,4428,0
8557,1982,2,4,52247.25135379061,1,0,2013-06-17,57,11,3,22,2,2,6,2,2,0,3,6,0,0,0,0,0,0,3,11,0,43,46,1,5,4743,0
8375,1968,4,3,55954.0,0,1,2014-03-03,63,447,0,28,0,0,43,3,8,2,6,7,0,0,0,0,0,0,3,11,0,57,518,1,16,4484,1
6853,1982,3,4,75777.0,0,0,2013-07-04,12,712,26,538,69,13,80,1,3,6,11,1,0,1,1,0,0,0,3,11,1,43,1438,0,20,4726,2
3076,1975,2,5,66653.0,1,1,2012-09-07,18,452,18,102,16,18,6,4,4,2,12,3,0,0,0,0,0,0,3,11,0,50,612,2,18,5026,3
1012,1952,2,4,61823.0,0,1,2013-02-18,26,523,7,134,37,14,169,4,8,2,10,7,0,0,0,0,0,0,3,11,0,73,884,1,20,4862,1
6518,1951,4,6,67680.0,0,1,2013-06-11,8,546,0,48,0,6,6,1,7,3,8,5,0,0,0,0,0,0,3,11,0,74,606,1,18,4749,1
4137,1948,2,5,70666.0,0,0,2013-12-06,29,398,40,367,119,122,30,1,7,4,4,4,0,0,0,0,0,0,3,11,0,77,1076,0,15,4571,1
8082,1971,2,3,25721.0,1,0,2013-05-21,75,1,3,6,3,6,15,1,1,1,2,7,0,0,0,0,0,0,3,11,1,54,34,1,4,4770,0
1386,1967,2,5,32474.0,1,1,2014-05-11,0,10,0,1,0,0,0,1,1,0,2,7,0,0,0,0,0,0,3,11,0,58,11,2,3,4415,3
9369,1979,0,4,88194.0,0,1,2014-03-19,19,688,14,309,201,24,38,1,11,10,10,5,1,0,0,1,0,0,3,11,1,46,1274,1,31,4468,2
4477,1958,2,5,69096.0,0,1,2013-09-27,4,247,49,159,7,82,109,1,5,2,10,4,0,0,0,0,0,0,3,11,0,67,653,1,17,4641,1
1357,1970,2,5,74854.0,1,2,2013-04-08,90,856,59,487,58,29,73,7,2,5,5,5,0,0,0,0,0,0,3,11,0,55,1562,3,12,4813,3
1402,1954,3,3,66991.0,0,0,2012-09-11,1,496,36,460,189,60,12,3,4,8,6,3,0,0,0,0,0,0,3,11,0,71,1253,0,18,5022,1
10629,1973,0,3,52247.25135379061,1,0,2012-09-14,25,25,3,43,17,4,17,3,3,0,3,8,0,0,0,0,0,0,3,11,0,52,109,1,6,5019,0
6312,1959,2,3,65031.0,0,1,2013-03-17,29,258,107,291,84,37,86,4,10,3,13,7,0,0,0,0,0,0,3,11,0,66,863,1,26,4835,1
8132,1975,4,3,60631.0,1,1,2013-04-05,88,565,6,65,0,6,19,5,9,2,8,7,0,1,0,0,0,0,3,11,0,50,661,2,19,4816,3
1050,1952,2,3,28332.0,0,0,2014-04-30,58,14,10,13,4,15,9,1,2,1,4,2,0,0,0,0,0,0,3,11,0,73,65,0,7,4426,0
5846,1977,2,2,40246.0,1,0,2012-12-19,68,2,1,6,2,1,1,1,1,0,2,6,0,0,0,0,0,0,3,11,0,48,13,1,3,4923,0
1859,1972,3,3,75251.0,0,0,2012-08-27,34,721,111,925,97,18,18,1,7,6,5,5,0,0,0,0,0,0,3,11,1,53,1890,0,18,5037,2
7503,1976,2,4,75825.0,0,0,2012-10-12,40,1032,105,779,137,105,51,0,5,8,9,4,1,0,0,0,0,0,3,11,1,49,2209,0,22,4991,2
10401,1976,0,5,26326.0,0,0,2013-09-04,12,1,0,5,0,3,9,1,0,0,3,3,0,0,0,0,0,1,3,11,0,49,18,0,3,4664,0
1618,1965,2,5,56046.0,0,0,2013-01-02,9,577,0,64,0,0,51,2,10,1,8,8,1,0,0,0,0,0,3,11,1,60,692,0,19,4909,1
3332,1985,2,4,29760.0,1,0,2012-08-29,87,64,4,68,7,5,17,4,3,1,4,8,0,0,0,0,0,0,3,11,0,40,165,1,8,5035,0
2261,1969,2,3,26304.0,1,0,2013-06-23,5,4,1,5,2,0,4,1,1,0,2,7,0,0,0,0,0,0,3,11,0,56,16,1,3,4737,0
5346,1973,0,3,23559.0,1,0,2013-07-03,87,25,5,19,7,0,23,3,3,0,3,7,0,0,0,0,0,0,3,11,0,52,79,1,6,4727,0
4119,1963,3,5,38620.0,0,0,2013-05-11,56,112,17,44,34,22,89,1,2,5,3,3,0,0,0,0,0,0,3,11,0,62,318,0,10,4780,0
535,1987,2,2,81361.0,0,0,2014-02-25,18,163,23,424,27,65,76,1,3,10,13,1,0,0,0,0,0,0,3,11,0,38,778,0,26,4490,2
5268,1960,2,3,29440.0,1,1,2013-08-11,95,17,8,14,10,4,3,2,1,0,4,7,0,0,0,0,0,0,3,11,0,65,56,2,5,4688,3
273,1970,3,3,36138.0,1,1,2013-07-16,48,130,0,16,0,0,5,5,3,1,4,7,0,1,0,0,0,0,3,11,0,55,151,2,8,4714,3
4452,1957,2,4,50388.0,0,1,2014-05-28,3,292,6,37,0,3,34,4,6,1,6,7,0,1,0,1,0,0,3,11,1,68,372,1,13,4398,1
8504,1973,2,3,79593.0,0,0,2014-05-12,70,350,60,568,110,133,145,1,5,6,7,2,0,0,1,0,0,0,3,11,0,52,1366,0,18,4414,2
771,1967,2,5,54178.0,0,1,2014-01-21,79,135,9,39,4,0,7,1,2,2,5,2,0,0,0,0,0,0,3,11,0,58,194,1,9,4525,0
8996,1957,4,3,52247.25135379061,2,1,2012-11-19,4,230,42,192,49,37,53,12,7,2,8,9,0,0,0,0,0,0,3,11,0,68,603,3,17,4953,3
9235,1957,2,4,52247.25135379061,1,1,2014-05-27,45,7,0,8,2,0,1,1,1,0,2,7,0,0,0,0,0,0,3,11,0,68,18,2,3,4399,3
5798,1973,3,5,52247.25135379061,0,0,2013-11-23,87,445,37,359,98,28,18,1,2,4,8,1,0,0,0,0,0,0,3,11,0,52,985,0,14,4584,2
11178,1972,3,4,42394.0,1,0,2014-03-23,69,15,2,10,0,1,4,1,1,0,3,7,0,0,0,0,0,0,3,11,0,53,32,1,4,4464,0
2230,1970,4,3,23626.0,1,0,2014-05-24,84,27,2,14,0,0,0,3,3,1,3,5,0,0,0,0,0,0,3,11,0,55,43,1,7,4402,0
7516,1983,2,3,30096.0,1,0,2014-05-22,30,5,3,11,12,5,9,1,2,0,3,6,0,0,0,0,0,0,3,11,0,42,45,1,5,4404,0
7247,1960,2,6,47916.0,0,1,2012-11-22,72,505,0,26,0,0,75,5,7,4,6,6,0,1,0,0,0,0,3,11,0,65,606,1,17,4950,1
11100,1972,2,2,51813.0,1,1,2013-04-11,37,51,2,7,0,1,2,2,2,0,3,7,0,0,0,0,0,0,3,11,0,53,63,2,5,4810,3
4646,1951,0,3,78497.0,0,0,2013-12-01,44,207,26,447,75,0,223,1,5,7,12,2,0,0,0,1,0,0,3,11,0,74,978,0,24,4576,1
3037,1983,4,3,50150.0,0,0,2013-06-20,32,135,46,92,65,61,11,2,5,2,7,5,0,0,0,0,0,0,3,11,0,42,410,0,14,4740,0
1473,1960,0,4,47823.0,0,1,2013-07-23,0,53,1,5,2,1,10,2,2,0,3,8,0,0,0,0,0,0,3,11,0,65,72,1,5,4707,3
1016,1959,4,4,34554.0,0,1,2014-03-30,43,41,1,6,2,0,5,2,2,0,3,6,0,0,0,0,0,0,3,11,0,66,55,1,5,4457,3
4518,1979,2,5,85693.0,0,1,2013-04-20,59,386,172,183,185,132,111,2,9,5,11,5,0,0,0,0,0,0,3,11,0,46,1169,1,25,4801,2
9370,1945,4,3,65846.0,0,0,2013-05-17,68,562,81,276,80,40,81,1,6,3,6,4,0,0,0,0,0,0,3,11,0,80,1120,0,15,4774,1
8908,1959,2,3,87195.0,0,0,2014-05-08,35,217,76,690,50,26,38,1,3,11,5,1,0,0,0,0,0,0,3,11,1,66,1097,0,19,4418,1
8373,1979,1,5,24594.0,1,0,2013-12-10,94,1,3,6,10,0,9,1,1,0,3,5,0,0,0,0,0,0,3,11,0,46,29,1,4,4567,0
7533,1964,2,3,49096.0,1,1,2013-09-24,15,144,1,32,2,1,7,4,4,1,4,7,0,0,0,0,0,0,3,11,0,61,187,2,9,4644,3
2683,1969,2,3,52413.0,0,2,2013-02-02,56,295,106,271,75,98,65,4,6,4,12,6,0,0,0,0,0,0,3,11,0,56,910,2,22,4878,1
3629,1978,2,4,38557.0,1,0,2012-12-19,17,76,3,31,4,4,27,2,3,1,3,7,0,0,0,0,0,0,3,11,0,47,145,1,7,4923,0
10991,1960,3,3,89058.0,0,0,2012-12-07,18,454,194,106,31,22,43,1,5,4,4,2,0,0,0,0,0,0,3,11,0,65,850,0,13,4935,1
5077,1979,2,5,77298.0,0,1,2013-11-02,46,425,115,292,23,35,79,1,6,6,11,3,0,0,0,0,0,0,3,11,0,46,969,1,23,4605,2
7431,1991,4,4,68126.0,0,0,2012-11-10,40,1332,17,311,23,51,86,1,7,4,5,9,0,1,0,0,0,0,3,11,1,34,1820,0,16,4962,2
3267,1963,3,5,57288.0,0,1,2014-06-25,27,527,0,21,0,0,60,3,8,1,8,6,0,1,0,0,0,0,3,11,0,62,608,1,17,4370,1
999,1991,2,4,86037.0,0,0,2013-01-02,95,490,44,125,29,20,22,1,6,7,11,3,0,1,1,0,0,0,3,11,1,34,730,0,24,4909,2
9215,1980,4,3,43974.0,1,0,2012-12-12,19,378,0,101,0,0,72,5,6,4,6,7,0,0,0,0,0,0,3,11,0,45,551,1,16,4930,0
2286,1962,2,4,50785.0,1,1,2013-09-10,27,64,1,21,0,1,27,2,2,1,3,6,0,0,0,0,0,0,3,11,0,63,114,2,6,4658,3
1592,1970,2,3,90765.0,0,0,2014-01-24,25,547,99,812,151,82,33,0,4,6,5,1,0,0,1,1,0,0,3,11,0,55,1724,0,15,4522,2
367,1978,0,3,36550.0,1,0,2013-02-19,74,47,90,94,123,103,120,5,9,1,5,9,0,0,0,0,0,0,3,11,0,47,577,1,15,4861,0
5234,1967,0,5,30753.0,1,1,2013-07-11,85,12,5,25,0,9,30,2,1,1,3,5,0,0,0,0,0,0,3,11,0,58,81,2,5,4719,3
9862,1969,2,5,21918.0,1,0,2013-11-14,37,1,6,7,11,5,3,2,2,0,3,6,0,0,0,0,0,0,3,11,0,56,33,1,5,4593,0
9805,1953,3,5,56129.0,0,1,2013-06-20,65,320,48,133,39,72,48,4,6,2,10,4,0,0,0,0,0,0,3,11,0,72,660,1,18,4740,1
6205,1967,3,4,32557.0,1,0,2014-02-24,13,34,3,29,0,4,10,3,2,1,3,5,0,0,0,0,0,0,3,11,1,58,80,1,6,4491,0
8442,1985,3,3,19510.0,2,0,2013-09-04,63,9,0,7,3,4,7,2,1,0,3,7,0,0,0,0,0,0,3,11,0,40,30,2,4,4664,0
7386,1976,2,2,30992.0,1,0,2013-04-22,83,17,0,14,7,3,2,1,1,0,3,7,0,0,0,0,0,0,3,11,0,49,43,1,4,4799,0
7215,1983,2,4,101970.0,0,0,2013-03-12,69,722,27,102,44,72,168,0,6,8,13,2,0,1,1,1,0,0,3,11,1,42,1135,0,27,4840,2
1491,1965,0,5,71488.0,0,0,2013-02-18,87,162,33,124,40,28,172,2,3,4,7,1,0,0,0,0,0,0,3,11,0,60,559,0,14,4862,1
11071,1984,2,4,79607.0,0,0,2013-04-21,37,450,133,951,173,0,216,1,3,6,6,1,0,0,0,0,0,0,3,11,1,41,1923,0,15,4800,2
3381,1953,3,3,54348.0,1,1,2014-06-08,51,70,0,16,0,0,4,2,2,0,4,6,0,0,0,0,0,0,3,11,0,72,90,2,6,4387,3
8268,1961,4,3,52247.25135379061,0,1,2013-07-11,23,352,0,27,10,0,15,3,6,1,7,6,0,0,0,0,0,0,3,11,0,64,404,1,14,4719,1
11051,1956,4,5,77376.0,1,1,2014-05-10,72,492,19,110,16,12,12,4,6,3,10,4,0,0,0,0,0,0,3,11,0,69,661,2,19,4416,1
8026,1952,2,3,62998.0,0,1,2013-09-30,10,120,58,73,65,89,58,5,5,4,5,5,0,0,0,0,0,0,3,11,0,73,463,1,14,4638,1
433,1958,3,1,61331.0,1,1,2013-03-10,42,534,5,47,0,5,41,5,11,1,6,8,0,0,0,0,0,0,3,11,0,67,632,2,18,4842,3
9597,1969,2,3,73448.0,0,0,2014-02-10,10,236,106,189,23,41,130,1,7,2,9,4,0,0,0,0,0,0,3,11,0,56,725,0,18,4505,2
1295,1963,2,3,52247.25135379061,0,1,2013-08-11,96,231,65,196,38,71,124,1,6,5,7,4,0,0,0,0,0,0,3,11,0,62,725,1,18,4688,1
5290,1964,4,3,41551.0,1,1,2013-08-14,51,220,0,33,3,0,23,5,5,1,5,8,0,0,0,0,0,0,3,11,0,61,279,2,11,4685,3
1685,1967,4,5,62981.0,0,0,2013-03-17,21,796,14,590,38,44,0,1,4,5,13,3,0,1,0,0,0,0,3,11,0,58,1482,0,22,4835,2
5342,1976,1,2,9548.0,1,0,2012-08-08,31,0,1,3,10,6,9,2,1,0,3,8,0,0,0,0,0,0,3,11,0,49,29,1,4,5056,0
9579,1959,4,3,33762.0,2,1,2013-07-07,61,53,1,34,2,0,16,3,2,2,2,8,0,0,0,0,0,0,3,11,0,66,106,3,6,4723,3
7660,1973,4,1,35860.0,1,1,2014-05-19,37,15,0,8,4,2,20,2,1,1,2,5,1,0,0,0,0,0,3,11,1,52,49,2,4,4407,3
1461,1965,4,2,36921.0,1,1,2013-07-28,74,17,1,12,3,1,4,2,2,0,3,7,0,0,0,0,0,0,3,11,0,60,38,2,5,4702,3
821,1992,3,4,92859.0,0,0,2012-10-19,46,962,61,921,52,61,20,1,5,4,12,2,0,0,0,0,0,0,3,11,0,33,2077,0,21,4984,2
11084,1976,3,5,65104.0,0,1,2013-11-14,4,738,0,232,13,20,50,2,3,5,7,7,0,0,0,0,0,0,3,11,1,49,1053,1,15,4593,2
8690,1962,2,3,86111.0,0,0,2013-04-19,73,399,28,756,36,40,126,1,5,7,10,2,0,0,0,0,0,0,3,11,0,63,1385,0,22,4802,2
2937,1974,4,4,68352.0,0,1,2013-08-28,47,614,16,132,43,33,33,3,8,5,9,6,0,0,0,0,0,0,3,11,0,51,871,1,22,4671,2
9701,1988,2,5,41883.0,1,0,2013-03-19,13,32,34,41,73,16,116,3,4,2,3,7,0,0,0,0,0,0,3,11,0,37,312,1,9,4833,0
9949,1976,2,3,59809.0,0,2,2012-10-18,36,598,16,141,32,41,49,3,3,3,6,8,0,0,0,0,0,0,3,11,0,49,877,2,12,4985,3
10837,1975,2,3,23957.0,1,0,2012-10-28,47,2,1,18,20,11,16,1,2,0,3,6,0,0,0,0,0,0,3,11,1,50,68,1,5,4975,0
3120,1981,2,5,38547.0,1,0,2013-08-28,49,6,1,10,0,1,4,1,1,0,2,8,0,0,0,0,0,1,3,11,0,44,22,1,3,4671,0
5885,1973,0,3,35688.0,2,1,2012-08-22,94,73,3,90,12,1,32,7,4,1,4,8,0,0,0,0,0,0,3,11,0,52,211,3,9,5042,3
4050,1966,3,3,49605.0,0,0,2014-06-21,65,42,16,29,12,20,8,1,2,1,4,3,0,0,0,0,0,0,3,11,0,59,127,0,7,4374,0
3830,1953,3,3,59354.0,0,2,2014-04-24,59,295,21,78,39,13,13,1,4,4,7,3,0,0,0,0,0,0,3,11,0,72,459,2,15,4432,3
7987,1969,2,3,65747.0,0,1,2014-03-07,96,346,17,48,23,13,13,4,8,1,6,6,0,1,0,0,0,0,3,11,0,56,460,1,15,4480,1
7798,1972,0,5,46344.0,0,1,2012-12-14,28,233,20,57,8,20,91,4,7,1,5,7,0,0,0,0,0,0,3,11,0,53,429,1,13,4928,0
92,1988,2,1,34176.0,1,0,2014-05-12,12,5,7,24,19,14,20,4,3,0,4,6,0,0,0,0,0,0,3,11,0,37,89,1,7,4414,0
7055,1952,4,5,61010.0,0,1,2012-10-09,57,888,0,57,0,0,76,2,8,5,11,5,0,0,0,0,0,0,3,11,0,73,1021,1,24,4994,1
10240,1949,2,5,69372.0,0,0,2013-02-19,10,997,26,269,34,13,42,1,10,4,6,4,0,1,1,0,0,0,3,11,1,76,1381,0,20,4861,1
3025,1958,2,4,49967.0,0,1,2013-07-08,4,212,6,69,4,12,3,3,6,1,5,7,0,0,0,0,0,0,3,11,0,67,306,1,12,4722,3
9283,1978,2,4,60199.0,1,2,2013-09-12,49,8,1,7,2,0,0,1,0,0,3,4,0,0,0,0,0,0,3,11,0,47,18,3,3,4656,3
9970,1977,2,5,55375.0,0,1,2013-10-17,3,42,11,57,10,28,14,1,1,1,6,2,0,0,0,0,0,0,3,11,0,48,162,1,8,4621,0
2730,1955,2,4,80317.0,0,0,2013-08-20,64,536,11,387,149,91,57,1,3,4,10,1,0,0,0,0,0,0,3,11,0,70,1231,0,17,4679,1
2795,1958,3,4,30523.0,2,1,2013-07-01,0,5,0,3,0,0,5,1,1,0,2,7,0,0,0,0,0,0,3,11,0,67,13,3,3,4729,3
9260,1945,4,3,70356.0,0,0,2012-11-05,20,1349,16,249,43,16,33,2,10,6,9,6,0,0,0,0,0,0,3,11,0,80,1706,0,25,4967,1
8182,1984,2,3,23228.0,1,0,2014-01-05,91,53,3,49,7,4,5,4,3,0,4,8,0,0,0,0,0,0,3,11,0,41,121,1,7,4541,0
10095,1975,4,2,74165.0,0,0,2013-05-01,9,1001,12,240,16,12,12,1,5,4,10,2,0,0,0,0,0,0,3,11,0,50,1293,0,19,4790,2
8475,1973,4,3,157243.0,0,1,2014-03-01,98,20,2,1582,1,2,1,15,0,22,0,0,0,0,0,0,0,0,3,11,0,52,1608,1,22,4486,2
4370,1966,2,5,43482.0,2,1,2013-11-13,83,18,1,32,6,3,28,3,2,0,4,6,0,0,0,0,0,0,3,11,0,59,88,3,6,4594,3
10573,1953,2,2,62551.0,0,0,2013-11-18,27,125,16,98,134,21,27,1,6,7,4,3,1,0,0,0,0,0,3,11,0,72,421,0,17,4589,1
3712,1959,2,2,52332.0,0,0,2013-08-28,63,212,5,33,7,0,2,1,3,2,6,4,0,1,0,0,0,0,3,11,0,66,259,0,11,4671,1
6637,1988,2,4,66951.0,0,0,2013-11-02,46,277,162,305,173,76,124,1,3,4,7,1,0,0,0,0,0,0,3,11,0,37,1117,0,14,4605,2
3152,1957,2,5,26091.0,1,1,2014-02-25,84,15,10,19,8,17,20,3,2,1,3,5,0,0,0,0,0,0,3,11,0,68,89,2,6,4490,3
5610,1965,2,5,33456.0,1,1,2014-04-21,58,7,3,10,8,1,7,2,1,0,3,7,0,0,0,0,0,0,3,11,0,60,36,2,4,4435,3
6460,1982,2,3,28718.0,1,0,2013-07-13,78,12,4,6,11,8,16,2,2,0,3,8,0,0,0,0,0,0,3,11,0,43,57,1,5,4717,0
1349,1970,2,3,50447.0,2,0,2014-04-21,4,85,7,24,2,3,27,1,3,1,3,6,0,0,0,0,0,0,3,11,0,55,148,2,7,4435,3
1880,1959,4,5,53537.0,1,1,2014-01-30,17,81,0,6,0,0,6,2,2,1,3,5,0,0,0,0,0,0,3,11,0,66,93,2,6,4516,3
641,1967,2,4,52074.0,0,1,2014-04-04,77,59,0,12,0,0,48,1,2,2,2,4,1,0,0,0,0,0,3,11,0,58,119,1,6,4452,0
8717,1975,4,3,80427.0,0,1,2012-09-12,56,1149,71,449,69,71,26,1,11,8,8,5,0,0,0,0,0,0,3,11,0,50,1835,1,27,5021,2
10314,1948,4,3,83837.0,0,0,2012-12-16,79,847,66,119,86,89,111,1,9,10,5,4,0,1,0,1,0,0,3,11,1,77,1318,0,24,4926,1
10854,1970,4,3,38853.0,1,1,2014-05-23,90,29,0,14,0,0,2,2,2,0,3,7,0,0,0,0,0,0,3,11,0,55,45,2,5,4403,3
10492,1959,2,5,38285.0,2,1,2014-06-24,96,2,0,5,2,0,1,1,0,0,3,2,0,0,0,0,0,0,3,11,0,66,10,3,3,4371,3
6935,1951,0,3,78497.0,0,0,2013-12-01,44,207,26,447,75,0,223,1,5,7,12,2,0,0,0,1,0,0,3,11,0,74,978,0,24,4576,1
7698,1976,4,3,51650.0,0,1,2014-05-11,81,152,3,22,2,5,7,1,4,1,4,5,0,0,0,0,0,0,3,11,0,49,191,1,9,4415,0
3559,1988,0,3,16248.0,1,0,2014-05-10,77,12,11,10,3,12,9,3,2,1,3,6,0,0,0,0,0,0,3,11,0,37,57,1,6,4416,0
10562,1946,3,3,66835.0,0,0,2013-09-28,21,620,26,195,34,17,141,1,6,4,13,2,0,0,0,0,0,0,3,11,0,79,1033,0,23,4640,1
10796,1984,3,3,30477.0,1,0,2014-01-22,16,47,1,6,0,0,12,1,1,1,3,6,0,0,0,0,0,0,3,11,0,41,66,1,5,4524,0
2563,1961,1,3,28249.0,0,0,2014-06-15,80,1,9,7,2,14,10,1,2,0,3,6,0,0,0,0,0,0,3,11,0,64,43,0,5,4380,0
3518,1983,2,3,25271.0,1,0,2012-12-05,45,10,1,18,10,4,7,1,1,1,2,9,0,0,0,0,0,0,3,11,0,42,50,1,4,4937,0
5823,1970,4,4,32303.0,0,1,2014-03-08,63,35,0,2,0,0,2,2,1,0,4,5,0,0,0,0,0,0,3,11,0,55,39,1,5,4479,0
3934,1966,2,3,61286.0,0,1,2013-08-02,34,356,0,107,19,9,117,2,7,1,8,5,0,0,0,0,0,0,3,11,0,59,608,1,16,4697,1
6982,1976,2,3,74068.0,0,0,2013-03-19,14,783,30,537,140,76,15,1,4,10,9,2,0,0,0,0,0,0,3,11,0,49,1581,0,23,4833,2
6431,1964,4,3,45759.0,1,1,2013-02-23,13,42,1,18,3,0,4,2,2,0,3,7,0,0,0,0,0,0,3,11,0,61,68,2,5,4857,3
9733,1978,1,5,24882.0,1,0,2012-09-09,52,1,4,10,29,0,36,1,1,1,2,6,1,0,0,0,0,0,3,11,0,47,80,1,4,5024,0
5602,1989,4,5,66973.0,0,0,2013-05-17,98,466,22,432,147,113,102,1,8,7,12,3,0,0,0,0,0,0,3,11,0,36,1282,0,27,4774,2
7829,1900,0,2,36640.0,1,0,2013-09-26,99,15,6,8,7,4,25,1,2,1,2,5,0,0,0,0,0,1,3,11,0,125,65,1,5,4642,3
1324,1988,2,3,38872.0,1,0,2013-05-30,93,23,3,21,3,19,22,2,3,0,3,8,0,0,0,0,0,0,3,11,0,37,91,1,6,4761,0
326,1973,2,3,51148.0,1,1,2013-02-18,38,235,6,45,8,9,12,4,5,1,6,6,0,0,0,0,0,0,3,11,0,52,315,2,12,4862,3
7224,1977,2,3,31353.0,1,1,2013-12-29,24,10,0,10,3,1,7,2,1,1,2,8,0,0,0,0,0,0,3,11,0,48,31,2,4,4548,3
6999,1980,3,3,69661.0,0,0,2014-05-13,80,656,16,106,32,16,8,1,7,3,12,3,0,0,0,0,0,0,3,11,0,45,834,0,22,4413,2
9938,1954,2,3,80067.0,0,0,2013-09-19,82,519,17,813,27,173,51,1,4,6,6,2,0,0,1,0,0,0,3,11,0,71,1600,0,16,4649,1
6422,1954,2,3,86718.0,0,0,2013-01-17,20,344,189,482,50,33,172,1,5,6,5,2,0,0,0,0,0,0,3,11,0,71,1270,0,16,4894,1
3182,1973,4,4,46854.0,1,1,2014-03-31,81,96,1,79,7,1,79,6,5,1,3,8,1,0,0,0,0,0,3,11,1,52,263,2,9,4456,3
7300,1952,2,2,69142.0,0,1,2014-06-29,50,448,4,34,6,4,39,3,8,1,7,5,0,1,0,0,0,0,3,11,0,73,535,1,16,4366,1
10424,1968,2,4,75922.0,0,0,2013-12-09,60,265,138,553,224,23,92,1,4,4,9,1,0,0,0,0,0,0,3,11,0,57,1295,0,17,4568,2
8727,1978,2,2,63693.0,0,1,2013-10-14,63,587,43,337,42,87,54,3,11,6,9,6,0,0,0,0,0,0,3,11,0,47,1150,1,26,4624,2
2798,1977,4,5,102160.0,0,0,2012-11-02,54,763,29,138,76,176,58,0,7,9,10,4,0,1,1,1,0,0,3,11,1,48,1240,0,26,4970,2
1030,1965,4,4,40637.0,1,1,2013-07-17,72,22,0,13,0,0,3,2,1,0,3,7,0,0,0,0,0,0,3,11,0,60,38,2,4,4713,3
624,1984,3,4,18890.0,0,0,2012-11-10,5,6,4,1,7,2,15,1,0,1,2,6,1,0,0,0,0,0,3,11,1,41,35,0,3,4962,0
5176,1988,2,5,29604.0,1,0,2013-12-08,88,7,6,13,7,6,14,1,1,0,3,9,1,0,0,0,0,0,3,11,0,37,53,1,4,4569,0
5552,1963,3,2,48721.0,1,1,2013-05-13,50,81,18,113,47,13,21,6,4,2,5,6,0,0,0,0,0,0,3,11,0,62,293,2,11,4778,3
868,1966,2,3,44794.0,0,1,2014-06-08,99,54,0,7,0,0,4,1,2,0,3,6,0,0,0,0,0,0,3,11,0,59,65,1,5,4387,0
380,1954,2,2,64497.0,0,1,2012-09-10,17,1170,48,320,42,32,192,5,11,4,9,8,1,0,0,0,0,0,3,11,1,71,1804,1,24,5023,1
2677,1956,2,5,46097.0,0,1,2013-03-31,11,72,24,68,65,4,8,5,3,1,6,4,0,0,0,0,0,0,3,11,0,69,241,1,10,4821,3
6521,1954,2,5,77972.0,0,0,2014-03-18,18,613,22,319,33,102,12,1,4,6,9,1,0,0,0,0,0,0,3,11,0,71,1101,0,19,4469,1
6927,1968,4,3,44377.0,1,1,2012-10-05,70,224,0,30,0,0,10,8,5,1,5,8,0,0,0,0,0,0,3,11,0,57,264,2,11,4998,3
2877,1974,3,5,46014.0,1,1,2013-01-21,21,410,0,59,19,9,44,10,7,1,8,7,0,0,0,0,0,0,3,11,0,51,541,2,16,4890,3
0,1985,2,3,70951.0,0,0,2013-05-04,66,239,10,554,254,87,54,1,3,4,9,1,0,0,0,0,0,0,3,11,0,40,1198,0,16,4787,2
1584,1977,2,3,41443.0,1,0,2014-04-01,79,171,7,171,25,19,89,6,8,1,5,8,0,0,0,0,0,0,3,11,0,48,482,1,14,4455,0
7264,1978,0,4,52195.0,2,1,2014-05-12,2,12,0,4,0,0,1,1,1,0,2,8,0,0,0,0,0,0,3,11,0,47,17,3,3,4414,3
6274,1948,3,3,83790.0,0,0,2013-11-15,81,1076,16,417,42,48,16,1,8,10,6,3,0,1,1,0,0,0,3,11,0,77,1615,0,24,4592,1
1377,1954,3,6,44551.0,0,1,2013-08-31,24,182,4,33,0,0,66,2,4,1,5,7,0,0,0,0,0,0,3,11,0,71,285,1,10,4668,3
454,1980,2,5,69508.0,1,0,2012-11-14,48,824,32,162,42,32,43,2,11,4,11,6,0,0,0,0,0,0,3,11,0,45,1135,1,26,4958,2
1755,1988,0,5,45204.0,1,0,2014-04-11,93,30,11,25,29,1,18,1,1,1,4,3,0,0,0,0,0,0,3,11,0,37,114,1,6,4445,0
2075,1969,2,3,72460.0,0,0,2013-11-14,56,377,10,540,80,30,10,1,3,5,7,1,0,0,0,0,0,0,3,11,0,56,1047,0,15,4593,2
4785,1970,4,5,77622.0,0,2,2014-04-14,3,520,7,154,19,0,14,2,6,3,11,3,0,0,0,0,0,0,3,11,0,55,714,2,20,4442,1
9076,1980,4,3,30732.0,1,0,2013-01-05,44,155,1,25,0,1,3,4,4,1,4,8,0,0,0,0,0,0,3,11,0,45,185,1,9,4906,0
7079,1962,2,2,63887.0,0,1,2012-09-08,38,897,23,207,15,11,92,5,9,6,12,6,0,0,0,0,0,0,3,11,0,63,1245,1,27,5025,1
4653,1978,2,5,42011.0,1,0,2013-03-26,46,131,0,16,2,1,39,4,3,1,4,8,0,0,0,0,0,0,3,11,0,47,189,1,8,4826,0
7375,1976,2,5,51369.0,0,1,2012-10-25,84,297,7,79,0,11,182,2,8,2,4,8,0,0,0,0,0,0,3,11,0,49,576,1,14,4978,0
709,1952,2,2,51537.0,0,1,2012-12-09,27,787,20,204,0,0,92,3,2,2,11,8,0,0,0,0,0,0,3,11,0,73,1103,1,15,4933,1
460,1972,4,3,79930.0,0,0,2012-08-08,72,792,86,740,67,51,17,1,3,5,8,2,0,0,0,0,0,0,3,11,0,53,1753,0,16,5056,2
3726,1986,4,5,34320.0,1,0,2014-02-16,66,4,1,9,3,0,0,1,1,0,2,8,0,0,0,0,0,0,3,11,0,39,17,1,3,4499,0
6798,1966,2,4,37070.0,1,1,2013-03-20,30,231,7,137,4,15,39,9,5,1,8,7,0,0,0,0,0,0,3,11,1,59,433,2,14,4832,3
5341,1962,0,2,81975.0,0,1,2013-01-05,2,983,76,184,180,138,27,1,6,3,4,7,0,0,1,0,0,0,3,11,0,63,1588,1,13,4906,1
1606,1971,2,5,38590.0,1,0,2013-05-15,65,3,1,8,4,3,3,1,1,0,2,8,0,0,0,0,0,0,3,11,0,54,22,1,3,4776,0
9617,1951,2,4,15033.0,0,0,2014-04-16,37,0,4,5,6,0,4,1,1,0,3,3,0,0,0,0,0,0,3,11,0,74,19,0,4,4440,0
3233,1965,4,3,62745.0,0,1,2013-03-23,89,562,21,464,28,10,32,3,7,8,11,5,0,0,0,0,0,0,3,11,0,60,1117,1,26,4829,1
89,1975,0,3,22212.0,1,0,2013-12-09,49,5,9,20,6,8,21,2,2,0,4,6,0,0,0,0,0,0,3,11,0,50,69,1,6,4568,0
2936,1982,3,5,23661.0,1,0,2013-12-04,46,18,0,4,0,0,1,1,1,0,3,7,0,0,0,0,0,0,3,11,0,43,23,1,4,4573,0
9449,1958,4,4,79761.0,0,1,2013-10-04,32,415,5,124,15,35,11,1,5,2,11,3,0,0,0,0,0,0,3,11,0,67,605,1,18,4634,1
7297,1973,2,4,7500.0,1,0,2013-12-26,54,5,3,10,12,7,20,4,3,1,3,7,0,0,0,0,0,0,3,11,0,52,57,1,7,4551,0
11004,1893,0,4,60182.0,0,1,2014-05-17,23,8,0,5,7,0,2,1,1,0,2,4,0,0,0,0,0,0,3,11,0,132,22,1,3,4409,1
313,1968,2,6,73455.0,0,0,2013-10-28,98,901,61,757,186,163,20,1,6,5,10,3,0,1,0,0,0,0,3,11,0,57,2088,0,21,4610,2
9940,1958,2,5,64961.0,0,1,2012-12-23,97,382,114,276,75,124,38,2,6,4,4,3,0,0,0,0,0,0,3,11,0,67,1009,1,14,4919,1
10735,1971,2,4,22804.0,1,0,2013-07-31,75,14,1,7,2,1,1,1,2,0,2,9,0,0,0,0,0,0,3,11,0,54,26,1,4,4699,0
9529,1990,2,3,73687.0,0,0,2013-11-28,8,559,153,503,218,13,181,1,3,9,9,2,0,0,0,1,0,0,3,11,1,35,1627,0,21,4579,2
6439,1958,2,3,61074.0,0,1,2012-08-17,37,789,0,133,0,28,152,7,11,5,8,7,0,0,0,0,0,0,3,11,0,67,1102,1,24,5047,1
7411,1964,4,3,31686.0,1,1,2014-06-05,31,11,0,5,0,0,1,2,1,0,3,6,0,0,0,0,0,0,3,11,0,61,17,2,4,4390,3
2176,1972,2,3,80134.0,1,0,2013-05-20,40,1218,16,272,104,0,80,2,5,3,6,6,0,1,1,1,0,0,3,11,1,53,1690,1,14,4771,2
9265,1953,2,3,75027.0,0,1,2013-01-09,74,925,64,179,133,12,77,2,9,4,6,5,0,0,0,0,0,0,3,11,0,72,1390,1,19,4902,1
8867,1988,4,3,67546.0,0,0,2012-08-31,90,864,134,768,150,38,172,1,4,10,5,3,0,0,0,0,0,0,3,11,0,37,2126,0,19,5033,2
8932,1969,3,5,65176.0,0,1,2012-10-29,57,960,28,183,220,70,70,4,9,6,6,6,0,0,0,0,0,0,3,11,0,56,1531,1,21,4974,2
10236,1975,3,4,31160.0,1,0,2013-09-16,59,16,3,25,6,1,13,2,2,0,3,8,0,0,0,0,0,0,3,11,0,50,64,1,5,4652,0
6340,1985,2,4,29938.0,1,0,2013-10-27,52,3,3,7,0,2,11,2,1,0,3,6,0,0,0,0,0,0,3,11,0,40,26,1,4,4611,0
10089,1974,2,2,102692.0,0,0,2013-04-05,5,168,148,444,32,172,148,1,6,9,13,2,0,1,1,1,1,0,3,11,1,51,1112,0,28,4816,2
2227,1958,0,5,26490.0,0,0,2012-09-22,92,45,47,52,21,20,25,2,3,1,5,6,0,0,0,0,0,0,3,11,0,67,210,0,9,5011,0
10992,1967,2,5,75702.0,1,1,2012-08-29,77,650,28,353,45,42,30,5,4,6,11,8,0,0,0,0,0,0,3,11,0,58,1148,2,21,5035,1
5304,1974,4,4,30899.0,1,0,2012-10-13,35,24,0,8,0,0,1,2,1,0,3,6,0,0,0,0,0,0,3,11,0,51,33,1,4,4990,0
309,1961,4,5,63342.0,0,1,2012-10-16,48,918,21,118,13,10,21,3,8,3,5,6,0,1,0,0,0,0,3,11,0,64,1101,1,16,4987,1
3406,1964,2,4,45989.0,0,1,2012-10-22,97,138,33,87,28,24,12,4,3,2,7,3,0,0,0,0,0,0,3,11,0,61,322,1,12,4981,3
2661,1964,2,4,18701.0,1,1,2013-06-04,95,12,4,2,10,6,10,4,2,0,4,5,0,0,0,0,0,0,3,11,0,61,44,2,6,4756,3
3153,1957,4,4,40737.0,2,1,2013-12-08,24,11,0,4,0,0,2,1,1,0,2,8,0,0,0,0,0,0,3,11,0,68,17,3,3,4569,3
10264,1979,2,2,15287.0,1,0,2012-10-10,60,1,2,8,4,3,13,2,1,1,2,7,1,0,0,0,0,0,3,11,1,46,31,1,4,4993,0
1184,1968,4,2,69674.0,0,2,2013-05-22,46,554,41,215,11,0,24,3,10,2,10,5,0,0,0,0,0,0,3,11,0,57,845,2,22,4769,1
4200,1970,3,3,44159.0,1,0,2014-06-17,85,167,2,62,24,13,7,4,4,1,6,5,0,0,0,0,0,0,3,11,0,55,275,1,11,4378,0
9396,1978,4,3,37717.0,1,0,2012-11-23,31,9,0,6,4,1,5,1,1,0,2,9,0,0,0,0,0,0,3,11,0,47,25,1,3,4949,0
2387,1952,3,5,43776.0,1,1,2013-02-03,9,177,2,71,3,2,20,6,5,2,4,8,0,0,0,0,0,0,3,11,1,73,275,2,11,4877,3
6690,1966,3,3,38179.0,1,1,2013-03-14,30,38,4,22,4,2,20,4,3,1,3,7,0,0,0,0,0,0,3,11,0,59,90,2,7,4838,3
1225,1963,2,3,80124.0,0,0,2014-06-26,47,483,84,398,205,84,241,1,3,7,8,1,1,0,0,0,0,0,3,11,0,62,1495,0,18,4369,2
9703,1970,4,3,38097.0,1,1,2012-10-15,70,77,2,35,0,1,69,4,3,2,2,7,1,0,0,0,0,0,3,11,1,55,184,2,7,4988,3
291,1970,2,3,72940.0,0,0,2013-06-19,13,182,74,298,162,149,116,1,3,3,6,1,0,0,0,0,0,0,3,11,0,55,981,0,12,4741,2
4557,1970,2,5,22070.0,1,0,2013-10-04,11,10,7,19,8,2,21,2,2,2,2,6,0,0,0,0,0,0,3,11,0,55,67,1,6,4634,0
2379,1953,2,4,69267.0,0,0,2012-09-22,31,778,44,499,95,73,146,2,3,4,5,7,0,0,0,0,0,0,3,11,1,72,1635,0,12,5011,1
5726,1983,3,4,31788.0,1,0,2014-03-20,15,16,7,23,0,8,6,3,3,0,4,5,0,0,0,0,0,1,3,11,0,42,60,1,7,4467,0
3066,1975,4,5,61905.0,0,1,2014-02-04,2,167,0,43,6,2,13,2,4,2,4,5,0,0,0,0,0,0,3,11,0,50,231,1,10,4511,0
6336,1960,2,3,29315.0,1,1,2014-04-06,55,13,2,14,8,7,4,4,2,0,4,6,0,0,0,0,0,0,3,11,0,65,48,2,6,4450,3
10967,1963,2,2,33378.0,1,1,2013-02-06,38,33,6,40,3,7,10,3,2,0,4,7,0,0,0,0,0,0,3,11,0,62,99,2,6,4874,3
2304,1963,4,5,66313.0,0,1,2013-09-16,86,625,7,99,10,22,7,2,6,3,12,4,0,0,0,0,0,0,3,11,0,62,770,1,21,4652,1
3445,1956,2,4,60714.0,0,0,2013-01-17,56,216,162,224,101,92,162,2,7,4,10,5,0,0,0,0,0,0,3,11,1,69,957,0,21,4894,1
7828,1981,3,5,77882.0,0,0,2014-04-30,29,68,129,396,188,22,15,1,3,3,5,1,0,0,0,0,0,0,3,11,0,44,818,0,11,4426,2
3762,1986,4,4,69867.0,0,0,2013-04-02,30,196,0,512,33,130,54,1,3,5,8,1,0,0,0,1,0,0,3,11,1,39,925,0,16,4819,2
4391,1968,3,2,63841.0,0,1,2013-04-21,64,635,15,100,20,7,131,1,9,3,9,6,0,0,0,0,0,0,3,11,0,57,908,1,21,4800,1
4669,1981,1,3,24480.0,1,0,2013-02-11,46,4,19,9,28,25,17,3,3,0,4,7,0,0,0,0,0,0,3,11,0,44,102,1,7,4869,0
10144,1976,2,5,51369.0,0,1,2012-10-25,84,297,7,79,0,11,182,2,8,2,4,8,0,0,0,0,0,0,3,11,0,49,576,1,14,4978,0
8652,1946,2,5,37760.0,0,0,2012-08-31,20,84,5,38,150,12,28,2,4,1,6,7,0,0,0,0,0,0,3,11,0,79,317,0,11,5033,1
1672,1974,4,5,65640.0,0,1,2014-03-01,74,204,7,149,20,15,66,1,5,1,8,2,0,0,0,0,0,0,3,11,0,51,461,1,14,4486,1
8962,1975,3,3,44319.0,1,1,2014-04-17,18,26,0,8,0,0,3,2,2,0,3,5,0,0,0,0,0,0,3,11,0,50,37,2,5,4439,3
9974,1974,2,3,30631.0,1,0,2013-07-12,75,15,6,20,4,5,20,1,3,1,2,7,0,0,0,0,0,0,3,11,0,51,70,1,6,4718,0
10983,1952,2,5,75278.0,0,0,2013-01-29,17,304,98,230,150,74,74,1,6,3,13,3,0,0,0,0,0,0,3,11,0,73,930,0,22,4882,1
8148,1956,3,5,50898.0,1,1,2013-01-08,88,285,28,242,55,114,135,13,6,2,12,5,0,0,0,0,0,0,3,11,0,69,859,2,20,4903,1
10102,1966,2,6,79946.0,0,0,2014-05-12,19,395,183,565,166,141,28,1,5,11,5,3,0,0,0,0,0,0,3,11,0,59,1478,0,21,4414,2
4697,1949,3,2,35416.0,0,0,2013-06-13,62,248,3,81,4,3,51,3,7,1,5,8,0,0,0,0,0,0,3,11,0,76,390,0,13,4747,1
9262,1984,0,5,32414.0,0,0,2013-07-04,11,20,6,5,0,9,12,1,1,0,3,7,1,0,0,0,0,0,3,11,0,41,52,0,4,4726,0
7254,1969,2,5,38361.0,1,0,2013-12-27,74,39,0,56,20,8,14,3,3,1,3,7,0,0,0,0,0,0,3,11,0,56,137,1,7,4550,0
4543,1980,2,3,82497.0,0,0,2012-10-31,32,777,129,573,216,21,203,1,2,7,9,4,0,0,1,0,0,0,3,11,0,45,1919,0,18,4972,2
4927,1971,2,5,16626.0,2,0,2014-01-15,76,8,3,22,21,1,13,3,3,0,3,9,0,0,0,0,0,0,3,11,0,54,68,2,6,4531,3
10451,1965,2,5,29672.0,1,1,2013-03-12,6,9,1,3,0,4,8,1,0,0,3,6,0,0,0,0,0,0,3,11,0,60,25,2,3,4840,3
2926,1952,3,5,55951.0,0,1,2012-08-23,62,1241,0,80,0,13,40,3,3,6,11,8,0,1,0,0,1,0,3,11,0,73,1374,1,20,5041,1
2874,1988,0,2,35388.0,1,0,2013-03-07,20,6,4,7,4,3,8,1,1,0,3,7,0,0,0,0,0,0,3,11,0,37,32,1,4,4845,0
9738,1986,3,5,42386.0,1,0,2013-01-13,43,65,4,16,0,4,11,1,3,0,3,8,0,0,0,0,0,0,3,11,0,39,100,1,6,4898,0
7119,1982,2,4,68627.0,0,0,2013-01-12,45,395,15,263,60,54,38,1,2,3,6,1,0,0,0,0,0,0,3,11,0,43,825,0,11,4899,2
3924,1965,4,2,57912.0,0,1,2014-03-17,34,801,0,80,0,0,35,5,8,3,12,5,0,1,0,0,0,0,3,11,0,60,916,1,23,4470,1
5827,1958,2,2,35246.0,1,1,2014-04-16,53,36,0,12,2,2,10,4,3,1,3,5,0,0,0,0,0,0,3,11,0,67,62,2,7,4440,3
5596,1956,0,5,58821.0,0,1,2013-10-12,44,513,14,154,19,0,28,1,9,2,9,6,0,0,0,0,0,0,3,11,0,69,728,1,20,4626,1
10812,1978,4,3,46377.0,1,0,2014-03-01,89,37,0,46,4,3,0,1,2,1,3,4,0,0,0,0,0,0,3,11,0,47,90,1,6,4486,0
1717,1988,2,4,39747.0,1,0,2014-04-13,43,80,15,93,20,13,52,3,5,1,4,8,0,0,0,0,0,0,3,11,0,37,273,1,10,4443,0
9491,1984,2,5,23976.0,1,0,2013-12-27,68,14,1,21,2,3,25,3,3,1,3,7,0,0,0,0,0,0,3,11,0,41,66,1,7,4550,0
9274,1961,3,3,80950.0,0,0,2013-03-28,44,525,147,112,219,147,63,1,6,7,9,2,0,0,0,1,0,0,3,11,0,64,1213,0,22,4824,1
6609,1966,2,6,27038.0,0,0,2012-09-18,64,1,26,25,17,23,15,1,3,0,3,9,0,0,0,0,0,0,3,11,1,59,107,0,6,5015,0
6963,1947,2,4,77457.0,0,0,2014-03-05,85,675,11,400,15,45,11,1,2,5,10,1,0,0,1,0,0,0,3,11,0,78,1157,0,17,4482,1
4440,1964,3,3,64100.0,0,1,2013-09-10,93,509,0,27,0,0,10,1,8,3,6,7,0,1,0,0,0,0,3,11,0,61,546,1,17,4658,1
1379,1992,3,5,42670.0,0,0,2013-04-27,12,154,2,46,20,4,15,1,4,2,4,4,0,0,0,0,0,0,3,11,0,33,241,0,10,4794,0
10032,1976,2,2,12571.0,1,0,2014-01-18,86,3,5,14,2,12,17,4,3,1,3,6,0,0,0,0,0,0,3,11,0,49,53,1,7,4528,0
2826,1967,2,3,22574.0,2,1,2013-10-28,28,25,0,8,2,0,2,2,2,0,3,7,0,0,0,0,0,0,3,11,0,58,37,3,5,4610,3
2437,1989,2,3,52247.25135379061,0,0,2013-06-03,69,861,138,461,60,30,61,1,6,5,12,3,0,1,0,1,0,0,3,11,0,36,1611,0,23,4757,2
6320,1976,3,4,70893.0,0,0,2013-02-06,42,768,44,561,77,44,14,1,6,6,10,3,0,0,0,0,0,0,3,11,0,49,1508,0,22,4874,2
3050,1966,2,3,54198.0,1,1,2013-12-17,13,185,0,28,3,2,17,6,3,1,6,4,0,0,0,0,0,0,3,11,0,59,235,2,10,4560,3
231,1956,3,5,28839.0,1,1,2014-03-11,86,24,0,7,0,0,1,2,2,0,3,5,0,0,0,0,0,0,3,11,0,69,32,2,5,4476,3
2392,1972,2,3,40321.0,1,1,2013-07-29,59,44,4,21,6,0,27,2,3,0,3,7,0,0,0,0,0,0,3,11,0,53,102,2,6,4701,3
9478,1985,2,4,66503.0,1,0,2012-08-14,30,91,64,128,65,3,50,2,4,3,6,3,0,0,0,0,0,0,3,11,0,40,401,1,13,5050,0
113,1951,2,3,30833.0,1,1,2013-07-16,33,11,0,7,3,1,6,2,1,0,3,5,0,0,0,0,0,0,3,11,0,74,28,2,4,4714,3
2863,1970,2,4,52247.25135379061,1,2,2013-08-23,67,738,20,172,52,50,20,6,2,3,10,7,0,1,0,1,0,0,3,11,0,55,1052,3,15,4676,3
1802,1971,2,3,64795.0,0,1,2013-01-17,23,412,5,119,38,29,77,3,3,3,12,2,0,0,0,0,0,0,3,11,0,54,680,1,18,4894,1
520,1974,2,3,34421.0,1,0,2013-07-01,81,3,3,7,6,2,9,1,1,0,2,7,0,0,0,0,0,0,3,11,0,51,30,1,3,4729,0
8275,1965,4,2,47025.0,1,1,2014-02-09,6,16,0,3,0,0,1,1,1,0,2,7,0,0,0,0,0,0,3,11,0,60,20,2,3,4506,3
9750,1961,4,2,64325.0,0,1,2013-02-07,41,731,60,353,78,12,73,5,10,3,5,7,0,0,0,0,0,0,3,11,0,64,1307,1,18,4873,1
2607,1953,2,4,40464.0,0,1,2013-01-11,78,424,17,118,7,23,41,6,8,2,8,8,0,0,0,0,0,0,3,11,0,72,630,1,18,4900,1
7214,1957,2,3,62187.0,0,0,2013-07-05,49,792,0,275,45,45,126,1,4,8,5,3,0,0,0,0,0,0,3,11,0,68,1283,0,17,4725,1
5835,1976,4,2,14849.0,1,0,2013-07-02,39,21,2,28,3,2,9,3,2,0,4,8,0,0,0,0,0,0,3,11,0,49,65,1,6,4728,0
3896,1984,2,3,27255.0,1,0,2013-11-07,3,22,1,11,0,1,2,1,1,0,3,7,0,0,0,0,0,0,3,11,0,41,37,1,4,4600,0
10350,1950,4,3,54432.0,2,1,2013-05-09,37,33,0,5,0,0,0,1,1,0,3,4,0,0,0,0,0,0,3,11,0,75,38,3,4,4782,3
7786,1986,4,4,29999.0,1,0,2013-02-13,22,68,7,59,10,5,11,4,3,1,4,8,0,0,0,0,0,0,3,11,0,39,160,1,8,4867,0
2861,1983,2,4,24072.0,1,0,2013-04-16,79,9,1,6,3,0,4,1,1,0,2,8,0,0,0,0,0,0,3,11,0,42,23,1,3,4805,0
663,1989,4,4,33996.0,0,0,2013-09-11,46,40,2,15,8,0,6,1,1,1,3,4,0,0,0,0,0,0,3,11,0,36,71,0,5,4657,0
10675,1956,4,3,66334.0,0,1,2013-04-03,82,909,11,218,0,0,23,2,9,3,5,5,0,0,0,0,0,0,3,11,1,69,1161,1,17,4818,1
2521,1971,3,3,35178.0,1,0,2013-01-10,10,23,1,13,2,2,18,1,1,1,2,7,1,0,0,0,0,0,3,11,1,54,59,1,4,4901,0
9592,1983,2,5,22010.0,1,0,2013-06-30,51,11,2,9,3,0,8,2,2,0,3,8,0,0,0,0,0,0,3,11,0,42,33,1,5,4730,0
10151,1960,2,2,62204.0,0,2,2012-09-12,38,317,46,247,151,46,139,1,4,5,12,3,0,0,0,0,0,0,3,11,0,65,946,2,21,5021,1
7381,1968,2,2,75693.0,0,0,2012-12-06,10,797,153,293,72,97,30,1,11,4,6,4,0,1,1,1,0,0,3,11,1,57,1442,0,21,4936,2
4099,1972,2,3,30675.0,1,0,2012-11-12,14,10,2,16,11,2,21,1,1,0,3,8,0,0,0,0,0,0,3,11,0,53,62,1,4,4960,0
9560,1965,2,5,83003.0,0,0,2013-03-03,18,856,61,570,40,25,122,1,7,6,8,3,0,0,1,0,0,0,3,11,1,60,1674,0,21,4849,2
1150,1899,4,5,83532.0,0,0,2013-09-26,36,755,144,562,104,64,224,1,4,6,4,1,0,0,1,0,0,0,3,11,0,126,1853,0,14,4642,1
10172,1988,2,4,68655.0,0,0,2012-08-10,95,456,19,832,75,118,38,1,4,5,11,3,0,0,0,0,0,0,3,11,0,37,1538,0,20,5054,2
11191,1986,2,2,41411.0,0,0,2013-12-07,11,37,32,38,11,3,18,1,2,1,4,6,0,0,0,0,0,0,3,11,0,39,139,0,7,4570,0
9707,1969,4,3,55212.0,0,1,2012-11-23,65,1103,0,45,0,0,34,3,4,2,11,8,0,1,0,0,1,0,3,11,0,56,1182,1,17,4949,1
6245,1950,4,5,59292.0,0,1,2013-06-13,71,378,14,68,19,14,14,2,3,5,8,3,0,0,0,0,0,0,3,11,0,75,507,1,16,4747,1
8234,1973,1,5,27190.0,1,0,2013-08-15,13,1,6,7,0,1,3,1,1,0,2,8,1,0,0,0,0,0,3,11,1,52,18,1,3,4684,0
1411,1952,2,2,82623.0,0,0,2013-11-10,58,204,34,204,172,153,173,1,2,9,4,1,0,0,0,0,0,0,3,11,0,73,940,0,15,4597,1
8553,1965,2,3,44300.0,1,1,2013-06-23,65,30,0,9,0,0,3,2,1,0,3,6,0,0,0,0,0,0,3,11,0,60,42,2,4,4737,3
1826,1970,2,2,84835.0,0,0,2014-06-16,0,189,104,379,111,189,218,1,4,4,6,1,0,0,0,0,0,0,3,11,1,55,1190,0,14,4379,2
8842,1971,2,6,30372.0,1,1,2012-12-25,33,15,0,12,7,3,7,3,2,0,3,7,0,0,0,0,0,0,3,11,0,54,44,2,5,4917,3
11030,1976,3,3,33181.0,1,0,2014-01-03,90,9,0,3,0,0,4,1,1,0,2,6,1,0,0,0,0,0,3,11,0,49,16,1,3,4543,0
2579,1957,2,3,71113.0,0,1,2013-12-17,95,495,33,255,11,33,8,4,6,7,9,4,0,0,0,0,0,0,3,11,0,68,835,1,22,4560,1
175,1986,2,3,71952.0,1,0,2013-01-10,93,656,80,455,52,107,93,2,8,4,8,4,1,0,1,0,0,0,3,11,0,39,1443,1,20,4901,2
9185,1966,4,4,69759.0,0,0,2013-10-28,38,452,20,514,13,30,0,3,4,6,5,3,0,0,0,0,0,0,3,11,1,59,1029,0,15,4610,1
11056,1974,2,3,72099.0,0,0,2012-10-27,18,546,91,410,119,0,22,1,3,4,10,1,0,0,0,0,0,0,3,11,0,51,1188,0,17,4976,2
9365,1976,4,4,60000.0,0,1,2012-12-22,57,1048,0,217,0,0,12,5,11,3,5,6,0,0,0,0,0,0,3,11,0,49,1277,1,19,4920,2
6201,1978,2,4,38643.0,1,1,2013-11-29,45,22,2,14,0,1,10,2,2,0,3,7,0,0,0,0,0,1,3,11,0,47,49,2,5,4578,3
2061,1955,2,3,50737.0,0,1,2013-05-11,61,78,0,11,0,0,10,1,2,0,4,6,0,1,0,0,0,0,3,11,0,70,99,1,6,4780,3
6184,1969,4,3,68462.0,0,0,2012-12-12,6,561,64,785,84,128,48,1,3,3,8,1,0,0,0,0,0,0,3,11,0,56,1670,0,14,4930,2
6142,1943,3,3,65073.0,0,0,2013-08-20,65,629,17,177,69,0,8,1,5,3,5,2,0,0,0,0,0,1,3,11,0,82,900,0,13,4679,1
4107,1948,4,5,46681.0,0,2,2013-10-08,52,269,15,69,15,19,38,2,4,6,4,5,0,0,0,0,0,0,3,11,0,77,425,2,14,4630,3
7274,1957,2,3,78618.0,0,0,2012-09-28,87,736,163,818,212,163,61,1,4,7,10,2,0,1,0,0,0,0,3,11,0,68,2153,0,21,5005,2
9336,1969,4,6,62187.0,0,1,2014-03-22,38,512,0,83,0,0,41,3,6,2,10,4,0,0,0,0,0,0,3,11,0,56,636,1,18,4465,1
2958,1978,2,3,28442.0,2,0,2014-02-24,53,19,3,10,11,8,6,3,2,1,4,4,0,0,0,0,0,0,3,11,0,47,57,2,7,4491,3
933,1978,4,3,37717.0,1,0,2012-11-23,31,9,0,6,4,1,5,1,1,0,2,9,0,0,0,0,0,0,3,11,0,47,25,1,3,4949,0
5837,1967,2,3,51479.0,1,1,2012-12-28,67,247,8,160,6,8,65,7,6,3,6,7,0,0,0,0,0,0,3,11,0,58,494,2,15,4914,3
10704,1969,2,4,54803.0,0,1,2012-08-21,65,404,0,92,28,27,142,2,6,2,9,4,0,0,0,0,0,0,3,11,0,56,693,1,17,5043,1
5125,1960,2,3,79530.0,0,0,2013-05-17,64,333,0,815,129,42,29,1,4,10,11,2,0,0,0,0,0,0,3,11,0,65,1348,0,25,4774,1
4432,1976,2,2,31615.0,1,0,2013-03-16,82,2,3,20,6,11,9,2,2,0,3,7,0,0,0,0,0,0,3,11,0,49,51,1,5,4836,0
5955,1962,2,5,72025.0,0,0,2012-11-17,27,833,33,549,151,133,233,1,4,3,8,3,0,0,0,0,0,0,3,11,0,63,1932,0,15,4955,2
2928,1975,4,4,52614.0,0,1,2012-12-01,63,789,0,142,12,9,38,2,2,4,8,8,0,0,0,0,0,0,3,11,0,50,990,1,14,4941,2
5680,1984,0,3,35684.0,1,0,2014-04-22,66,10,4,7,0,6,3,1,1,0,3,6,0,0,0,0,0,0,3,11,0,41,30,1,4,4434,0
10313,1975,2,3,48178.0,1,1,2012-10-28,69,159,4,45,6,2,38,6,5,1,4,8,0,0,0,0,0,0,3,11,0,50,254,2,10,4975,3
2557,1970,3,4,29548.0,1,0,2013-08-29,52,7,1,6,3,1,11,1,1,1,2,4,1,0,0,0,0,0,3,11,0,55,29,1,4,4670,0
1245,1966,2,4,63810.0,0,1,2012-11-11,45,977,12,253,16,12,101,4,4,3,12,8,0,1,0,0,0,0,3,11,0,59,1371,1,19,4961,1
1519,1972,4,4,38578.0,1,1,2013-06-22,2,38,4,22,3,3,3,3,3,0,3,8,0,0,0,0,0,0,3,11,1,53,73,2,6,4738,3
10703,1975,3,4,46098.0,1,1,2012-08-18,86,57,0,27,0,0,36,4,3,2,2,8,0,0,0,0,0,0,3,11,0,50,120,2,7,5046,3
1726,1970,2,4,22585.0,0,0,2013-03-18,23,3,9,15,13,2,39,1,1,1,2,9,1,0,0,0,0,0,3,11,1,55,81,0,4,4834,0
4459,1989,2,4,30279.0,1,0,2012-12-30,13,10,4,14,4,4,1,1,1,0,3,8,0,0,0,0,0,0,3,11,0,36,37,1,4,4912,0
1729,1961,4,5,66426.0,0,1,2013-10-02,14,1043,24,97,32,24,157,2,3,5,10,6,0,0,0,0,0,0,3,11,0,64,1377,1,18,4636,1
1517,1969,2,4,30822.0,1,0,2013-06-14,92,3,9,13,2,12,12,1,1,0,3,7,0,0,0,0,0,0,3,11,0,56,51,1,4,4746,0
2098,1969,4,3,33581.0,2,0,2013-01-08,38,11,0,5,0,0,1,1,1,0,2,8,0,0,0,0,0,0,3,11,0,56,17,2,3,4903,3
9543,1985,2,3,19986.0,1,0,2013-11-14,74,3,6,5,0,2,6,1,0,0,3,7,0,0,0,0,0,0,3,11,0,40,22,1,3,4593,0
6878,1954,2,6,27421.0,0,0,2012-12-12,14,43,12,96,78,40,55,3,4,1,6,7,0,0,0,0,0,0,3,11,0,71,324,0,11,4930,0
3310,1973,0,3,35688.0,2,1,2012-08-22,94,73,3,90,12,1,32,7,4,1,4,8,0,0,0,0,0,0,3,11,0,52,211,3,9,5042,3
2724,1981,3,4,36143.0,1,0,2014-03-30,33,12,0,1,0,0,6,1,0,1,2,3,0,0,0,0,0,0,3,11,0,44,19,1,3,4457,0
948,1971,2,4,10245.0,1,0,2013-05-15,32,4,7,7,6,4,13,3,1,2,2,5,0,0,0,0,0,0,3,11,0,54,41,1,5,4776,0
6720,1968,3,5,43795.0,0,1,2013-10-16,11,314,11,53,4,3,107,3,7,3,4,7,0,1,0,0,0,0,3,11,1,57,492,1,14,4622,0
6202,1960,2,5,63381.0,0,1,2012-10-05,78,571,50,142,33,50,159,4,4,5,13,2,0,0,0,0,0,0,3,11,0,65,1005,1,22,4998,1
2066,1949,2,5,38823.0,0,1,2012-08-30,56,70,0,11,2,8,23,1,2,1,3,6,0,0,0,0,0,0,3,11,0,76,114,1,6,5034,3
9799,1968,4,2,83664.0,1,1,2013-05-08,57,866,21,151,28,21,86,3,2,2,12,5,0,0,0,0,0,0,3,11,0,57,1173,2,16,4783,1
8318,1979,2,5,90300.0,0,0,2014-01-03,7,594,134,786,33,134,57,0,5,6,8,1,0,0,1,0,0,0,3,11,0,46,1738,0,19,4543,2
5642,1979,3,5,62499.0,1,0,2013-12-09,0,140,4,61,0,13,4,2,3,1,6,4,0,0,0,0,0,0,3,11,0,46,222,1,10,4568,0
2669,1993,2,4,74293.0,0,0,2014-05-04,66,375,152,335,93,91,81,1,5,4,6,2,0,0,0,0,0,0,3,11,0,32,1127,0,15,4422,2
455,1946,4,3,51012.0,0,0,2013-04-18,86,102,9,63,2,9,24,1,4,1,4,6,0,0,0,0,0,0,3,11,0,79,209,0,9,4803,1
7683,1968,3,3,70777.0,0,1,2014-02-25,80,554,35,113,0,7,78,3,5,3,12,3,0,0,0,0,0,0,3,11,0,57,787,1,20,4490,1
3428,1991,4,5,68682.0,0,0,2013-10-06,56,919,0,505,99,30,45,1,4,9,10,2,0,0,0,0,0,0,3,11,0,34,1598,0,23,4632,2
7414,1971,2,3,43824.0,1,1,2012-09-15,18,96,1,42,12,3,32,4,3,1,4,8,0,0,0,0,0,0,3,11,0,54,186,2,8,5018,3
6354,1984,2,5,15345.0,1,0,2012-08-31,51,5,2,16,3,2,19,2,1,1,2,8,0,0,0,0,0,0,3,11,1,41,47,1,4,5033,0
798,1987,2,4,23442.0,1,0,2012-12-24,71,2,0,6,8,6,5,1,1,0,3,7,0,0,0,0,0,0,3,11,0,38,27,1,4,4918,0
8213,1980,0,5,14515.0,1,0,2012-11-09,71,6,4,9,6,36,35,4,2,2,3,7,0,0,0,0,0,0,3,11,1,45,96,1,7,4963,0
2488,1956,0,2,31395.0,1,1,2013-03-23,80,23,1,25,0,8,7,4,2,1,3,6,0,0,0,0,0,0,3,11,0,69,64,2,6,4829,3
9999,1965,2,5,75276.0,0,0,2012-09-27,2,610,105,125,137,42,21,1,9,4,9,5,0,0,0,0,0,0,3,11,0,60,1040,0,22,5006,1
7617,1974,2,4,42373.0,1,1,2013-08-15,83,67,5,61,3,8,19,5,2,1,5,5,0,0,0,0,0,0,3,11,0,51,163,2,8,4684,3
615,1960,2,5,30507.0,0,0,2013-03-11,29,65,36,74,38,20,110,1,5,1,4,7,0,0,0,0,0,0,3,11,0,65,343,0,10,4841,0
2552,1955,4,4,55521.0,1,2,2013-10-22,11,416,0,26,0,0,4,9,6,3,6,7,0,1,0,0,0,0,3,11,1,70,446,3,15,4616,3
194,1965,2,3,48006.0,1,1,2014-06-09,55,23,0,11,3,2,2,1,1,0,3,6,0,0,0,0,0,0,3,11,0,60,41,2,4,4386,3
3645,1972,4,4,27213.0,1,0,2012-08-30,19,19,3,26,10,9,3,3,2,0,4,8,0,0,0,0,0,0,3,11,1,53,70,1,6,5034,0
8890,1971,4,2,65808.0,1,1,2014-05-30,1,155,7,80,13,7,10,3,5,1,5,6,0,0,0,0,0,0,3,11,0,54,272,2,11,4396,3
5049,1974,4,5,30351.0,1,0,2013-06-06,19,14,0,24,3,3,2,1,3,0,2,9,0,0,0,0,0,0,3,11,0,51,46,1,5,4754,0
9973,1963,2,3,50437.0,0,2,2012-10-17,28,370,9,92,6,9,4,3,7,1,8,7,0,0,0,0,0,0,3,11,0,62,490,2,16,4986,3
7301,1982,0,4,23616.0,1,0,2012-11-17,76,4,22,11,3,7,32,2,3,0,3,8,0,0,0,0,0,0,3,11,1,43,79,1,6,4955,0
10882,1976,2,3,53858.0,0,1,2012-11-09,50,407,53,221,58,150,26,4,4,3,6,4,0,0,0,0,0,0,3,11,0,49,915,1,13,4963,2
7030,1955,4,3,66465.0,0,1,2013-03-30,1,1200,0,204,38,29,14,3,11,9,12,6,0,0,0,1,0,0,3,11,0,70,1485,1,32,4822,1
7422,1987,2,4,46923.0,1,0,2012-08-22,90,85,44,54,102,78,6,3,5,1,7,7,0,0,0,0,0,0,3,11,0,38,369,1,13,5042,0
3523,1962,2,5,75072.0,0,1,2013-01-23,83,583,34,309,0,22,125,2,5,4,8,3,0,0,0,0,0,0,3,11,0,63,1073,1,17,4888,1
7106,1943,4,3,75865.0,0,0,2014-03-31,73,483,0,591,156,0,12,1,3,5,10,1,0,0,0,0,0,0,3,11,0,82,1242,0,18,4456,1
6504,1975,0,5,19789.0,1,0,2013-11-20,24,2,5,9,28,6,28,3,2,1,3,5,1,0,0,0,0,0,3,11,0,50,78,1,6,4587,0
5067,1994,2,5,80134.0,0,0,2014-02-14,11,966,26,282,52,26,26,1,2,7,11,5,0,1,1,1,1,0,3,11,0,31,1378,0,20,4501,2
4216,1981,2,4,91065.0,0,0,2013-02-22,33,822,114,108,179,137,114,1,7,9,9,3,0,0,1,1,0,0,3,11,1,44,1474,0,25,4858,2
8581,1971,3,3,49505.0,1,1,2013-03-05,4,604,0,100,19,0,28,9,10,2,8,8,0,0,0,0,0,0,3,11,0,54,751,2,20,4847,3
5929,1973,4,3,37401.0,1,0,2014-05-06,14,19,3,19,3,1,3,2,2,0,3,7,0,0,0,0,0,0,3,11,0,52,48,1,5,4420,0
3129,1983,2,3,30096.0,1,0,2014-05-22,30,5,3,11,12,5,9,1,2,0,3,6,0,0,0,0,0,0,3,11,0,42,45,1,5,4404,0
6528,1982,3,5,18492.0,1,0,2014-06-05,75,2,2,2,2,1,1,1,1,0,2,8,0,0,0,0,0,0,3,11,0,43,10,1,3,4390,0
1361,1974,3,3,82584.0,0,0,2013-06-04,26,1076,68,103,29,91,68,1,3,4,8,1,0,1,1,0,0,0,3,11,1,51,1435,0,15,4756,2
6932,1941,4,3,93027.0,0,0,2013-04-13,77,1285,42,716,55,0,21,0,7,10,5,2,0,0,1,0,0,0,3,11,0,84,2119,0,22,4808,1
7284,1953,2,3,48686.0,1,2,2013-12-04,8,10,0,7,2,0,1,1,1,0,2,8,0,0,0,0,0,0,3,11,0,72,20,3,3,4573,3
1340,1986,2,3,92910.0,0,0,2014-04-24,42,551,137,792,179,103,33,1,6,7,13,1,0,1,1,1,0,0,3,11,0,39,1795,0,26,4432,2
8746,1989,2,3,75433.0,1,0,2014-04-05,28,800,0,297,0,34,57,2,2,5,10,6,0,1,0,1,0,0,3,11,0,36,1188,1,17,4451,2
5987,1989,0,5,10404.0,1,0,2014-05-04,52,2,2,11,10,6,12,2,1,0,4,5,0,0,0,0,0,0,3,11,0,36,43,1,5,4422,0
3767,1968,2,3,61314.0,0,1,2013-04-25,1,378,0,189,97,172,172,2,5,5,12,3,0,0,0,0,0,0,3,11,0,57,1008,1,22,4796,1
3725,1961,4,4,84865.0,0,0,2013-05-09,1,1248,16,349,43,16,16,1,2,4,9,4,0,1,1,1,1,0,3,11,1,64,1688,0,15,4782,2
4324,1989,2,3,42387.0,1,0,2012-10-29,42,235,0,235,19,4,191,5,8,1,7,8,0,0,0,0,0,0,3,11,0,36,684,1,16,4974,0
238,1967,0,5,67309.0,1,1,2013-01-23,76,515,47,181,149,95,95,15,9,6,9,7,0,0,0,0,0,0,3,11,0,58,1082,2,24,4888,1
6694,1964,2,3,75236.0,0,1,2013-11-25,27,438,66,400,12,38,114,1,8,3,13,4,0,0,0,0,0,0,3,11,0,61,1068,1,24,4582,1
498,1970,2,4,30015.0,1,0,2014-02-02,28,25,0,22,2,3,5,2,1,0,4,5,0,0,0,0,0,0,3,11,0,55,57,1,5,4513,0
9347,1956,3,5,50943.0,0,1,2013-06-21,49,31,0,7,2,0,6,1,1,0,3,5,0,0,0,0,0,0,3,11,0,69,46,1,4,4739,3
9699,1966,2,2,67272.0,0,1,2013-12-21,12,357,35,271,28,28,14,3,6,2,12,5,0,0,0,0,0,0,3,11,0,59,733,1,20,4556,1
10664,1949,3,6,51529.0,0,1,2013-09-07,14,400,4,35,6,0,22,2,9,1,5,8,0,0,0,0,0,0,3,11,0,76,467,1,15,4661,1
5455,1971,4,3,32011.0,1,0,2013-08-22,89,99,0,15,2,1,5,3,2,1,4,7,0,0,0,0,0,0,3,11,0,54,122,1,7,4677,0
456,1986,0,3,7500.0,1,0,2013-02-07,96,1,11,5,4,6,9,2,2,0,3,8,0,0,0,0,0,0,3,11,0,39,36,1,5,4873,0
5012,1989,2,3,28691.0,1,0,2013-07-04,56,5,4,13,8,0,4,1,1,0,3,8,0,0,0,0,0,0,3,11,0,36,34,1,4,4726,0
7495,1948,4,3,56223.0,0,1,2013-12-20,72,77,28,31,16,0,4,2,2,1,5,4,0,0,0,0,0,0,3,11,0,77,156,1,8,4557,3
5029,1946,2,3,18100.0,0,0,2013-08-06,14,3,1,2,4,3,1,1,0,0,3,5,0,0,0,0,0,0,3,11,0,79,14,0,3,4693,0
10642,1989,2,4,30279.0,1,0,2012-12-30,13,10,4,14,4,4,1,1,1,0,3,8,0,0,0,0,0,0,3,11,0,36,37,1,4,4912,0
2106,1974,0,3,20130.0,0,0,2014-03-17,99,0,6,3,7,6,12,1,1,0,3,8,0,0,0,0,0,0,3,11,0,51,34,0,4,4470,0
10364,1959,2,2,23295.0,0,0,2013-07-13,72,0,0,1,2,12,5,1,1,0,2,8,0,0,0,0,0,0,3,11,0,66,20,0,3,4717,0
5954,1972,3,2,42618.0,1,0,2013-10-09,92,76,14,74,13,5,10,2,5,0,4,8,0,0,0,0,0,0,3,11,0,53,192,1,9,4629,0
1137,1964,2,4,81246.0,0,0,2013-12-29,87,398,190,537,61,156,37,1,4,5,7,1,1,0,0,1,0,0,3,11,0,61,1379,0,16,4548,2
2541,1976,2,3,24027.0,1,0,2013-06-09,7,14,7,11,11,0,5,2,2,0,3,8,0,0,0,0,0,0,3,11,0,49,48,1,5,4751,0
1142,1953,4,3,55707.0,0,1,2013-12-22,91,208,7,82,30,66,35,2,3,2,9,3,0,0,0,0,0,0,3,11,0,72,428,1,14,4555,1
2276,1955,2,4,57959.0,0,1,2013-05-02,71,430,16,322,43,24,33,5,4,7,11,3,0,0,0,0,0,0,3,11,0,70,868,1,22,4789,1
2807,1969,2,3,56796.0,0,1,2013-02-16,24,656,38,161,62,47,37,3,8,9,7,7,0,0,0,0,0,0,3,11,0,56,1001,1,24,4864,1
6471,1971,3,4,36230.0,1,0,2013-10-17,17,14,2,30,8,2,3,1,2,0,4,5,0,0,0,0,0,0,3,11,0,54,59,1,6,4621,0
6131,1980,0,3,70829.0,1,1,2013-12-01,87,141,70,106,72,19,23,2,4,2,8,3,0,0,0,0,0,0,3,11,0,45,431,2,14,4576,3
6233,1976,2,3,65991.0,0,1,2012-09-07,21,507,19,364,25,47,9,3,9,5,10,7,0,0,0,0,0,0,3,11,0,49,971,1,24,5026,2
4148,1972,2,3,38988.0,1,2,2012-08-20,90,164,24,103,12,3,42,7,5,1,6,8,0,0,0,0,0,0,3,11,0,53,348,3,12,5044,3
4947,1966,0,4,89572.0,0,0,2012-09-15,44,606,24,974,197,194,64,1,7,7,9,4,0,1,0,1,0,0,3,11,1,59,2059,0,23,5018,2
3225,1984,3,3,42207.0,1,0,2013-04-01,71,116,11,72,3,17,46,4,4,1,5,6,1,0,0,0,0,0,3,11,1,41,265,1,10,4820,0
7540,1952,2,3,50300.0,0,1,2014-05-25,52,143,15,60,24,23,5,2,2,1,8,2,0,0,0,0,0,0,3,11,0,73,270,1,11,4401,3
10648,1982,0,5,66664.0,0,0,2012-09-25,78,398,96,447,220,96,32,1,5,7,6,3,0,0,0,0,0,0,3,11,0,43,1289,0,18,5008,2
1992,1964,2,3,60597.0,0,1,2014-01-01,2,522,0,257,32,16,66,4,2,2,8,7,0,0,0,1,0,0,3,11,1,61,893,1,12,4545,1
7851,1949,2,6,70165.0,0,0,2013-09-22,60,161,0,253,199,191,122,1,3,7,11,1,0,0,0,0,0,0,3,11,0,76,926,0,21,4646,1
8594,1958,4,6,50520.0,0,1,2014-01-28,25,112,0,6,2,1,14,2,3,1,3,6,0,0,0,0,0,0,3,11,0,67,135,1,7,4518,3
7059,1963,2,3,80124.0,0,0,2014-06-26,47,483,84,398,205,84,241,1,3,7,8,1,1,0,0,0,0,0,3,11,0,62,1495,0,18,4369,2
2815,1975,2,3,33183.0,1,0,2014-02-24,46,7,5,39,17,15,37,2,4,0,3,7,0,0,0,0,0,0,3,11,0,50,120,1,7,4491,0
2416,1969,4,4,66582.0,0,0,2014-03-03,83,789,25,420,16,38,0,1,2,8,9,1,0,0,0,0,0,0,3,11,0,56,1288,0,19,4484,2
7999,1955,4,5,75261.0,0,0,2013-04-23,17,1239,17,413,23,34,17,1,5,6,5,2,0,1,1,0,0,0,3,11,1,70,1743,0,16,4798,1
9213,1970,2,6,31880.0,1,0,2012-10-31,13,4,1,5,2,0,3,1,1,0,2,8,0,0,0,0,0,0,3,11,0,55,15,1,3,4972,0
9697,1951,2,3,53790.0,0,2,2014-03-06,86,335,42,127,28,5,5,3,7,2,8,6,0,0,0,0,0,0,3,11,0,74,542,2,17,4481,3
3916,1971,4,5,49269.0,1,0,2012-08-15,92,639,8,166,11,8,58,3,7,3,12,7,0,0,0,0,0,0,3,11,0,54,890,1,22,5049,1
2021,1975,2,3,61456.0,0,1,2013-03-27,47,563,76,384,84,192,89,4,6,10,13,4,0,0,0,0,0,0,3,11,0,50,1388,1,29,4825,2
1581,1980,2,3,37406.0,1,0,2013-10-10,18,2,0,8,2,2,3,1,1,0,2,8,0,0,0,0,0,0,3,11,1,45,17,1,3,4628,0
564,1981,4,5,56937.0,1,0,2012-08-04,81,746,8,125,11,8,8,7,8,6,9,6,0,1,0,0,0,0,3,11,1,44,906,1,23,5060,2
6619,1978,2,3,38415.0,1,1,2013-01-02,91,22,1,13,4,0,4,2,1,0,3,7,0,0,0,0,0,0,3,11,0,47,44,2,4,4909,3
9081,1988,2,4,20518.0,1,0,2014-05-18,58,4,1,6,4,1,9,1,1,1,2,5,0,0,0,0,0,0,3,11,0,37,25,1,4,4408,0
178,1956,2,3,62503.0,0,1,2013-02-18,40,478,0,193,110,75,117,4,8,3,11,5,0,0,0,0,0,0,3,11,0,69,973,1,22,4862,1
916,1972,4,4,41644.0,1,1,2014-05-09,67,20,3,4,2,0,2,2,1,0,3,3,0,0,0,0,0,0,3,11,0,53,31,2,4,4417,3
5512,1977,3,3,55842.0,0,1,2014-05-23,19,451,0,39,0,4,24,1,7,1,8,5,0,0,0,0,0,0,3,11,0,48,518,1,16,4403,0
8970,1972,4,3,62010.0,0,1,2012-10-23,93,371,22,39,6,0,92,4,6,2,7,5,0,0,0,0,0,0,3,11,0,53,530,1,15,4980,1
10581,1977,2,3,41124.0,1,0,2012-10-31,41,281,7,84,15,0,119,7,7,3,4,8,0,0,0,0,0,0,3,11,0,48,506,1,14,4972,0
5300,1973,3,3,38961.0,1,0,2013-12-30,60,19,7,19,0,1,24,1,2,1,2,7,0,0,0,0,0,0,3,11,0,52,70,1,5,4547,0
5154,1972,3,2,37760.0,1,0,2013-08-11,54,26,3,13,2,10,0,1,2,0,3,6,0,0,0,0,0,0,3,11,0,53,54,1,5,4688,0
8346,1974,2,4,32233.0,1,0,2012-08-19,26,138,15,35,25,11,72,2,6,2,2,9,1,0,0,0,0,0,3,11,1,51,296,1,10,5045,0
1676,1975,2,3,43057.0,0,1,2013-10-30,30,213,2,44,0,2,5,4,4,2,5,5,0,0,0,0,0,0,3,11,0,50,266,1,11,4608,0
9286,1960,3,5,83151.0,0,0,2012-10-10,93,407,28,100,120,74,18,1,5,9,4,3,0,0,0,0,0,0,3,11,0,65,747,0,18,4993,1
2426,1964,4,2,78825.0,0,0,2012-09-14,35,483,74,114,169,37,18,1,5,10,13,3,0,0,0,0,0,0,3,11,1,61,895,0,28,5019,1
5172,1976,3,5,65104.0,0,1,2013-11-14,4,738,0,232,13,20,50,2,3,5,7,7,0,0,0,0,0,0,3,11,0,49,1053,1,15,4593,2
5562,1974,2,3,60093.0,0,1,2013-06-26,92,502,12,109,16,6,90,2,7,2,10,6,0,0,0,0,0,0,3,11,0,51,735,1,19,4734,1
3436,1969,2,3,14045.0,1,0,2014-01-26,24,11,0,5,2,1,1,1,1,0,3,7,0,0,0,0,0,0,3,11,0,56,20,1,4,4520,0
3921,1952,0,6,28457.0,0,0,2012-10-28,96,24,1,108,29,29,14,1,4,1,4,8,0,0,0,0,0,0,3,11,0,73,205,0,9,4975,0
3403,1958,4,5,78952.0,0,1,2012-09-24,11,1170,19,594,99,76,134,2,2,5,12,6,0,0,0,0,0,0,3,11,0,67,2092,1,19,5009,1
22,1976,2,2,46310.0,1,0,2012-12-03,99,185,2,88,15,5,14,2,6,1,5,8,0,0,0,0,0,0,3,11,0,49,309,1,12,4939,0
10965,1955,2,5,76005.0,0,0,2013-02-22,72,983,20,389,240,50,40,1,3,5,13,6,0,0,0,1,0,0,3,11,0,70,1722,0,21,4858,1
9426,1964,3,4,58308.0,0,1,2013-01-12,77,691,0,69,10,0,130,4,2,6,3,8,0,0,0,0,0,0,3,11,0,61,900,1,11,4899,1
6605,1944,4,2,55614.0,0,0,2013-11-27,85,504,13,131,8,0,26,1,9,4,6,7,0,1,0,0,0,0,3,11,0,81,682,0,19,4580,1
3136,1962,3,2,59432.0,0,1,2013-04-13,88,317,25,265,25,19,12,3,5,3,11,5,0,0,0,0,0,0,3,11,0,63,663,1,19,4808,1
8737,1978,2,2,55563.0,0,1,2014-04-05,22,29,1,9,2,0,2,1,2,0,3,3,0,0,0,0,0,0,3,11,0,47,43,1,5,4451,0
11088,1971,4,5,78642.0,0,1,2013-04-21,83,1396,0,322,46,35,17,1,4,9,4,6,0,0,0,0,0,0,3,11,0,54,1816,1,17,4800,2
716,1949,4,5,67911.0,0,1,2014-05-22,63,529,0,356,63,28,0,3,6,7,11,3,0,0,0,0,0,0,3,11,0,76,976,1,24,4404,1
466,1944,2,3,65275.0,0,0,2013-04-03,9,388,14,218,91,14,21,1,4,3,13,2,0,0,0,0,0,0,3,11,0,81,746,0,20,4818,1
9135,1950,2,5,27203.0,1,1,2012-08-06,92,13,2,21,4,0,24,2,1,1,2,8,0,0,0,0,0,0,3,11,0,75,64,2,4,5058,3
10623,1961,3,5,48330.0,0,1,2013-11-15,2,28,0,4,0,0,0,1,1,0,3,5,0,0,0,0,0,0,3,11,0,64,32,1,4,4592,3
8151,1990,1,3,24279.0,0,0,2012-12-29,6,16,36,21,20,62,108,1,4,1,3,8,0,0,0,0,0,0,3,11,0,35,263,0,8,4913,0
5140,1985,4,3,64355.0,1,0,2012-08-24,66,1047,0,140,67,38,153,2,4,3,12,8,0,0,0,0,0,0,3,11,0,40,1445,1,19,5040,2
10160,1956,3,5,50943.0,0,1,2013-06-21,49,31,0,7,2,0,6,1,1,0,3,5,0,0,0,0,0,0,3,11,0,69,46,1,4,4739,3
4945,1953,2,6,53653.0,0,0,2012-11-07,29,815,10,239,28,10,108,2,10,4,12,6,0,0,0,0,0,0,3,11,0,72,1210,0,26,4965,1
10584,1976,2,3,65665.0,0,1,2013-12-02,77,225,162,387,106,36,29,1,5,10,8,3,0,0,0,0,0,0,3,11,0,49,945,1,23,4575,2
6071,1989,2,4,81217.0,0,0,2013-07-19,77,493,70,324,146,40,84,1,3,7,11,1,0,0,0,0,0,0,3,11,0,36,1157,0,21,4711,2
3386,1992,2,3,34935.0,0,0,2013-06-21,71,34,4,66,3,10,20,1,2,1,4,7,0,0,0,0,0,0,3,11,0,33,137,0,7,4739,0
8939,1959,2,2,61250.0,0,1,2012-12-16,49,382,138,65,60,26,59,6,5,2,12,5,0,0,0,0,0,0,3,11,0,66,730,1,19,4926,1
9925,1981,4,5,39665.0,1,0,2013-05-25,97,127,1,56,0,1,31,3,4,2,3,7,1,0,0,0,0,0,3,11,0,44,216,1,9,4766,0
4320,1979,2,4,60152.0,0,1,2013-03-28,6,325,83,300,86,58,91,1,6,4,12,3,0,0,0,0,0,0,3,11,0,46,943,1,22,4824,2
5389,1964,2,3,48920.0,0,2,2013-10-20,93,238,17,68,8,10,6,3,6,2,5,7,0,1,0,0,0,0,3,11,0,61,347,2,13,4618,3
6036,1959,3,5,89120.0,0,0,2014-03-17,78,1168,92,408,72,129,55,1,5,6,7,1,0,0,1,0,0,0,3,11,0,66,1924,0,18,4470,2
182,1946,4,5,44124.0,0,1,2013-05-11,62,284,0,55,0,6,52,4,6,2,5,8,0,0,0,0,0,0,3,11,0,79,397,1,13,4780,1
203,1975,3,4,81169.0,0,0,2013-04-14,47,1288,20,613,80,61,27,1,5,7,9,2,0,0,0,0,0,0,3,11,0,50,2089,0,21,4807,2
11025,1961,2,3,36443.0,1,1,2013-02-03,9,65,0,46,4,3,20,4,3,1,3,8,0,0,0,0,0,0,3,11,0,64,138,2,7,4877,3
10203,1990,2,4,26095.0,1,0,2013-06-30,77,11,7,9,3,1,11,1,1,0,3,7,0,0,0,0,0,0,3,11,0,35,42,1,4,4730,0
4607,1959,2,5,71367.0,0,0,2013-08-23,24,227,23,389,42,21,75,1,4,5,7,2,0,0,0,0,0,0,3,11,0,66,777,0,16,4676,1
3711,1944,3,3,80184.0,0,0,2014-03-01,19,1035,134,670,25,38,0,1,6,3,10,3,0,0,1,1,0,0,3,11,0,81,1902,0,19,4486,1
3696,1965,2,2,30630.0,1,1,2014-01-27,67,27,1,12,2,0,10,2,2,0,3,7,0,0,0,0,0,0,3,11,0,60,52,2,5,4519,3
2532,1987,3,4,73454.0,0,0,2014-03-01,95,982,73,351,56,14,175,1,2,4,6,5,1,0,0,0,0,0,3,11,0,38,1651,0,12,4486,2
9214,1991,2,3,42691.0,0,0,2013-08-16,48,179,2,64,38,17,58,1,5,1,6,5,0,0,0,0,0,0,3,11,0,34,358,0,12,4683,0
4943,1953,2,3,70503.0,0,0,2012-09-30,73,1379,33,216,0,33,66,1,2,4,9,6,0,1,1,0,0,0,3,11,0,72,1727,0,15,5003,1
35,1987,2,3,25545.0,1,0,2012-09-08,35,32,1,64,16,12,85,3,2,2,3,6,0,0,0,0,0,0,3,11,1,38,210,1,7,5025,0
2258,1986,2,3,32880.0,1,0,2012-12-04,76,8,4,15,7,6,2,1,1,0,3,8,0,0,0,0,0,0,3,11,0,39,42,1,4,4938,0
4322,1958,4,5,77863.0,0,0,2013-11-27,20,881,38,319,16,25,12,1,4,5,10,2,0,0,0,0,0,0,3,11,0,67,1291,0,19,4580,1
713,1977,3,3,50353.0,0,0,2014-06-08,72,141,15,153,67,31,35,1,4,4,6,3,0,0,0,0,0,0,3,11,0,48,442,0,14,4387,0
4702,1964,2,4,61839.0,0,0,2012-08-12,20,1000,155,379,224,17,120,1,4,8,4,8,0,0,0,0,0,0,3,11,0,61,1895,0,16,5052,2
3281,1960,4,3,49154.0,1,1,2013-11-03,69,206,10,67,30,27,71,6,4,1,8,6,0,0,0,0,0,0,3,11,0,65,411,2,13,4604,3
702,1975,0,6,47682.0,0,1,2013-02-15,80,162,61,83,97,57,61,4,4,3,8,5,0,0,0,0,0,0,3,11,0,50,521,1,15,4865,0
2004,1969,2,4,72679.0,0,1,2013-09-18,65,619,54,260,127,54,54,1,4,7,5,1,0,0,0,0,0,0,3,11,0,56,1168,1,16,4650,1
4769,1977,3,5,57954.0,1,1,2014-06-18,52,456,4,24,0,0,9,7,8,2,6,7,0,1,0,0,0,0,3,11,0,48,493,2,16,4377,3
4437,1962,2,3,65316.0,1,1,2013-04-24,65,112,6,92,3,9,38,2,3,2,5,4,0,0,0,0,0,0,3,11,0,63,260,2,10,4797,3
8724,1982,2,4,28567.0,1,0,2013-06-17,57,11,3,22,2,2,6,2,2,0,3,6,0,0,0,0,0,0,3,11,0,43,46,1,5,4743,0
10741,1951,3,5,47352.0,0,1,2013-04-11,70,172,12,112,8,0,15,4,6,1,5,7,0,0,0,0,0,0,3,11,0,74,319,1,12,4810,3
1991,1967,2,5,44931.0,0,1,2014-01-18,0,78,0,11,0,0,7,1,2,1,3,5,0,0,0,0,0,0,3,11,0,58,96,1,6,4528,0
6931,1967,2,2,76982.0,0,0,2014-02-15,19,464,151,292,65,60,30,1,8,3,4,4,0,0,1,0,0,0,3,11,1,58,1062,0,15,4500,2
11096,1952,0,5,57247.0,0,1,2013-08-08,50,99,4,32,37,54,6,2,2,1,7,2,0,0,0,0,0,0,3,11,0,73,232,1,10,4691,3
304,1981,3,4,22944.0,1,0,2013-12-23,67,19,3,19,4,5,26,3,3,0,3,7,0,0,0,0,0,0,3,11,0,44,76,1,6,4554,0
3665,1977,0,5,25315.0,1,0,2013-11-07,46,1,9,8,11,3,22,3,3,0,3,8,0,0,0,0,0,0,3,11,0,48,54,1,6,4600,0
10591,1969,2,6,43638.0,0,1,2012-08-06,37,63,10,83,7,19,19,2,4,1,4,7,0,0,0,0,0,0,3,11,0,56,201,1,9,5058,0
5036,1984,4,4,42710.0,1,0,2012-11-28,38,252,3,42,4,3,102,2,4,5,3,6,0,0,0,0,0,0,3,11,0,41,406,1,12,4944,0
5547,1982,4,3,84169.0,0,0,2013-08-07,9,1478,19,403,0,19,0,1,7,6,6,3,0,1,1,0,0,0,3,11,1,43,1919,0,19,4692,2
7822,1976,2,5,54058.0,0,1,2013-06-04,56,198,18,252,32,108,54,2,4,6,8,3,0,0,0,0,0,0,3,11,0,49,662,1,18,4756,1
8541,1990,0,3,24683.0,1,0,2014-03-08,98,8,4,10,6,7,6,2,2,0,4,5,0,0,0,0,0,0,3,11,0,35,41,1,6,4479,0
10955,1964,2,6,85620.0,0,0,2014-01-07,68,416,46,925,60,107,46,1,3,6,4,1,0,0,0,0,0,0,3,11,1,61,1600,0,13,4539,2
4368,1980,2,3,47850.0,1,0,2013-12-03,72,42,7,43,20,12,10,1,3,0,4,6,0,0,0,0,0,0,3,11,0,45,134,1,7,4574,0
9671,1968,2,3,19514.0,1,1,2014-01-26,47,14,3,21,2,1,28,4,3,1,2,8,1,0,0,0,0,0,3,11,1,57,69,2,6,4520,3
2256,1973,3,3,27159.0,1,1,2014-03-29,33,17,0,3,0,0,1,2,1,0,3,6,0,0,0,0,0,0,3,11,0,52,21,2,4,4458,3
4279,1963,0,4,39548.0,1,1,2014-03-31,87,15,4,10,3,4,18,2,1,1,3,3,0,0,0,0,0,0,3,11,0,62,54,2,5,4456,3
5371,1989,2,4,21474.0,1,0,2014-04-08,0,6,16,24,11,0,34,2,3,1,2,7,1,0,0,0,0,0,3,11,1,36,91,1,6,4448,0
9240,1971,4,4,60504.0,0,1,2014-02-07,73,458,0,24,6,4,34,2,6,2,8,6,0,0,0,0,0,0,3,11,0,54,526,1,16,4508,1
9460,1963,2,3,22419.0,0,0,2013-04-18,74,30,3,47,19,21,42,1,3,2,2,8,0,0,0,0,0,0,3,11,0,62,162,0,7,4803,0
9504,1949,3,3,81698.0,0,0,2013-11-06,4,179,28,520,111,123,47,1,3,8,13,1,0,0,0,0,0,0,3,11,1,76,1008,0,24,4601,1
8692,1952,2,5,43462.0,1,1,2012-09-12,50,90,17,97,15,6,15,6,4,1,5,8,0,0,0,0,0,0,3,11,0,73,240,2,10,5021,3
448,1978,4,4,54880.0,1,0,2013-03-01,57,308,85,137,102,45,118,2,6,2,11,5,0,0,0,0,0,0,3,11,0,47,795,1,19,4851,2
8314,1982,2,3,79908.0,0,0,2013-04-05,30,557,129,761,29,185,111,1,5,6,7,2,0,0,1,0,0,0,3,11,0,43,1772,0,18,4816,2
8420,1970,0,3,15315.0,0,0,2013-08-03,27,7,4,13,15,8,17,2,2,0,4,5,0,0,0,0,0,0,3,11,0,55,64,0,6,4696,0
3174,1959,2,5,87771.0,0,1,2013-05-22,61,1492,38,287,50,57,33,1,5,10,4,6,0,1,1,1,1,0,3,11,1,66,1957,1,19,4769,1
7685,1978,2,3,33039.0,1,0,2013-09-09,4,30,8,12,8,8,12,1,2,0,4,5,0,0,0,0,0,0,3,11,0,47,78,1,6,4659,0
3179,1980,2,4,81741.0,0,0,2013-06-16,75,249,153,940,58,134,38,0,6,6,7,2,0,0,0,0,0,0,3,11,0,45,1572,0,19,4744,2
9780,1971,3,5,71499.0,0,1,2013-06-25,12,465,25,132,136,0,37,2,8,3,13,4,0,0,0,0,0,0,3,11,0,54,795,1,24,4735,1
10681,1970,0,3,62466.0,0,1,2014-01-15,13,129,129,259,168,121,83,5,6,3,12,4,0,0,0,0,0,0,3,11,0,55,889,1,21,4531,1
10232,1963,4,2,48799.0,0,1,2013-11-05,9,174,18,81,28,6,24,3,3,2,7,3,0,0,0,0,0,0,3,11,0,62,331,1,12,4602,3
4184,1950,4,5,52157.0,0,1,2014-06-07,48,189,2,29,3,2,40,2,3,2,5,4,0,0,0,0,0,0,3,11,0,75,265,1,10,4388,3
9120,1962,2,4,66565.0,0,1,2012-12-05,80,747,10,161,65,40,42,4,4,2,9,8,0,0,0,0,0,0,3,11,0,63,1065,1,15,4937,1
891,1951,3,5,29298.0,1,1,2013-09-07,60,6,0,2,2,0,1,1,1,0,2,5,0,0,0,0,0,0,3,11,0,74,11,2,3,4661,3
10381,1979,2,4,47691.0,0,1,2013-07-05,43,14,0,3,0,0,4,1,1,0,2,6,0,0,0,0,0,0,3,11,0,46,21,1,3,4725,0
3525,1970,2,5,38200.0,1,1,2012-12-07,19,12,0,4,0,0,1,1,1,0,2,7,0,0,0,0,0,0,3,11,0,55,17,2,3,4935,3
6818,1974,2,3,44989.0,0,1,2012-09-12,26,98,0,106,49,10,106,5,5,1,5,6,0,0,0,0,0,0,3,11,0,51,369,1,11,5021,0
3526,1968,4,3,38443.0,1,1,2014-01-27,58,32,0,5,0,0,1,2,1,0,3,7,0,0,0,0,0,0,3,11,0,57,38,2,4,4519,3
8181,1978,0,4,38593.0,1,0,2013-09-13,42,51,12,49,17,24,24,3,4,1,3,8,0,0,0,0,0,0,3,11,0,47,177,1,8,4655,0
1029,1970,4,5,64413.0,0,1,2013-08-01,27,200,5,44,0,10,20,1,5,1,5,5,0,0,0,0,0,0,3,11,0,55,279,1,11,4698,0
7369,1981,3,3,36959.0,1,0,2013-10-02,56,25,6,25,6,0,0,2,2,0,3,8,0,0,0,0,0,0,3,11,0,44,62,1,5,4636,0
2574,1977,4,3,61996.0,0,1,2013-01-31,27,1050,12,144,0,0,24,3,6,4,8,5,0,1,0,1,1,0,3,11,1,48,1230,1,18,4880,2
8159,1968,2,3,51287.0,1,1,2014-04-01,10,117,0,22,13,0,30,3,4,1,3,7,0,0,0,0,0,0,3,11,0,57,182,2,8,4455,3
1160,1970,2,3,13260.0,1,1,2013-08-23,48,9,4,17,10,2,7,4,3,0,3,8,0,0,0,0,0,0,3,11,0,55,49,2,6,4676,3
10242,1966,4,5,47472.0,1,1,2013-09-16,39,56,0,11,0,0,8,2,2,0,4,5,0,0,0,0,0,0,3,11,0,59,75,2,6,4652,3
5253,1956,3,5,54603.0,1,1,2013-07-09,85,145,13,46,17,2,4,6,4,2,4,7,0,0,0,0,0,0,3,11,0,69,227,2,10,4721,3
5966,1974,4,3,45207.0,1,1,2012-11-10,64,203,0,10,0,0,2,5,3,1,6,6,0,1,0,0,0,0,3,11,0,51,215,2,10,4962,3
5314,1951,2,5,40689.0,0,1,2013-03-18,69,270,3,27,39,6,99,7,7,1,5,8,0,0,0,0,0,0,3,11,0,74,444,1,13,4834,1
5081,1967,0,5,47821.0,1,1,2013-10-20,54,9,0,16,6,6,10,1,1,0,3,8,0,0,0,0,0,0,3,11,0,58,47,2,4,4618,3
5123,1951,3,3,27450.0,0,0,2013-04-15,57,37,12,23,8,11,52,1,2,1,3,7,0,0,0,0,0,0,3,11,0,74,143,0,6,4806,0
5756,1983,2,5,39453.0,1,0,2014-04-03,64,46,0,7,0,0,2,2,2,0,3,6,0,0,0,0,0,0,3,11,0,42,55,1,5,4453,0
8036,1971,0,5,26850.0,1,1,2014-04-18,10,31,1,13,7,2,9,4,2,1,4,4,0,0,0,0,0,0,3,11,0,54,63,2,7,4438,3
9058,1955,2,6,79800.0,0,0,2012-09-23,65,1060,21,530,32,0,224,1,5,11,5,3,1,0,1,1,0,0,3,11,1,70,1867,0,21,5010,1
5057,1961,3,3,61794.0,0,1,2013-09-14,74,264,47,188,54,47,11,2,4,4,10,2,0,0,0,0,0,0,3,11,0,64,611,1,18,4654,1
254,1955,2,5,53863.0,0,1,2014-05-17,4,399,4,30,6,4,30,3,7,1,7,7,0,1,0,0,0,0,3,11,0,70,473,1,15,4409,1
4179,1959,2,5,24221.0,0,0,2013-08-20,94,8,9,9,2,5,22,1,1,1,3,4,0,0,0,0,0,0,3,11,0,66,55,0,5,4679,0
3710,1984,4,4,39684.0,1,0,2012-10-12,41,19,0,35,6,4,17,2,2,1,2,7,0,0,0,0,0,1,3,11,1,41,81,1,5,4991,0
7627,1975,3,3,92163.0,0,0,2012-12-12,25,817,183,797,106,163,20,0,5,11,5,2,0,0,1,1,0,0,3,11,1,50,2086,0,21,4930,2
4501,1965,3,4,69882.0,0,0,2013-11-10,94,292,127,635,132,127,165,1,3,7,9,1,0,0,0,0,0,0,3,11,0,60,1478,0,19,4597,2
6424,1977,2,5,33178.0,1,0,2014-01-30,9,12,6,2,11,2,16,1,1,0,3,4,0,0,0,0,0,0,3,11,0,48,49,1,4,4516,0
3075,1972,4,3,59973.0,0,0,2013-09-11,47,130,30,168,20,34,0,1,3,4,7,1,0,0,0,0,0,0,3,11,0,53,382,0,14,4657,1
4992,1975,3,5,17459.0,1,0,2013-09-19,12,6,4,16,3,10,30,3,3,1,2,7,0,0,0,0,0,0,3,11,1,50,69,1,6,4649,0
5252,1969,2,2,23910.0,1,0,2012-10-26,80,16,12,18,7,1,13,1,2,0,3,7,0,0,0,0,0,0,3,11,0,56,67,1,5,4977,0
7444,1969,3,3,42169.0,1,1,2013-10-19,20,19,0,9,0,0,2,2,1,0,3,8,0,0,0,0,0,0,3,11,0,56,30,2,4,4619,3
6919,1978,0,3,26224.0,1,0,2013-06-04,39,4,7,15,13,9,15,3,2,1,3,6,0,0,0,0,0,0,3,11,0,47,63,1,6,4756,0
3537,1981,2,5,31089.0,1,0,2012-08-17,57,31,3,31,2,8,4,3,3,0,4,8,0,0,0,0,0,0,3,11,0,44,79,1,7,5047,0
10277,1961,2,4,30081.0,0,1,2013-02-21,27,36,0,2,0,0,4,1,1,0,3,7,0,0,0,0,0,0,3,11,0,64,42,1,4,4859,0
2453,1960,2,5,62807.0,0,1,2012-08-31,83,526,28,135,10,21,99,3,5,3,12,5,0,0,0,0,0,0,3,11,0,65,819,1,20,5033,1
7972,1955,2,4,72906.0,0,0,2013-09-17,79,400,32,519,71,75,54,1,3,4,9,1,0,0,0,0,0,0,3,11,0,70,1151,0,16,4651,1
895,1948,4,3,61467.0,0,2,2012-12-09,69,410,16,114,0,5,49,3,5,2,10,5,0,0,0,0,0,0,3,11,0,77,594,2,17,4933,3
1177,1966,3,5,49618.0,1,1,2013-01-26,77,80,3,26,4,2,14,4,3,1,3,7,0,0,0,0,0,0,3,11,0,59,129,2,7,4885,3
7141,1986,3,4,21888.0,1,0,2012-12-29,15,88,10,46,2,3,64,4,5,1,2,10,0,0,0,0,0,0,3,11,1,39,213,1,8,4913,0
7232,1973,2,6,42429.0,0,1,2014-02-11,99,55,0,6,2,0,4,2,1,1,3,5,0,0,0,0,0,0,3,11,0,52,67,1,5,4504,0
8477,1956,2,2,26150.0,2,1,2013-03-11,61,5,1,13,3,5,1,1,1,0,3,7,0,0,0,0,0,0,3,11,0,69,28,3,4,4841,3
2457,1975,1,3,30801.0,0,1,2012-10-26,23,8,4,5,15,2,11,2,1,0,3,7,0,0,0,0,0,0,3,11,0,50,45,1,4,4977,0
988,1965,2,3,81168.0,0,0,2014-05-07,84,410,0,592,147,22,22,1,6,4,7,3,0,0,0,1,0,0,3,11,0,60,1193,0,17,4419,2
7930,1969,3,4,26877.0,0,0,2013-08-19,74,101,13,76,20,18,40,2,3,1,6,6,0,0,0,0,0,0,3,11,0,56,268,0,10,4680,0
4587,1944,3,6,45006.0,0,0,2013-07-18,90,162,25,53,16,0,10,1,3,1,7,3,0,0,0,0,0,0,3,11,0,81,266,0,11,4712,1
6682,1973,1,3,18978.0,1,0,2012-12-11,41,2,8,1,4,7,15,1,1,0,3,8,0,0,0,0,0,0,3,11,0,52,37,1,4,4931,0
6222,1967,2,3,22574.0,2,1,2013-10-28,28,25,0,8,2,0,2,2,2,0,3,7,0,0,0,0,0,0,3,11,0,58,37,3,5,4610,3
10299,1969,4,4,48240.0,0,0,2012-11-09,73,389,91,248,64,49,41,3,6,3,13,5,0,0,0,0,0,0,3,11,1,56,882,0,22,4963,1
3083,1974,2,3,45837.0,1,1,2013-07-26,88,215,13,87,17,17,24,5,6,2,5,7,0,0,0,0,0,0,3,11,0,51,373,2,13,4704,3
8953,1965,3,4,35791.0,2,1,2013-05-06,94,27,0,5,0,0,3,2,1,0,3,8,0,0,0,0,0,0,3,11,0,60,35,3,4,4785,3
1503,1976,4,5,162397.0,1,1,2013-06-03,31,85,1,16,2,1,2,0,0,0,1,1,0,0,0,0,0,0,3,11,0,49,107,2,1,4757,3
8650,1978,2,6,54162.0,1,1,2013-03-18,31,5,6,10,6,5,10,1,1,0,3,4,0,0,0,0,0,0,3,11,0,47,42,2,4,4834,3
10862,1960,3,3,30522.0,0,1,2012-08-17,6,179,8,83,19,11,26,5,1,2,9,2,0,0,0,0,0,0,3,11,0,65,326,1,12,5047,3
2782,1961,4,3,54456.0,0,1,2013-07-11,23,352,0,27,10,0,15,3,6,1,7,6,0,0,0,0,0,0,3,11,0,64,404,1,14,4719,1
6941,1971,2,4,31632.0,0,0,2013-07-14,92,17,8,12,11,15,32,1,2,1,2,7,0,0,0,0,0,0,3,11,0,54,95,0,5,4716,0
10972,1949,2,6,72298.0,0,0,2014-03-10,52,625,35,169,58,17,35,1,4,3,6,1,0,1,1,0,0,0,3,11,0,76,939,0,13,4477,1
10708,1978,0,4,36975.0,1,0,2013-12-28,50,10,6,11,0,4,2,1,1,0,3,7,0,0,0,0,0,0,3,11,0,47,33,1,4,4549,0
6583,1955,0,3,72635.0,0,0,2013-06-03,54,390,22,323,104,35,107,1,6,8,6,3,0,0,0,1,0,0,3,11,0,70,981,0,20,4757,1
3641,1976,2,3,13624.0,1,0,2013-01-20,93,10,2,15,2,1,6,2,2,0,3,6,0,0,0,0,0,0,3,11,0,49,36,1,5,4891,0
10156,1975,2,4,84196.0,0,1,2013-06-03,56,215,63,507,231,31,190,1,8,4,7,3,0,0,0,0,0,0,3,11,0,50,1237,1,19,4757,2
4299,1960,2,5,70971.0,0,1,2012-09-21,28,1001,17,572,93,125,17,7,11,11,5,7,0,0,0,0,0,0,3,11,1,65,1825,1,27,5012,1
3469,1977,4,2,34487.0,1,1,2012-09-06,94,19,18,33,24,1,8,3,3,0,3,9,0,0,0,0,0,0,3,11,0,48,103,2,6,5027,3
5063,1977,2,4,28769.0,1,0,2012-12-18,76,41,5,129,10,3,3,3,4,1,4,9,0,0,0,0,0,0,3,11,0,48,191,1,9,4924,0
10727,1970,4,3,69084.0,1,0,2013-11-19,43,1181,107,199,39,30,30,2,7,3,13,8,0,0,0,0,0,0,3,11,0,55,1586,1,23,4588,2
9624,1958,4,5,65488.0,0,0,2014-06-13,46,603,45,207,36,18,54,1,3,4,6,1,0,0,0,0,0,0,3,11,0,67,963,0,13,4382,1
5156,1970,0,3,62466.0,0,1,2014-01-15,13,129,129,259,168,121,83,5,6,3,12,4,0,0,0,0,0,0,3,11,0,55,889,1,21,4531,1
4376,1960,0,4,32218.0,0,0,2014-02-15,27,10,24,15,13,1,30,1,2,1,3,7,1,0,0,0,0,0,3,11,1,65,93,0,6,4500,0
8923,1973,2,4,83917.0,0,0,2013-04-18,12,514,22,732,42,198,79,1,6,7,7,3,0,0,0,0,0,0,3,11,1,52,1587,0,20,4803,2
8461,1962,2,2,46102.0,2,1,2014-03-10,3,14,0,1,0,0,1,1,1,0,2,7,0,0,0,0,0,0,3,11,0,63,16,3,3,4477,3
6945,1952,2,4,84574.0,0,0,2013-06-04,72,387,20,713,38,54,163,1,9,11,11,5,0,0,0,0,0,0,3,11,0,73,1375,0,31,4756,1
944,1962,2,3,56181.0,0,1,2013-01-08,6,121,103,69,8,44,48,1,4,2,7,4,0,0,0,0,0,0,3,11,0,63,393,1,13,4903,1
1907,1950,3,2,63120.0,0,1,2012-09-28,53,965,69,279,54,41,69,5,8,4,9,7,0,0,0,0,0,0,3,11,1,75,1477,1,21,5005,1
701,1971,2,3,73691.0,0,1,2013-11-06,58,707,21,250,85,43,73,2,6,2,8,2,1,0,0,0,0,0,3,11,0,54,1179,1,16,4601,2
3856,1960,2,5,63381.0,0,1,2012-10-05,78,571,50,142,33,50,159,4,4,5,13,2,0,0,0,0,0,0,3,11,0,65,1005,1,22,4998,1
4149,1948,4,5,76140.0,0,0,2014-05-13,57,586,66,653,17,0,26,1,5,9,6,2,0,0,0,0,0,0,3,11,0,77,1348,0,20,4413,1
2131,1959,4,2,62859.0,0,1,2012-12-30,37,1063,89,102,16,12,25,4,9,4,6,6,0,0,0,0,0,0,3,11,0,66,1307,1,19,4912,1
2942,1964,2,4,45906.0,0,1,2013-05-07,20,305,3,27,4,3,144,2,5,4,4,5,1,0,0,0,0,0,3,11,0,61,486,1,13,4784,3
1173,1947,3,5,77632.0,0,0,2013-03-10,73,1200,105,758,0,42,147,1,4,2,6,2,0,1,1,0,0,0,3,11,1,78,2252,0,12,4842,1
4381,1971,4,3,46463.0,1,1,2013-08-18,56,163,2,40,8,11,11,7,3,1,6,6,0,0,0,0,0,0,3,11,0,54,235,2,10,4681,3
4611,1970,2,5,105471.0,0,0,2013-01-21,36,1009,181,104,202,21,207,0,9,8,13,3,0,0,1,1,0,0,3,11,1,55,1724,0,30,4890,2
3376,1970,3,2,55282.0,1,0,2013-12-13,9,125,6,73,8,4,19,1,3,1,6,4,0,0,0,0,0,0,3,11,0,55,235,1,10,4564,0
4679,1977,3,3,78710.0,0,1,2014-05-23,42,721,0,152,119,50,50,3,7,6,12,4,0,0,0,0,0,0,3,11,0,48,1092,1,25,4403,2
10928,1958,2,5,66886.0,0,1,2013-09-16,28,315,4,62,41,31,146,2,7,1,7,5,0,0,0,0,0,0,3,11,0,67,599,1,15,4652,1
4248,1960,3,4,98777.0,0,0,2014-02-17,23,1000,19,711,125,115,38,0,4,6,9,1,0,1,0,0,0,0,3,11,0,65,2008,0,19,4498,2
6728,1985,2,5,29103.0,1,0,2012-08-27,38,16,0,17,6,3,6,2,1,0,3,9,0,0,0,0,0,0,3,11,0,40,48,1,4,5037,0
6661,1974,2,3,67445.0,0,1,2012-08-12,63,757,80,217,29,80,11,5,9,6,12,6,0,0,0,0,0,0,3,11,0,51,1174,1,27,5052,2
4725,1950,4,5,50616.0,0,1,2014-04-13,71,30,2,25,0,1,9,1,1,1,4,2,0,0,0,0,0,0,3,11,0,75,67,1,6,4443,3
3277,1955,2,2,49431.0,0,1,2012-08-03,9,219,3,100,26,0,17,2,7,1,5,8,0,0,0,0,0,0,3,11,0,70,365,1,13,5061,1
5555,1975,2,2,153924.0,0,0,2014-02-07,81,1,1,1,1,1,1,0,0,0,0,0,0,0,0,0,0,0,3,11,0,50,6,0,0,4508,2
2564,1953,2,5,61278.0,0,1,2014-01-04,87,111,3,28,2,6,15,2,3,1,4,6,0,0,0,0,0,0,3,11,0,72,165,1,8,4542,3
946,1958,0,5,26490.0,0,0,2012-09-22,92,45,47,52,21,20,25,2,3,1,5,6,0,0,0,0,0,0,3,11,0,67,210,0,9,5011,0
3867,1947,4,5,73059.0,0,1,2013-08-31,36,410,112,420,0,82,71,1,9,3,13,4,0,0,0,0,0,0,3,11,0,78,1095,1,25,4668,1
6940,1966,4,4,46734.0,1,2,2013-10-21,86,100,1,39,6,1,76,4,3,2,3,6,1,0,0,0,0,0,3,11,0,59,223,3,8,4617,3
55,1963,2,5,56253.0,0,1,2012-12-07,83,509,0,65,7,11,5,4,7,2,9,6,0,0,0,0,0,0,3,11,0,62,597,1,18,4935,1
7093,1985,2,3,19986.0,1,0,2013-11-14,74,3,6,5,0,2,6,1,0,0,3,7,0,0,0,0,0,0,3,11,0,40,22,1,3,4593,0
5084,1975,2,6,58330.0,0,1,2013-12-25,87,445,53,213,104,98,151,1,6,4,13,4,0,0,0,0,0,0,3,11,0,50,1064,1,23,4552,2
1777,1980,1,3,25965.0,0,0,2012-09-07,29,2,2,11,41,7,11,1,2,0,3,8,0,0,0,0,0,0,3,11,0,45,74,0,5,5026,0
8162,1956,3,5,14661.0,0,0,2013-01-01,88,4,1,11,6,2,2,1,1,0,3,6,0,0,0,0,0,0,3,11,0,69,26,0,4,4910,0
10826,1959,2,3,18690.0,0,0,2012-12-28,77,6,1,7,23,4,19,1,1,1,2,8,0,0,0,0,0,0,3,11,0,66,60,0,4,4914,0
8754,1974,4,5,45068.0,0,1,2013-05-16,25,14,0,3,0,0,3,1,1,0,2,7,0,0,0,0,0,0,3,11,0,51,20,1,3,4775,0
1987,1987,1,4,21063.0,1,0,2013-09-25,34,1,10,11,19,3,15,2,2,0,3,6,0,0,0,0,0,0,3,11,0,38,59,1,5,4643,0
11007,1968,4,3,29187.0,1,0,2013-05-09,43,26,0,6,0,0,2,1,1,0,3,8,0,0,0,0,0,0,3,11,0,57,34,1,4,4782,0
7426,1971,0,3,54690.0,1,1,2013-11-07,76,111,16,37,7,9,18,3,3,1,5,3,0,0,0,0,0,0,3,11,0,54,198,2,9,4600,3
9153,1964,4,3,59304.0,0,1,2013-07-29,81,418,61,428,80,51,10,3,7,8,10,5,0,0,0,0,0,0,3,11,0,61,1048,1,25,4701,1
10379,1962,3,4,59247.0,0,2,2013-11-08,87,327,9,122,19,14,83,5,5,2,9,6,0,0,0,0,0,0,3,11,0,63,574,2,16,4599,3
9204,1970,2,6,66731.0,0,1,2012-09-12,33,371,159,194,58,106,141,4,4,3,6,3,0,0,0,0,0,0,3,11,0,55,1029,1,13,5021,1
3197,1980,2,3,77353.0,0,1,2013-12-16,38,275,59,107,69,101,59,2,6,4,8,4,0,0,0,0,0,0,3,11,0,45,670,1,18,4561,2
2920,1975,4,4,52614.0,0,1,2012-12-01,63,789,0,142,12,9,38,2,2,4,8,8,0,0,0,0,0,0,3,11,0,50,990,1,14,4941,2
6961,1974,2,3,26751.0,2,0,2014-05-22,26,1,1,5,0,3,1,1,1,0,2,8,0,0,0,0,0,0,3,11,0,51,11,2,3,4404,3
4673,1963,4,3,81300.0,0,1,2012-10-30,17,1004,12,145,32,12,36,3,10,3,5,5,0,0,0,1,0,0,3,11,1,62,1241,1,18,4973,1
9937,1979,2,4,70337.0,0,0,2014-01-02,75,187,81,149,25,43,91,1,2,2,12,1,0,0,0,0,0,0,3,11,0,46,576,0,16,4544,2
8779,1985,0,3,36145.0,1,0,2013-06-16,13,56,4,76,17,1,18,4,4,1,3,9,1,0,0,0,0,0,3,11,1,40,172,1,8,4744,0
9596,1980,4,4,65295.0,0,0,2013-12-23,19,365,32,117,34,110,6,1,3,3,13,2,0,0,0,0,0,0,3,11,0,45,664,0,19,4554,2
2891,1963,2,2,68118.0,0,1,2013-10-18,51,595,23,123,10,23,154,2,8,9,4,6,0,0,0,0,0,0,3,11,0,62,928,1,21,4620,1
4910,1967,2,2,68743.0,0,0,2012-08-30,81,1132,134,384,175,134,115,1,11,5,13,7,0,0,0,0,0,0,3,11,0,58,2074,0,29,5034,2
75,1982,0,5,41039.0,0,0,2013-07-25,32,34,11,137,179,61,45,1,8,1,5,8,0,0,0,0,0,0,3,11,0,43,467,0,14,4705,0
10120,1955,2,5,38946.0,0,1,2013-10-24,84,116,6,82,6,6,41,2,3,1,6,5,0,0,0,0,0,0,3,11,0,70,257,1,10,4614,3
6327,1967,2,5,65777.0,0,0,2013-12-19,87,565,32,435,28,32,54,1,2,8,6,1,0,0,0,0,0,0,3,11,0,58,1146,0,16,4558,2
10142,1976,4,2,66476.0,0,1,2013-03-07,99,372,18,126,47,48,78,2,5,2,11,4,0,0,0,0,0,0,3,11,0,49,689,1,18,4845,2
9826,1972,4,4,86857.0,0,0,2012-09-12,96,899,102,838,133,102,40,1,5,6,10,2,0,0,0,0,0,0,3,11,1,53,2114,0,21,5021,2
1501,1982,4,3,160803.0,0,0,2012-08-04,21,55,16,1622,17,3,4,15,0,28,1,0,0,0,0,0,0,0,3,11,0,43,1717,0,29,5060,2
10767,1989,4,5,77845.0,0,0,2014-05-16,40,760,40,480,0,40,26,1,3,5,12,1,0,0,1,1,0,0,3,11,0,36,1346,0,20,4410,2
7279,1969,4,5,69476.0,0,0,2013-09-30,3,260,86,559,63,9,67,1,4,6,4,2,0,0,0,0,0,0,3,11,0,56,1044,0,14,4638,2
7230,1960,4,2,50611.0,0,1,2012-10-04,98,459,0,24,6,0,4,6,4,5,7,6,0,1,0,0,0,0,3,11,1,65,493,1,16,4999,1
143,1970,2,4,61209.0,0,0,2013-08-25,73,466,0,224,119,49,99,1,5,3,4,2,0,0,0,0,0,0,3,11,0,55,957,0,12,4674,2
450,1958,3,5,42315.0,0,1,2013-07-12,90,67,15,80,17,11,80,3,1,4,4,3,0,0,0,0,0,0,3,11,0,67,270,1,9,4718,3
9316,1952,1,5,13084.0,0,0,2013-11-02,29,2,0,7,3,7,10,1,1,0,3,6,0,0,0,0,0,0,3,11,0,73,29,0,4,4605,0
6379,1949,3,6,47570.0,1,1,2013-05-29,3,67,1,20,0,2,31,3,2,2,2,7,0,0,0,0,0,0,3,11,1,76,121,2,6,4762,3
9239,1961,3,3,61923.0,0,2,2013-07-26,94,92,4,18,3,3,6,1,2,1,4,3,0,0,0,0,0,0,3,11,0,64,126,2,7,4704,3
8315,1995,2,4,34824.0,0,0,2014-03-26,65,4,2,11,2,0,4,1,1,0,2,6,0,0,0,0,0,0,3,11,0,30,23,0,3,4461,0
2868,1949,4,4,26518.0,1,1,2013-04-08,33,20,1,28,3,3,2,3,2,0,3,8,0,0,0,0,0,0,3,11,1,76,57,2,5,4813,3
10888,1961,2,4,45938.0,0,0,2013-11-03,46,273,11,178,62,83,29,2,8,4,6,6,0,0,0,0,0,0,3,11,0,64,636,0,18,4604,1
1277,1960,2,5,78468.0,0,0,2014-04-09,29,434,22,388,104,22,34,1,10,7,10,4,0,0,0,1,0,0,3,11,0,65,1004,0,27,4447,1
9977,1973,2,2,78901.0,0,1,2013-09-17,99,321,11,309,33,26,34,3,9,3,5,4,0,0,0,0,0,0,3,11,0,52,734,1,17,4651,2
10196,1978,2,3,71427.0,2,0,2014-03-12,26,212,123,177,15,64,23,2,8,2,8,4,0,0,0,0,0,0,3,11,0,47,614,2,18,4475,3
6384,1978,2,2,71022.0,0,1,2014-02-11,30,909,12,278,0,12,242,3,5,2,11,8,1,0,0,0,0,0,3,11,0,47,1453,1,18,4504,2
8029,1988,3,4,90247.0,0,0,2014-04-29,27,1184,32,352,21,16,16,1,3,4,7,1,0,1,1,1,0,0,3,11,1,37,1621,0,14,4427,2
968,1968,3,2,41335.0,1,0,2013-12-26,24,112,19,21,16,14,5,3,4,1,4,7,0,0,0,0,0,0,3,11,0,57,187,1,9,4551,0
6988,1986,2,3,71952.0,1,0,2013-01-10,93,656,80,455,52,107,93,2,8,4,8,4,1,0,1,0,0,0,3,11,0,39,1443,1,20,4901,2
4472,1970,4,2,35682.0,1,0,2014-06-27,34,23,0,8,6,2,18,1,1,1,3,2,0,0,0,0,0,0,3,11,0,55,57,1,5,4368,0
6991,1951,2,2,43185.0,0,1,2013-04-10,88,537,6,42,16,6,30,2,9,3,6,8,0,0,0,0,0,0,3,11,0,74,637,1,18,4811,1
3336,1948,4,5,66375.0,0,1,2013-11-21,96,712,0,45,0,0,191,3,2,4,5,7,1,0,0,0,0,0,3,11,0,77,948,1,11,4586,1
4301,1971,3,3,35178.0,1,0,2013-01-10,10,23,1,13,2,2,18,1,1,1,2,7,1,0,0,0,0,0,3,11,1,54,59,1,4,4901,0
1940,1986,2,3,25252.0,1,0,2013-07-12,26,1,3,4,2,2,6,1,1,0,2,8,0,0,0,0,0,0,3,11,0,39,18,1,3,4718,0
1272,1965,3,4,55250.0,0,1,2012-10-21,49,664,58,83,32,0,66,4,7,5,10,5,0,0,0,0,0,0,3,11,0,60,903,1,22,4982,1
1388,1975,2,4,33249.0,1,0,2013-02-20,11,6,10,21,19,14,42,2,2,1,3,6,0,0,0,0,0,0,3,11,0,50,112,1,6,4860,0
1044,1953,2,5,58398.0,0,0,2013-05-14,44,299,5,201,21,21,49,3,5,4,8,4,0,0,0,0,0,0,3,11,0,72,596,0,17,4777,1
6969,1982,2,5,50272.0,1,0,2013-08-07,75,99,13,66,43,8,4,3,4,1,5,7,0,0,0,0,0,0,3,11,0,43,233,1,10,4692,0
10479,1975,4,3,76618.0,0,0,2012-12-07,64,749,40,294,121,160,147,1,3,2,5,1,0,0,0,0,0,0,3,11,0,50,1511,0,10,4935,2
3619,1960,0,2,87305.0,0,0,2012-09-23,19,345,25,501,63,138,80,1,5,3,8,2,0,0,1,0,0,0,3,11,1,65,1152,0,16,5010,1
1715,1978,2,5,25851.0,1,0,2013-02-11,45,9,4,18,7,5,5,2,2,0,3,7,0,0,0,0,0,0,3,11,0,47,48,1,5,4869,0
10159,1970,2,2,58710.0,0,1,2013-03-31,77,440,81,368,0,122,174,6,11,5,9,6,0,0,0,0,0,0,3,11,0,55,1185,1,25,4821,1
1463,1958,2,4,45160.0,1,1,2014-03-29,9,8,2,5,3,0,3,1,1,0,2,7,0,0,0,0,0,0,3,11,0,67,21,2,3,4458,3
5114,1965,3,3,74806.0,0,1,2012-12-19,1,670,9,249,0,28,9,2,5,4,5,4,0,0,0,0,0,0,3,11,0,60,965,1,14,4923,1
4990,1954,2,3,59111.0,0,0,2013-05-02,90,524,0,134,28,28,155,1,11,1,8,7,0,0,0,0,0,0,3,11,0,71,869,0,20,4789,1
4329,1984,4,3,18988.0,1,0,2014-05-23,43,6,0,6,2,1,1,2,1,0,3,7,0,0,0,0,0,0,3,11,0,41,16,1,4,4403,0
10936,1965,2,3,72190.0,0,0,2013-02-13,79,597,166,597,172,166,249,1,5,6,4,3,0,0,0,0,0,0,3,11,0,60,1947,0,15,4867,2
4692,1976,2,3,7500.0,1,0,2012-08-01,19,7,0,12,13,7,32,5,4,1,2,9,1,0,0,0,0,0,3,11,1,49,71,1,7,5063,0
7212,1966,2,3,44794.0,0,1,2014-06-08,99,54,0,7,0,0,4,1,2,0,3,6,0,0,0,0,0,0,3,11,0,59,65,1,5,4387,0
6086,1955,2,3,80395.0,0,0,2013-11-23,62,445,25,706,80,76,48,1,6,5,12,2,0,0,0,1,0,0,3,11,0,70,1380,0,23,4584,1
437,1976,3,2,75012.0,0,0,2014-01-25,41,294,142,218,164,58,151,1,3,8,11,1,0,0,0,0,0,0,3,11,0,49,1027,0,22,4521,2
11171,1965,3,3,56962.0,2,1,2013-10-11,60,292,3,77,10,3,26,7,6,3,5,7,0,0,0,0,0,0,3,11,0,60,411,3,14,4627,3
11101,1991,2,5,89891.0,0,0,2013-04-15,17,412,22,132,59,28,183,1,11,6,8,4,0,0,1,0,0,0,3,11,0,34,836,0,25,4806,2
5329,1949,4,2,35946.0,1,1,2013-09-27,24,8,0,3,0,0,0,1,0,0,3,5,0,0,0,0,0,0,3,11,0,76,11,2,3,4641,3
610,1953,4,5,53593.0,1,1,2012-08-07,60,349,4,78,6,0,43,8,7,2,6,8,0,0,0,0,0,0,3,11,0,72,480,2,15,5057,3
9384,1978,2,3,66373.0,1,1,2013-06-12,57,328,9,124,12,24,109,7,4,2,10,3,0,0,0,0,0,0,3,11,0,47,606,2,16,4748,3
5956,1948,4,2,45072.0,1,2,2013-10-16,74,144,2,99,7,2,30,5,6,1,4,8,0,0,0,0,0,0,3,11,0,77,284,3,11,4622,3
10430,1973,2,2,89694.0,1,1,2013-10-09,22,1126,28,211,37,28,42,3,4,3,4,5,0,1,1,1,0,0,3,11,0,52,1472,2,11,4629,2
7875,1949,2,3,72025.0,0,0,2014-04-29,46,967,0,617,43,50,0,1,4,8,13,2,0,1,1,1,0,0,3,11,1,76,1677,0,25,4427,1
7072,1973,2,3,67432.0,0,1,2013-03-29,69,432,79,341,177,136,170,2,8,5,4,4,0,0,0,0,0,0,3,11,0,52,1335,1,17,4823,2
6255,1952,3,5,70545.0,0,1,2014-06-03,29,138,39,63,55,18,21,1,4,1,7,2,0,0,0,0,0,0,3,11,0,73,334,1,12,4392,1
6516,1989,1,3,17487.0,1,0,2013-03-18,37,0,0,1,7,4,6,1,1,0,2,7,0,0,0,0,0,0,3,11,0,36,18,1,3,4834,0
5564,1969,2,5,62882.0,0,1,2012-08-09,26,509,133,497,78,24,97,2,7,5,6,4,0,0,0,0,0,0,3,11,0,56,1338,1,18,5055,1
5682,1953,4,4,64108.0,0,1,2013-03-23,8,948,10,86,13,21,21,4,6,9,11,5,0,0,0,0,0,0,3,11,0,72,1099,1,26,4829,1
7458,1956,3,5,34941.0,1,1,2013-03-06,26,39,2,25,4,3,24,2,3,0,3,8,0,0,0,0,0,0,3,11,0,69,97,2,6,4846,3
5237,1950,4,4,48767.0,1,2,2014-01-01,79,28,1,21,3,0,10,3,2,1,3,5,0,0,0,0,0,0,3,11,0,75,63,3,6,4545,3
7761,1978,0,5,38702.0,1,0,2013-08-01,71,13,11,24,13,8,40,2,3,0,4,6,0,0,0,0,0,0,3,11,0,47,109,1,7,4698,0
5278,1964,2,3,82224.0,0,0,2014-01-25,83,307,26,360,138,31,40,1,6,9,5,3,0,0,0,1,0,0,3,11,0,61,902,0,20,4521,1
3560,1952,2,5,83844.0,0,0,2013-05-12,57,901,31,345,75,31,191,1,4,4,11,1,0,0,1,0,0,0,3,11,0,73,1574,0,19,4779,1
7235,1975,0,3,17003.0,1,0,2013-12-09,37,2,5,12,4,8,7,3,2,0,4,5,0,0,0,0,0,0,3,11,0,50,38,1,6,4568,0
10548,1995,2,4,71163.0,0,0,2014-03-09,30,283,17,372,138,106,44,1,3,8,12,1,0,0,0,0,0,0,3,11,0,30,960,0,23,4478,2
2281,1970,2,4,33697.0,1,0,2013-09-15,34,4,3,7,0,3,11,1,1,0,2,7,1,0,0,0,0,0,3,11,0,55,28,1,3,4653,0
4073,1954,0,3,63564.0,0,0,2014-01-29,0,769,80,252,15,34,65,1,10,10,7,6,1,0,0,0,0,0,3,11,1,71,1215,0,27,4517,1
6974,1972,4,5,83443.0,0,0,2013-12-31,89,518,42,742,55,56,84,1,6,10,5,2,0,0,0,0,0,0,3,11,0,53,1497,0,21,4546,2
7938,1958,4,5,51518.0,0,1,2013-10-03,92,350,8,66,17,4,4,2,3,2,10,3,0,0,0,0,0,0,3,11,0,67,449,1,15,4635,1
7094,1975,2,6,58330.0,0,1,2013-12-25,87,445,53,213,104,98,151,1,6,4,13,4,0,0,0,0,0,0,3,11,0,50,1064,1,23,4552,2
3667,1969,2,3,80952.0,0,0,2013-02-28,20,778,178,689,41,27,44,1,8,5,11,8,0,1,1,1,0,0,3,11,1,56,1757,0,24,4852,2
7723,1979,2,5,75507.0,0,0,2014-05-02,56,709,93,374,104,80,80,1,8,6,6,3,0,0,0,0,0,0,3,11,0,46,1440,0,20,4424,2
3870,1978,0,5,63855.0,0,0,2013-02-09,28,359,35,314,93,116,89,1,7,3,13,4,0,0,0,0,0,0,3,11,0,47,1006,0,23,4871,2
4012,1972,4,5,62220.0,0,1,2012-08-11,55,799,12,375,16,12,12,5,7,6,5,6,0,0,0,0,0,0,3,11,1,53,1226,1,18,5053,2
5909,1964,2,3,58512.0,0,1,2013-09-19,25,895,10,101,13,0,152,5,3,4,8,8,0,0,0,0,0,0,3,11,0,61,1171,1,15,4649,1
10470,1979,3,3,40662.0,1,0,2013-03-15,0,40,2,23,0,4,23,2,2,1,3,4,0,0,0,0,0,0,3,11,0,46,92,1,6,4837,0
6488,1959,4,3,38829.0,0,1,2014-04-06,86,76,0,7,0,0,16,1,3,2,2,5,0,0,0,0,0,0,3,11,0,66,99,1,7,4450,3
10270,1981,0,3,35523.0,1,0,2013-10-03,8,11,5,22,12,5,11,2,3,0,3,7,0,0,0,0,0,0,3,11,0,44,66,1,6,4635,0
6887,1967,2,4,79146.0,1,1,2014-04-24,33,245,16,223,21,43,16,2,8,1,8,6,0,0,0,0,0,0,3,11,0,58,564,2,17,4432,3
6406,1988,3,3,78285.0,0,0,2013-10-28,13,647,107,391,175,67,40,1,6,4,10,3,0,0,0,0,0,0,3,11,0,37,1427,0,20,4610,2
7573,1978,4,4,31626.0,1,0,2013-05-10,12,39,1,9,2,1,34,1,2,1,2,7,1,0,0,0,0,0,3,11,1,47,86,1,5,4781,0
4508,1952,2,4,75127.0,0,0,2014-05-22,92,203,35,305,46,17,227,1,2,11,5,1,0,0,0,0,0,0,3,11,0,73,833,0,18,4404,1
221,1955,2,3,48726.0,0,1,2013-04-27,90,138,3,38,4,0,59,3,3,2,4,6,0,0,0,0,0,0,3,11,0,70,242,1,9,4794,3
5331,1977,2,3,74985.0,0,0,2012-09-11,8,587,51,898,247,0,86,1,3,6,7,2,0,0,0,0,0,0,3,11,0,48,1869,0,16,5022,2
1911,1987,2,5,67430.0,0,0,2012-09-05,6,595,97,291,127,133,121,1,11,5,12,6,0,0,0,0,0,0,3,11,0,38,1364,0,28,5028,2
20,1965,0,3,46891.0,0,1,2013-09-01,91,43,12,23,29,15,61,1,2,1,4,4,0,0,0,0,0,0,3,11,0,60,183,1,7,4667,0
8786,1956,3,3,62058.0,0,1,2013-05-26,52,301,7,74,10,0,58,4,6,1,7,6,0,0,0,0,0,0,3,11,0,69,450,1,14,4765,1
10582,1979,2,3,72063.0,0,1,2013-07-03,3,180,32,348,76,32,90,2,5,2,12,2,0,0,0,0,0,0,3,11,0,46,758,1,19,4727,2
1915,1951,4,3,78939.0,0,0,2013-12-12,57,794,115,243,150,0,205,1,8,5,6,3,0,0,0,0,0,0,3,11,0,74,1507,0,19,4565,1
8897,1965,2,4,42720.0,1,1,2013-04-24,9,392,5,91,28,26,112,8,7,3,7,8,0,0,0,0,0,0,3,11,1,60,654,2,17,4797,3
2371,1972,2,3,33622.0,1,1,2013-04-13,22,39,1,22,3,4,12,3,2,0,4,7,0,0,0,0,0,0,3,11,0,53,81,2,6,4808,3
4303,1957,4,5,6835.0,0,1,2012-12-08,76,107,2,12,2,2,12,0,0,0,1,20,0,0,0,0,0,0,3,11,0,68,137,1,1,4934,0
6825,1953,2,5,41452.0,1,1,2013-03-06,86,13,0,3,0,0,0,1,1,0,2,7,0,0,0,0,0,0,3,11,0,72,16,2,3,4846,3
1072,1965,4,4,40760.0,0,1,2013-08-30,64,70,0,17,0,0,6,2,2,1,3,6,0,0,0,0,0,0,3,11,0,60,93,1,6,4669,0
4964,1958,4,5,74250.0,0,0,2014-01-26,90,680,11,392,75,0,0,1,2,11,4,1,0,0,0,0,0,0,3,11,0,67,1158,0,17,4520,1
2461,1955,3,4,51124.0,1,1,2013-12-18,79,26,1,11,0,1,4,2,1,0,3,3,0,0,0,0,0,0,3,11,0,70,43,2,4,4559,3
10736,1971,2,4,72258.0,0,1,2013-09-12,28,522,0,522,227,120,134,2,6,9,5,2,0,0,0,0,0,0,3,11,0,54,1525,1,20,4656,2
3194,1974,4,4,71466.0,0,0,2014-04-05,86,412,12,546,78,182,0,1,4,4,10,1,0,0,0,0,0,0,3,11,0,51,1230,0,18,4451,2
10839,1976,2,5,36283.0,1,1,2014-04-14,42,6,5,5,8,0,5,2,1,0,3,4,0,0,0,0,0,0,3,11,0,49,29,2,4,4442,3
49,1970,2,4,20587.0,1,0,2014-05-11,39,2,3,6,4,1,9,1,1,1,2,7,0,0,0,0,0,0,3,11,0,55,25,1,4,4415,0
4290,1972,2,3,30467.0,1,0,2014-03-19,8,1,3,8,2,5,5,1,1,0,2,7,0,0,0,0,0,0,3,11,0,53,24,1,3,4468,0
10219,1972,2,5,31590.0,1,0,2013-06-18,40,6,2,15,6,6,3,1,1,0,3,8,0,0,0,0,0,0,3,11,0,53,38,1,4,4742,0
4211,1986,1,3,20425.0,1,0,2012-10-29,5,4,12,5,3,16,17,2,2,0,3,7,0,0,0,0,0,0,3,11,0,39,57,1,5,4974,0
1135,1960,3,5,17144.0,1,1,2014-02-15,96,18,2,19,0,2,6,5,3,0,4,7,0,0,0,0,0,0,3,11,0,65,47,2,7,4500,3
6299,1968,4,2,42564.0,0,1,2013-01-02,28,324,48,186,39,18,198,6,6,8,4,7,1,0,0,0,0,0,3,11,1,57,813,1,18,4909,1
10846,1978,3,3,43783.0,1,0,2014-05-29,22,327,9,125,25,4,139,6,7,1,8,7,1,0,0,0,0,0,3,11,0,47,629,1,16,4397,0
347,1976,2,2,40780.0,0,1,2012-09-08,30,229,27,71,13,3,34,4,7,1,5,9,0,0,0,0,0,0,3,11,0,49,377,1,13,5025,0
6543,1945,3,5,62847.0,0,0,2013-01-15,45,521,168,706,80,76,61,1,3,6,4,2,0,0,0,0,0,0,3,11,0,80,1612,0,13,4896,1
10446,1957,4,3,82017.0,0,0,2012-11-07,58,184,23,446,30,23,23,1,5,4,7,2,0,1,1,1,0,0,3,11,1,68,729,0,16,4965,1
3479,1950,2,4,16813.0,0,0,2013-07-19,49,4,8,11,12,2,13,1,2,0,3,7,1,0,0,0,0,0,3,11,0,75,50,0,5,4711,0
11075,1978,2,3,51267.0,1,1,2013-10-29,37,183,2,64,7,2,12,4,3,3,5,4,0,0,0,0,0,0,3,11,0,47,270,2,11,4609,3
4442,1961,2,4,46524.0,0,1,2013-04-05,70,31,19,35,26,14,52,2,1,1,5,3,0,0,0,0,0,0,3,11,0,64,177,1,7,4816,3
199,1962,3,4,45183.0,0,0,2013-01-20,33,219,3,60,12,9,12,1,4,1,7,7,0,1,0,0,0,0,3,11,0,63,315,0,12,4891,0
6722,1954,4,3,70421.0,0,1,2014-06-28,98,479,28,136,75,14,35,3,10,3,7,6,0,0,0,0,0,0,3,11,0,71,767,1,20,4367,1
796,1965,0,2,60161.0,0,1,2012-10-23,17,584,44,212,46,8,177,3,11,4,8,8,0,0,0,0,0,0,3,11,0,60,1071,1,23,4980,1
3749,1973,2,5,73926.0,0,0,2013-03-02,54,627,91,597,159,91,15,1,6,5,12,3,0,0,0,0,0,0,3,11,0,52,1580,0,23,4850,2
8523,1968,2,3,19329.0,1,0,2013-12-14,39,24,1,16,12,2,5,3,4,0,3,8,0,0,0,0,0,0,3,11,0,57,60,1,7,4563,0
310,1970,3,3,61872.0,0,1,2013-12-13,81,330,5,159,36,27,16,4,4,4,9,4,0,0,0,0,0,0,3,11,0,55,573,1,17,4564,1
8629,1956,2,6,46984.0,1,1,2013-03-26,71,19,1,10,2,1,8,1,1,0,3,5,0,0,0,0,0,0,3,11,0,69,41,2,4,4826,3
236,1951,2,3,34838.0,1,1,2013-01-19,62,28,23,29,29,14,47,3,2,1,4,6,0,0,0,0,0,0,3,11,0,74,170,2,7,4892,3
9930,1944,4,4,82716.0,0,0,2013-11-05,8,606,148,228,15,148,22,1,6,8,13,2,0,0,0,0,0,0,3,11,0,81,1167,0,27,4602,1
3483,1958,2,3,48192.0,0,0,2013-04-06,76,1039,43,204,153,58,29,3,2,8,12,8,0,1,0,1,1,0,3,11,1,67,1526,0,22,4815,1
4599,1976,3,3,49681.0,0,2,2013-11-04,66,411,0,26,0,0,21,6,7,1,7,7,0,0,0,0,0,0,3,11,0,49,458,2,15,4603,3
7326,1971,3,3,56850.0,0,1,2014-03-23,83,34,1,19,2,7,0,1,1,1,3,2,0,0,0,0,0,0,3,11,0,54,63,1,5,4464,0
7352,1957,2,3,55267.0,0,1,2013-10-21,28,161,28,136,32,3,45,4,3,4,6,3,0,0,0,0,0,0,3,11,0,68,405,1,13,4617,1
2350,1972,2,3,59666.0,1,1,2013-03-22,87,623,53,178,23,17,133,7,3,2,8,8,0,1,0,0,0,0,3,11,0,53,1027,2,13,4830,3
9145,1972,2,4,72504.0,0,1,2013-04-06,43,604,26,470,123,161,94,2,5,9,6,2,0,0,0,0,0,0,3,11,0,53,1478,1,20,4815,2
2964,1981,2,3,26872.0,0,0,2013-10-16,0,3,10,8,3,16,32,1,1,1,2,6,0,0,0,0,0,0,3,11,0,44,72,0,4,4622,0
5585,1972,2,4,21359.0,1,0,2013-04-20,1,12,2,17,6,1,10,2,2,0,3,8,0,0,0,0,0,0,3,11,1,53,48,1,5,4801,0
9687,1975,2,4,73170.0,0,0,2014-05-31,1,184,174,256,50,30,32,1,5,4,6,2,0,0,0,0,0,0,3,11,0,50,726,0,15,4395,2
3732,1955,3,3,52750.0,0,1,2013-02-04,72,393,0,239,90,69,69,6,5,7,9,4,0,0,0,0,0,0,3,11,0,70,860,1,21,4876,1
6303,1986,4,5,91820.0,0,0,2013-11-23,72,410,73,747,76,161,30,0,5,5,12,1,0,0,0,0,0,0,3,11,0,39,1497,0,22,4584,2
11176,1970,4,5,65968.0,0,1,2014-05-12,12,376,9,83,19,4,4,2,5,4,7,3,0,0,0,0,0,0,3,11,0,55,495,1,16,4414,1
2986,1976,2,3,30772.0,1,1,2014-03-12,89,7,2,4,2,1,4,1,1,0,2,6,0,0,0,0,0,0,3,11,0,49,20,2,3,4475,3
7462,1954,2,4,22507.0,0,0,2012-11-24,67,68,0,226,51,157,68,3,10,2,4,9,0,0,0,0,0,0,3,11,0,71,570,0,16,4948,1
3900,1972,2,3,65685.0,0,1,2014-03-29,54,642,14,49,0,7,57,1,9,2,9,5,0,0,0,0,0,0,3,11,0,53,769,1,20,4458,1
7034,1978,0,3,25804.0,1,0,2013-09-01,34,8,7,9,13,6,12,2,2,0,3,8,0,0,0,0,0,0,3,11,0,47,55,1,5,4667,0
9493,1980,4,4,76412.0,0,0,2013-05-05,15,840,53,804,23,71,17,1,5,4,8,3,0,0,1,1,0,0,3,11,1,45,1808,0,17,4786,2
1143,1972,2,3,22063.0,1,0,2013-08-08,43,7,10,13,3,11,11,2,2,0,3,7,0,0,0,0,0,0,3,11,0,53,55,1,5,4691,0
1,1961,2,4,57091.0,0,0,2014-06-15,0,464,5,64,7,0,37,1,7,3,7,5,0,0,0,0,1,0,3,11,1,64,577,0,17,4380,1
3855,1963,2,3,22419.0,0,0,2013-04-18,74,30,3,47,19,21,42,1,3,2,2,8,0,0,0,0,0,0,3,11,0,62,162,0,7,4803,0
5536,1959,2,5,87771.0,0,1,2013-05-22,61,1492,38,287,50,57,33,1,5,10,4,6,0,1,1,1,1,0,3,11,1,66,1957,1,19,4769,1
5989,1959,0,2,78353.0,0,1,2013-04-16,51,752,122,476,39,153,34,1,10,2,11,8,0,0,0,0,0,0,3,11,0,66,1576,1,23,4805,1
9499,1954,2,3,93404.0,1,2,2013-05-07,97,1279,15,287,20,0,15,3,3,4,7,5,0,1,1,0,0,0,3,11,0,71,1616,3,14,4784,1
6768,1962,2,2,37859.0,1,2,2013-01-12,75,22,1,8,2,1,2,2,1,0,3,8,0,0,0,0,0,0,3,11,0,63,36,3,4,4899,3
2150,1958,4,6,80995.0,0,1,2013-05-11,83,860,28,409,73,56,56,1,8,9,4,4,0,0,0,0,0,0,3,11,0,67,1482,1,21,4780,1
6646,1984,2,5,16529.0,1,0,2014-03-01,23,3,0,5,13,0,1,1,1,0,3,6,0,0,0,0,0,0,3,11,0,41,22,1,4,4486,0
4887,1976,4,2,55412.0,1,1,2013-11-22,65,10,5,28,11,1,8,1,2,0,3,5,0,0,0,0,0,0,3,11,0,49,63,2,5,4585,3
8560,1992,2,4,48789.0,0,0,2012-09-10,94,351,16,156,7,5,145,1,6,4,7,6,0,0,0,0,0,0,3,11,0,33,680,0,17,5023,2
3321,1967,4,5,56575.0,0,2,2013-05-05,42,421,5,90,0,16,10,3,7,3,7,5,0,0,0,0,0,0,3,11,0,58,542,2,17,4786,3
11003,1980,0,5,25130.0,1,0,2013-10-02,10,2,5,7,0,18,18,2,2,0,3,7,0,0,0,0,0,0,3,11,0,45,50,1,5,4636,0
10402,1967,2,3,35441.0,1,1,2013-02-14,94,25,1,9,2,1,1,2,1,0,3,8,0,0,0,0,0,0,3,11,0,58,39,2,4,4866,3
9904,1956,2,3,71391.0,0,1,2013-03-29,50,336,123,274,46,123,141,5,6,5,12,3,0,0,0,0,0,0,3,11,0,69,1043,1,23,4823,1
6141,1972,3,4,49494.0,1,0,2013-04-25,46,191,9,97,0,6,82,2,6,1,5,7,0,0,0,0,0,0,3,11,0,53,385,1,12,4796,0
5687,1980,2,2,81702.0,0,0,2012-09-23,98,563,50,774,28,31,187,1,7,7,12,3,0,0,0,0,0,0,3,11,0,45,1633,0,26,5010,2
10856,1980,0,4,45889.0,0,1,2013-07-02,42,31,0,6,0,1,8,1,1,0,3,6,0,0,0,0,0,0,3,11,0,45,46,1,4,4728,0
5121,1977,2,4,56628.0,0,1,2014-03-21,30,479,5,82,7,17,171,2,7,6,5,5,1,0,0,0,0,0,3,11,0,48,761,1,18,4466,2
4186,1950,2,5,34026.0,1,1,2013-08-05,11,18,6,15,12,8,17,3,2,1,3,5,0,0,0,0,0,0,3,11,0,75,76,2,6,4694,3
368,1974,2,3,40049.0,0,1,2012-11-29,61,91,65,52,10,44,28,3,3,2,6,5,0,0,0,0,0,0,3,11,0,51,290,1,11,4943,0
3312,1988,2,4,34176.0,1,0,2014-05-12,12,5,7,24,19,14,20,4,3,0,4,6,0,0,0,0,0,0,3,11,0,37,89,1,7,4414,0
11121,1981,2,3,19419.0,1,0,2012-11-10,76,2,14,28,16,3,7,4,4,0,3,9,0,0,0,0,0,0,3,11,0,44,70,1,7,4962,0
5332,1960,0,3,82504.0,0,0,2013-07-27,2,362,50,431,134,35,54,1,3,6,7,1,0,0,0,0,0,0,3,11,0,65,1066,0,16,4703,1
5848,1970,2,5,81205.0,0,0,2014-01-13,43,724,74,929,97,55,130,1,5,6,7,2,1,0,1,0,1,0,3,11,1,55,2009,0,18,4533,2
10343,1991,0,4,61618.0,0,0,2012-09-29,27,605,91,399,0,45,205,2,3,6,8,3,0,0,0,0,0,0,3,11,0,34,1345,0,17,5004,2
5935,1956,3,4,55284.0,0,1,2012-12-24,60,547,7,140,0,7,63,3,7,5,8,5,0,0,0,0,0,0,3,11,0,69,764,1,20,4918,1
2895,1963,2,4,49980.0,0,1,2013-10-23,79,104,1,54,13,9,14,2,3,1,5,5,0,0,0,0,0,0,3,11,0,62,195,1,9,4615,3
10262,1980,2,3,15072.0,2,0,2013-05-10,96,8,2,15,0,10,18,4,3,1,3,5,0,0,0,0,0,0,3,11,0,45,53,2,7,4781,0
7848,1974,2,4,49166.0,0,1,2013-06-13,17,224,2,25,7,0,110,2,5,3,3,6,0,0,0,0,0,0,3,11,0,51,368,1,11,4747,0
9477,1954,4,3,65324.0,0,1,2014-01-11,0,384,0,102,21,32,5,3,6,2,9,4,0,0,0,0,0,0,3,11,0,71,544,1,17,4535,1
4856,1957,0,3,82347.0,0,0,2012-11-06,38,556,54,845,202,133,63,1,7,7,10,3,1,0,0,1,0,0,3,11,0,68,1853,0,24,4966,1
7186,1966,4,5,30843.0,1,1,2014-05-26,43,24,0,2,0,0,9,2,1,1,2,5,1,0,0,0,0,0,3,11,0,59,35,2,4,4400,3
5794,1974,4,3,46374.0,0,1,2014-03-17,1,408,0,21,0,0,17,3,7,1,7,8,0,1,0,1,0,0,3,11,1,51,446,1,15,4470,0
1456,1979,2,4,60474.0,0,1,2013-04-01,25,265,199,303,234,9,170,7,10,2,12,7,0,0,0,0,0,0,3,11,0,46,1180,1,24,4820,2
4877,1973,3,3,38576.0,0,1,2014-03-04,2,34,0,7,0,0,0,1,1,0,3,7,0,0,0,0,0,0,3,11,0,52,41,1,4,4483,0
425,1985,2,3,55357.0,2,0,2013-02-19,66,374,64,116,84,25,64,3,6,2,11,5,0,0,0,0,0,0,3,11,0,40,727,2,19,4861,3
3007,1966,2,5,37758.0,1,1,2012-10-04,49,27,2,10,0,0,1,2,1,0,3,8,0,0,0,0,0,0,3,11,0,59,40,2,4,4999,3
1031,1989,0,3,85710.0,0,0,2013-05-05,5,600,20,350,29,30,33,1,6,9,10,2,0,0,1,0,0,0,3,11,0,36,1062,0,25,4786,2
4297,1969,2,5,23228.0,1,0,2014-01-26,71,13,2,18,6,1,0,2,2,0,3,8,0,0,0,0,0,0,3,11,0,56,40,1,5,4520,0
807,1969,3,5,44602.0,1,1,2014-02-15,35,167,2,89,0,0,34,6,6,1,4,8,0,0,0,0,0,0,3,11,0,56,292,2,11,4500,3
9553,1987,2,3,7500.0,0,0,2013-01-09,94,0,2,3,4,1,5,1,0,0,3,6,0,0,0,0,0,0,3,11,0,38,15,0,3,4902,0
4271,1989,0,5,38683.0,1,0,2012-10-04,80,46,35,69,84,41,66,6,4,1,6,7,0,0,0,0,0,0,3,11,0,36,341,1,11,4999,0
4120,1975,0,4,49514.0,1,0,2013-12-17,61,88,39,78,58,13,93,2,6,1,4,7,0,0,0,0,0,0,3,11,0,50,369,1,11,4560,0
2036,1973,4,5,57906.0,0,1,2013-06-11,29,243,11,119,10,3,15,3,4,2,8,4,0,0,0,0,0,0,3,11,0,52,401,1,14,4749,0
115,1966,3,4,43456.0,0,1,2013-03-26,0,275,11,68,25,7,7,3,5,1,8,5,0,0,0,0,0,0,3,11,0,59,393,1,14,4826,0
4259,1986,3,4,19485.0,2,0,2013-09-24,80,6,0,4,0,0,0,1,1,0,2,7,0,0,0,0,0,0,3,11,0,39,10,2,3,4644,0
8687,1978,2,5,53172.0,0,1,2013-05-06,54,121,62,90,68,20,125,3,2,3,8,3,0,0,0,0,0,0,3,11,0,47,486,1,13,4785,0
2447,1979,2,5,30545.0,1,0,2012-10-17,71,4,12,15,19,7,12,2,2,0,3,7,0,0,0,0,0,0,3,11,0,46,69,1,5,4986,0
10140,1983,4,5,70123.0,0,0,2013-09-28,27,1308,0,396,23,0,0,1,5,7,4,3,0,1,0,0,1,0,3,11,0,42,1727,0,16,4640,2
9353,1959,2,4,62450.0,0,1,2014-01-06,61,515,47,267,62,66,38,2,5,5,4,3,0,1,0,0,0,0,3,11,0,66,995,1,14,4540,1
3623,1976,2,5,21675.0,1,0,2014-06-11,55,4,0,16,17,4,4,3,4,0,3,7,0,0,0,0,0,0,3,11,0,49,45,1,7,4384,0
738,1981,0,4,42395.0,1,1,2014-04-04,35,48,13,57,24,15,25,4,3,1,4,7,0,0,0,0,0,0,3,11,0,44,182,2,8,4452,3
7631,1978,3,5,61346.0,1,0,2013-10-06,34,562,58,168,43,16,142,1,5,7,10,3,0,0,0,0,0,0,3,11,0,47,989,1,22,4632,2
4789,1953,2,5,80812.0,0,0,2013-09-17,95,769,22,500,210,143,33,1,4,8,5,2,1,0,1,1,0,0,3,11,0,72,1677,0,17,4651,1
773,1971,3,2,42835.0,1,1,2013-06-30,64,379,4,93,12,9,98,7,6,6,4,6,0,0,0,0,0,0,3,11,0,54,595,2,16,4730,3
10602,1983,2,3,39922.0,1,0,2013-02-14,30,29,12,59,19,1,36,2,3,0,4,8,0,0,0,0,0,0,3,11,0,42,156,1,7,4866,0
1446,1956,3,4,86424.0,0,0,2014-04-05,12,387,68,569,89,45,68,1,6,9,12,1,0,0,0,0,0,0,3,11,0,69,1226,0,27,4451,1
3270,1978,0,5,17117.0,1,0,2013-01-17,96,12,23,38,30,18,7,4,3,1,3,9,0,0,0,0,0,0,3,11,0,47,128,1,7,4894,0
8443,1972,2,4,24762.0,1,0,2014-02-10,16,6,10,12,3,15,40,3,3,1,2,8,1,0,0,0,0,0,3,11,1,53,86,1,6,4505,0
9653,1975,2,3,35797.0,0,1,2012-10-16,16,27,1,14,4,1,21,2,2,0,3,8,0,0,0,0,0,0,3,11,0,50,68,1,5,4987,0
8916,1975,2,2,36627.0,2,0,2013-07-23,78,9,1,5,0,0,1,1,0,0,3,5,0,0,0,0,0,0,3,11,0,50,16,2,3,4707,3
8017,1981,0,3,51111.0,1,1,2014-06-19,83,22,0,19,6,5,3,2,2,0,3,6,0,0,0,0,0,0,3,11,0,44,55,2,5,4376,3
5830,1972,4,4,86857.0,0,0,2012-09-12,96,899,102,838,133,102,40,1,5,6,10,2,0,0,0,0,0,0,3,11,1,53,2114,0,21,5021,2
4597,1970,4,5,82072.0,0,0,2013-07-02,67,889,55,685,168,92,129,1,3,2,13,1,0,0,0,0,0,0,3,11,0,55,2018,0,18,4728,2
7023,1953,4,4,46231.0,2,1,2012-11-26,87,189,2,55,0,5,12,4,6,1,4,9,0,0,0,0,0,0,3,11,0,72,263,3,11,4946,3
8086,1959,2,3,42243.0,1,1,2013-12-11,34,48,0,2,0,0,5,2,2,0,3,7,0,0,0,0,0,0,3,11,0,66,55,2,5,4566,3
8825,1962,2,5,51195.0,1,1,2013-04-01,46,230,14,156,82,24,58,8,9,2,5,8,0,0,0,0,0,0,3,11,0,63,564,2,16,4820,3
2930,1978,3,4,68092.0,0,0,2013-12-16,7,852,60,207,78,36,48,2,2,6,10,5,0,0,0,0,0,0,3,11,0,47,1281,0,18,4561,2
1928,1973,2,3,31814.0,1,0,2013-02-09,73,35,3,20,4,1,20,2,2,0,3,9,1,0,0,0,0,0,3,11,0,52,83,1,5,4871,0
7108,1965,3,6,51390.0,1,1,2012-09-08,54,205,20,47,23,2,56,6,5,2,5,5,0,0,0,0,0,0,3,11,0,60,353,2,12,5025,3
10925,1983,2,3,76630.0,0,0,2014-01-14,93,255,31,446,40,56,175,1,3,10,11,1,0,0,0,0,0,0,3,11,0,42,1003,0,24,4532,2
9960,1991,1,4,26868.0,1,0,2014-04-30,52,0,0,1,8,3,2,1,1,0,2,7,0,0,0,0,0,0,3,11,0,34,14,1,3,4426,0
8800,1943,4,2,48948.0,0,0,2013-02-01,53,437,8,206,160,49,42,2,7,10,5,6,1,0,0,0,0,0,3,11,1,82,902,0,22,4879,1
9224,1972,4,4,55260.0,0,1,2012-12-12,81,825,8,53,11,0,242,2,8,10,5,6,0,0,0,0,0,0,3,11,0,53,1139,1,23,4930,2
5519,1956,2,5,64090.0,0,1,2013-08-07,8,316,58,161,76,51,135,1,6,9,4,5,0,0,0,0,0,0,3,11,1,69,797,1,19,4692,1
5046,1958,2,2,78331.0,0,1,2014-01-23,97,756,138,354,160,169,61,2,10,6,7,4,0,0,0,0,0,0,3,11,0,67,1638,1,23,4523,1
7037,1974,4,3,37087.0,1,0,2013-08-11,50,194,55,134,15,0,3,3,4,2,8,6,0,0,0,0,0,0,3,11,0,51,401,1,14,4688,0
905,1986,2,2,21846.0,1,0,2013-10-22,38,7,17,18,6,10,26,4,4,0,3,8,0,0,0,0,0,0,3,11,0,39,84,1,7,4616,0
8624,1958,2,3,81320.0,0,0,2013-02-06,61,183,33,493,59,103,57,1,4,3,10,2,0,0,0,0,0,0,3,11,0,67,928,0,17,4874,1
8945,1970,2,2,54137.0,0,1,2013-08-16,46,171,0,11,0,1,20,2,4,1,4,6,0,0,0,0,0,0,3,11,0,55,203,1,9,4683,0
6445,1967,2,5,66825.0,0,0,2013-07-14,73,243,101,405,29,40,40,1,4,5,6,2,0,0,0,0,0,0,3,11,0,58,858,0,15,4716,1
2727,1973,2,5,57100.0,0,0,2013-12-04,19,181,21,69,39,3,96,1,3,3,6,3,0,0,0,0,0,0,3,11,0,52,409,0,12,4573,0
6404,1969,2,5,58917.0,1,2,2013-03-24,10,151,7,89,0,7,28,5,4,1,6,5,0,0,0,0,0,0,3,11,0,56,282,3,11,4828,3
11074,1977,2,4,85072.0,0,0,2014-04-09,94,494,92,391,194,11,241,1,3,4,10,0,0,0,0,0,0,0,3,11,0,48,1423,0,17,4447,2
10150,1961,2,4,86429.0,0,0,2013-11-21,10,464,28,873,29,18,37,0,7,4,7,2,0,0,0,1,0,0,3,11,1,64,1449,0,18,4586,1
1968,1971,2,6,45684.0,1,0,2013-12-02,37,5,1,5,10,0,7,1,1,0,2,7,0,0,0,0,0,0,3,11,0,54,28,1,3,4575,0
6534,1974,2,5,47889.0,1,0,2014-01-04,94,29,0,29,0,5,4,1,2,0,3,5,0,0,0,0,0,0,3,11,0,51,67,1,5,4542,0
9485,1986,4,3,45921.0,0,0,2014-03-10,23,102,9,49,24,3,12,1,2,1,6,4,0,0,0,0,0,0,3,11,0,39,199,0,9,4477,0
7053,1966,4,4,78420.0,0,0,2013-06-29,75,604,28,674,91,28,28,1,3,10,8,1,0,0,0,0,0,0,3,11,0,59,1453,0,21,4731,2
4654,1992,2,5,75114.0,0,0,2013-11-07,40,571,12,523,63,60,24,1,3,10,5,2,0,0,0,0,0,0,3,11,0,33,1253,0,18,4600,2
9760,1963,4,6,52278.0,0,1,2013-01-25,24,953,0,71,0,0,174,6,10,5,10,8,0,0,0,0,0,0,3,11,1,62,1198,1,25,4886,1
1048,1972,3,3,35641.0,1,0,2013-07-14,11,63,3,67,8,9,28,2,3,1,4,7,0,0,0,0,0,0,3,11,1,53,178,1,8,4716,0
10619,1994,2,4,95529.0,0,0,2012-12-03,29,770,29,890,250,27,24,1,7,3,7,3,0,0,1,0,0,0,3,11,1,31,1990,0,17,4939,2
9308,1954,2,3,62820.0,0,0,2013-05-11,51,398,61,265,138,61,53,1,3,4,6,1,0,0,0,0,0,0,3,11,0,71,976,0,13,4780,1
10505,1960,3,5,73113.0,0,0,2013-12-26,86,741,19,154,50,9,28,1,3,4,7,2,0,0,0,0,0,0,3,11,0,65,1001,0,14,4551,1
8362,1982,4,3,84169.0,0,0,2013-08-07,9,1478,19,403,0,19,0,1,7,6,6,3,0,1,1,0,0,0,3,11,1,43,1919,0,19,4692,2
2625,1954,0,4,42607.0,0,1,2013-11-17,30,156,29,56,30,32,47,2,3,2,7,3,0,0,0,0,0,0,3,11,0,71,350,1,12,4590,3
4637,1954,4,4,74637.0,0,0,2013-05-18,73,960,64,464,146,0,16,1,6,9,9,3,0,0,0,1,0,0,3,11,0,71,1650,0,24,4773,1
9972,1955,4,5,46015.0,1,1,2014-04-13,25,38,0,2,0,0,6,1,1,0,3,7,1,0,0,0,1,0,3,11,0,70,46,2,4,4443,3
4483,1993,2,4,72354.0,0,0,2013-04-17,67,315,26,473,220,12,182,1,2,10,6,1,0,0,0,0,0,0,3,11,0,32,1228,0,18,4804,2
4487,1969,3,4,39858.0,1,0,2013-01-24,67,15,20,25,2,7,26,1,2,0,4,6,0,0,0,0,0,0,3,11,1,56,95,1,6,4887,0
4988,1948,4,3,34469.0,1,1,2014-05-04,58,19,6,20,0,5,12,3,1,1,4,4,0,0,0,0,0,0,3,11,0,77,62,2,6,4422,3
8931,1986,2,5,83033.0,1,0,2014-05-18,82,812,99,431,237,149,33,1,11,4,10,5,0,0,0,1,0,0,3,11,0,39,1761,1,25,4408,2
5871,1979,3,5,24401.0,0,0,2012-08-31,98,73,28,217,10,24,115,3,6,1,6,8,0,0,0,0,0,0,3,11,0,46,467,0,13,5033,0
2008,1978,2,3,77583.0,0,0,2014-02-10,93,372,23,384,250,12,108,1,4,5,9,2,0,0,0,1,0,0,3,11,0,47,1149,0,18,4505,2
3139,1982,0,4,74116.0,0,0,2013-12-30,53,871,111,704,145,55,166,1,4,4,10,2,0,1,0,0,0,0,3,11,0,43,2052,0,18,4547,2
10037,1993,2,4,74293.0,0,0,2014-05-04,66,375,152,335,93,91,81,1,5,4,6,2,0,0,0,0,0,0,3,11,0,32,1127,0,15,4422,2
10673,1976,4,3,68397.0,0,1,2013-11-17,6,760,80,466,17,13,80,1,6,9,5,3,0,0,0,0,0,0,3,11,0,49,1416,1,20,4590,2
5303,1974,4,5,79632.0,0,0,2014-04-08,42,471,0,510,99,21,12,1,6,4,9,2,0,0,0,0,0,0,3,11,0,51,1113,0,19,4448,2
538,1989,2,4,46107.0,1,0,2014-02-10,78,31,9,27,16,9,33,1,1,1,4,3,0,0,0,0,0,0,3,11,0,36,125,1,6,4505,0
7922,1951,4,4,64950.0,0,1,2012-08-12,29,819,0,72,12,0,63,2,11,2,10,7,0,1,0,0,0,0,3,11,0,74,966,1,23,5052,1
5692,1989,1,3,25443.0,1,0,2012-12-22,82,1,4,3,8,9,7,1,1,0,3,8,0,0,0,0,0,0,3,11,0,36,32,1,4,4920,0
4843,1952,2,4,75127.0,0,0,2014-05-22,92,203,35,305,46,17,227,1,2,11,5,1,0,0,0,0,0,0,3,11,0,73,833,0,18,4404,1
6383,1971,4,5,32892.0,1,0,2014-05-25,78,26,0,15,2,1,2,2,3,0,3,8,0,0,0,0,0,0,3,11,0,54,46,1,6,4401,0
1628,1971,2,5,71796.0,0,0,2013-10-24,54,354,21,311,167,75,32,1,9,3,4,4,0,0,0,0,0,0,3,11,0,54,960,0,16,4614,2
1204,1970,4,3,67536.0,0,1,2013-05-22,45,1253,0,447,23,71,35,3,11,5,11,8,0,0,0,1,0,0,3,11,0,55,1829,1,27,4769,2
3673,1971,2,4,55239.0,0,1,2013-07-14,59,371,17,238,23,24,106,3,7,5,11,5,0,0,0,0,0,0,3,11,0,54,779,1,23,4716,1
760,1975,4,2,60554.0,1,0,2013-08-09,8,588,7,76,110,15,15,2,8,4,9,6,0,0,0,0,0,0,3,11,0,50,811,1,21,4690,2
8957,1952,0,4,64831.0,1,1,2013-06-10,51,480,86,249,75,86,144,8,6,3,5,6,0,0,0,0,0,0,3,11,0,73,1120,2,14,4750,1
4128,1962,4,5,56067.0,0,1,2013-07-20,51,517,12,54,16,6,120,2,7,4,7,5,0,0,0,0,0,0,3,11,0,63,725,1,18,4710,1
6810,1983,2,2,82025.0,0,0,2013-05-28,76,267,98,606,48,70,98,1,3,2,6,1,0,0,1,0,0,0,3,11,1,42,1187,0,11,4763,2
5386,1953,2,5,94384.0,0,0,2013-03-04,62,1111,24,790,160,45,172,0,5,8,5,2,0,1,1,1,0,0,3,11,1,72,2302,0,18,4848,1
8700,1986,1,4,14906.0,0,0,2012-12-22,86,7,7,14,7,16,15,3,2,1,3,7,0,0,0,0,0,0,3,11,0,39,66,0,6,4920,0
3202,1987,4,3,51563.0,0,0,2012-10-01,60,1166,0,48,0,0,36,1,4,4,10,8,0,1,1,0,0,0,3,11,0,38,1250,0,18,5002,2
1328,1982,0,3,57937.0,0,1,2014-02-16,56,261,42,144,55,48,133,3,4,4,9,3,0,0,0,0,0,0,3,11,0,43,683,1,17,4499,2
8405,1979,2,2,68274.0,1,1,2013-09-30,83,135,25,51,23,25,46,2,4,2,5,3,0,0,0,0,0,0,3,11,0,46,305,2,11,4638,3
6515,1977,2,5,39771.0,1,0,2013-12-06,92,6,2,18,2,8,14,1,2,0,3,4,0,0,0,0,0,0,3,11,0,48,50,1,5,4571,0
2882,1975,0,2,67893.0,0,1,2012-10-01,31,711,28,142,49,18,47,2,3,2,9,8,0,0,0,0,0,0,3,11,0,50,995,1,14,5002,2
7574,1979,4,5,27922.0,1,0,2014-05-10,80,11,0,13,2,4,11,1,2,0,3,4,0,0,0,0,0,0,3,11,0,46,41,1,5,4416,0
6387,1976,4,5,52190.0,1,1,2014-05-08,39,42,0,17,0,0,18,3,2,1,3,5,1,0,0,0,0,0,3,11,0,49,77,2,6,4418,3
5320,1973,3,2,44051.0,1,1,2013-01-29,20,79,7,58,6,3,18,4,3,1,4,6,0,0,0,0,0,0,3,11,1,52,171,2,8,4882,3
5048,1971,4,4,42767.0,2,0,2013-05-11,53,20,6,43,19,5,38,1,3,1,2,8,0,0,0,0,0,0,3,11,0,54,131,2,6,4780,3
8146,1976,3,5,46106.0,1,1,2014-05-11,84,30,0,8,2,0,14,1,1,1,2,6,0,0,0,0,0,0,3,11,0,49,54,2,4,4415,3
10031,1976,4,3,16927.0,1,1,2013-02-10,50,20,2,23,3,1,4,5,3,0,4,8,0,0,0,0,0,0,3,11,0,49,53,2,7,4870,3
5748,1965,2,3,59754.0,0,1,2012-12-01,96,115,27,44,4,146,139,3,5,2,6,5,0,0,0,0,0,0,3,11,1,60,475,1,13,4941,1
2134,1952,2,4,53700.0,0,1,2012-08-17,94,263,5,233,69,41,83,4,5,5,8,5,0,0,0,0,0,0,3,11,0,73,694,1,18,5047,1
1523,1973,2,3,59041.0,1,1,2014-05-07,25,69,2,15,2,2,6,2,2,0,4,5,0,0,0,0,0,0,3,11,0,52,96,2,6,4419,3
9665,1957,4,2,54237.0,0,1,2013-04-27,48,267,3,30,4,0,57,4,5,2,5,6,0,0,0,0,0,0,3,11,0,68,361,1,12,4794,1
4640,1967,2,2,70647.0,0,1,2012-09-21,65,561,85,171,25,123,114,2,4,7,13,2,0,0,0,0,0,0,3,11,0,58,1079,1,24,5012,1
3635,1962,4,4,52597.0,0,1,2014-05-07,69,492,0,37,7,0,42,3,6,3,8,5,0,0,0,0,0,0,3,11,0,63,578,1,17,4419,1
3547,1969,3,5,41021.0,1,0,2012-12-30,12,14,7,9,6,16,12,2,2,0,3,6,0,0,0,0,0,0,3,11,1,56,64,1,5,4912,0
2456,1975,4,3,40233.0,0,1,2013-10-14,84,80,4,46,0,17,2,5,2,1,5,6,0,0,0,0,0,0,3,11,0,50,149,1,8,4624,0
5633,1980,2,3,50183.0,1,1,2014-06-25,47,97,12,84,13,10,15,7,3,1,6,5,0,0,0,0,0,0,3,11,0,45,231,2,10,4370,3
7801,1959,2,5,54753.0,0,1,2013-09-12,87,197,107,227,7,59,131,3,5,2,11,4,0,0,0,0,0,0,3,11,0,66,728,1,18,4656,1
10489,1973,2,3,92955.0,0,0,2013-08-19,35,693,21,925,31,24,84,1,6,7,9,2,0,0,1,1,0,0,3,11,1,52,1778,0,22,4680,2
7011,1973,2,3,33471.0,1,0,2012-10-12,47,43,2,27,0,9,12,3,3,0,4,7,0,0,0,0,0,0,3,11,0,52,93,1,7,4991,0
2620,1974,4,3,34596.0,1,0,2013-04-13,48,14,0,2,0,0,7,1,1,0,2,8,0,0,0,0,0,0,3,11,1,51,23,1,3,4808,0
3933,1980,2,5,44010.0,1,0,2012-10-13,46,186,36,234,86,72,48,6,10,2,6,9,0,0,0,0,0,0,3,11,0,45,662,1,18,4990,0
10981,1988,2,3,84219.0,0,0,2014-02-02,27,434,137,400,45,137,45,1,3,4,10,1,0,0,0,0,0,0,3,11,0,37,1198,0,17,4513,2
1734,1968,4,5,40706.0,2,1,2013-01-17,37,59,0,11,4,2,5,4,3,0,4,7,0,0,0,0,0,0,3,11,0,57,81,3,7,4894,3
10995,1988,0,3,15716.0,1,0,2012-11-12,8,16,5,30,8,7,26,3,3,0,4,8,0,0,0,0,0,1,3,11,0,37,92,1,7,4960,0
6357,1959,0,2,59052.0,0,1,2013-11-17,29,230,35,75,63,57,31,3,7,1,7,5,0,0,0,0,0,0,3,11,0,66,491,1,15,4590,1
9209,1971,3,5,80573.0,0,0,2012-10-14,85,829,138,430,60,92,15,1,4,6,13,2,0,0,0,0,0,0,3,11,0,54,1564,0,23,4989,2
10286,1962,2,3,83715.0,0,0,2014-02-03,2,318,8,407,150,35,8,1,2,8,13,0,0,0,0,0,0,0,3,11,0,63,926,0,23,4512,1
2611,1959,3,5,82576.0,0,0,2012-08-01,66,1206,55,445,168,18,18,1,2,4,12,1,0,0,1,0,0,0,3,11,0,66,1910,0,18,5063,2
1600,1965,3,3,56962.0,2,1,2013-10-11,60,292,3,77,10,3,26,7,6,3,5,7,0,0,0,0,0,0,3,11,0,60,411,3,14,4627,3
3308,1952,2,3,35704.0,1,1,2014-01-03,54,30,9,12,2,11,30,3,2,0,4,4,0,0,0,0,0,0,3,11,0,73,94,2,6,4543,3
5407,1954,2,5,53103.0,0,1,2013-09-12,70,729,17,133,11,0,195,5,10,6,7,7,1,0,0,0,0,0,3,11,0,71,1085,1,23,4656,1
2166,1960,0,6,46779.0,1,1,2013-07-12,55,12,1,3,0,0,7,1,0,1,2,4,0,0,0,0,0,0,3,11,0,65,23,2,3,4718,3
3955,1965,2,2,4861.0,0,0,2014-06-22,20,2,1,1,1,0,1,0,0,0,0,14,0,0,0,0,0,0,3,11,0,60,6,0,0,4373,0
6634,1979,3,2,33462.0,1,0,2013-08-07,78,22,3,18,0,0,11,1,2,0,3,7,0,0,0,0,0,0,3,11,0,46,54,1,5,4692,0
3056,1978,2,2,63693.0,0,1,2013-10-14,63,587,43,337,42,87,54,3,11,6,9,6,0,0,0,0,0,0,3,11,0,47,1150,1,26,4624,2
5718,1950,2,3,80763.0,0,0,2013-08-15,17,674,168,108,192,42,231,1,5,11,6,3,0,0,1,1,0,0,3,11,1,75,1415,0,22,4684,1
6872,1974,4,3,65352.0,0,1,2013-08-21,43,284,3,84,4,7,23,2,4,2,8,4,0,0,0,0,0,0,3,11,0,51,405,1,14,4678,0
8164,1978,4,3,82170.0,0,0,2013-11-25,13,1023,93,651,49,55,37,1,5,6,7,2,0,0,0,0,0,0,3,11,0,47,1908,0,18,4582,2
4580,1969,2,3,75759.0,0,0,2013-10-25,46,1394,22,708,89,91,182,1,9,7,9,5,1,0,1,1,0,0,3,11,1,56,2486,0,25,4613,2
9305,1976,0,4,79689.0,0,0,2013-05-12,65,311,26,640,180,37,121,1,4,9,13,2,0,0,0,0,0,0,3,11,0,49,1315,0,26,4779,2
453,1956,4,6,35340.0,1,1,2014-06-29,1,27,0,12,0,1,5,2,2,0,3,5,0,0,0,0,0,0,3,11,0,69,45,2,5,4366,3
8545,1954,2,2,85683.0,0,0,2014-03-21,6,1296,17,311,45,69,51,1,2,4,10,1,0,1,1,1,1,0,3,11,1,71,1789,0,16,4466,1
9850,1972,0,3,24884.0,1,0,2012-11-29,32,3,6,7,0,0,3,1,0,0,3,7,0,0,0,0,0,0,3,11,0,53,19,1,3,4943,0
7378,1981,3,5,42021.0,1,0,2012-08-31,34,393,5,136,7,5,27,5,10,1,6,9,1,0,0,0,0,0,3,11,0,44,573,1,17,5033,0
7646,1989,2,4,64449.0,1,0,2014-02-18,70,218,63,282,137,35,70,4,5,3,12,4,0,0,0,0,0,0,3,11,0,36,805,1,20,4497,2
1640,1954,2,2,64587.0,1,1,2014-06-22,49,66,0,16,0,6,20,2,1,1,4,3,0,0,0,0,0,0,3,11,0,71,108,2,6,4373,3
5184,1995,2,4,34824.0,0,0,2014-03-26,65,4,2,11,2,0,4,1,1,0,2,6,0,0,0,0,0,0,3,11,0,30,23,0,3,4461,0
8492,1978,2,5,75437.0,0,0,2013-11-09,25,795,0,545,95,58,0,1,8,4,10,6,0,0,0,1,0,0,3,11,0,47,1493,0,22,4598,2
11188,1957,2,5,26091.0,1,1,2014-02-25,84,15,10,19,8,17,20,3,2,1,3,5,0,0,0,0,0,0,3,11,0,68,89,2,6,4490,3
1212,1973,2,3,52845.0,1,0,2013-08-13,7,384,25,292,130,41,64,3,8,8,6,6,1,0,0,0,0,0,3,11,0,52,936,1,22,4686,1
9097,1956,2,2,46086.0,0,1,2013-11-03,34,244,8,32,7,2,50,4,3,1,8,4,0,0,0,0,0,0,3,11,0,69,343,1,12,4604,3
10473,1956,4,6,78028.0,0,1,2012-09-10,38,158,19,288,25,0,38,1,6,4,9,7,0,1,1,0,0,0,3,11,1,69,528,1,19,5023,1
7962,1987,4,4,95169.0,0,0,2013-10-09,1,1285,21,449,106,20,20,1,4,3,4,1,0,0,1,1,0,0,3,11,1,38,1901,0,11,4629,2
9984,1981,0,3,56337.0,1,1,2013-03-27,25,349,16,144,28,5,182,5,8,5,4,8,1,0,0,1,0,0,3,11,1,44,724,2,17,4825,3
5527,1987,2,5,22434.0,1,0,2013-02-13,25,4,12,11,3,13,15,2,2,0,3,8,0,0,0,0,0,0,3,11,0,38,58,1,5,4867,0
6374,1954,4,3,36930.0,0,1,2013-05-17,50,223,2,31,0,2,39,5,5,2,4,8,0,0,0,0,0,0,3,11,0,71,297,1,11,4774,3
7453,1954,2,4,36130.0,0,1,2013-02-02,46,157,43,127,68,56,37,6,3,8,4,4,1,0,0,0,0,0,3,11,1,71,488,1,15,4878,1
8952,1953,3,3,65569.0,0,1,2012-11-05,96,397,46,288,20,38,70,2,6,5,10,3,0,0,0,0,0,0,3,11,0,72,859,1,21,4967,1
241,1952,2,5,83844.0,0,0,2013-05-12,57,901,31,345,75,31,191,1,4,4,11,1,0,0,1,0,0,0,3,11,0,73,1574,0,19,4779,1
8975,1968,2,3,19514.0,1,1,2014-01-26,47,14,3,21,2,1,28,4,3,1,2,8,1,0,0,0,0,0,3,11,0,57,69,2,6,4520,3
6119,1963,4,4,36736.0,1,1,2013-05-10,52,10,0,3,0,0,4,1,1,0,2,6,0,0,0,0,0,0,3,11,0,62,17,2,3,4781,3
5236,1979,2,5,77568.0,0,1,2012-08-25,30,1230,0,396,232,178,158,1,10,2,8,5,0,1,1,1,0,0,3,11,0,46,2194,1,20,5039,2
5723,1976,4,5,49187.0,0,1,2014-01-11,63,81,1,31,2,1,0,1,1,1,5,2,0,0,0,0,0,0,3,11,0,49,116,1,7,4535,0
1710,1978,2,4,30168.0,1,0,2013-03-07,51,154,20,66,0,12,27,7,6,1,4,9,0,0,0,0,0,0,3,11,0,47,279,1,11,4845,0
1970,1968,3,5,34053.0,0,1,2012-09-10,14,63,0,21,7,0,12,1,3,0,3,8,0,0,0,0,0,0,3,11,0,57,103,1,6,5023,0
5313,1971,3,3,38196.0,1,1,2014-04-18,20,30,0,11,0,0,3,3,2,0,4,5,0,0,0,0,0,0,3,11,0,54,44,2,6,4438,3
10634,1951,3,3,59412.0,0,0,2014-04-19,56,90,67,165,30,43,11,1,4,2,8,3,0,0,0,0,0,0,3,11,0,74,406,0,14,4437,1
7010,1965,0,3,70924.0,0,0,2014-04-07,41,635,114,254,132,152,76,1,6,6,7,3,0,0,1,0,0,0,3,11,0,60,1363,0,19,4449,2
8562,1969,2,5,54165.0,0,0,2013-05-28,72,127,4,73,15,6,11,1,2,1,7,2,0,0,0,0,0,0,3,11,0,56,236,0,10,4763,0
3158,1973,2,3,32300.0,1,0,2013-01-03,1,13,3,6,6,5,6,1,1,0,3,8,0,0,0,0,0,0,3,11,0,52,39,1,4,4908,0
4436,1976,2,4,20180.0,0,0,2013-02-20,27,18,42,24,15,20,18,1,2,1,4,7,0,0,0,0,0,0,3,11,0,49,137,0,7,4860,0
5287,1973,2,3,34961.0,1,0,2014-06-19,77,45,2,26,4,1,1,3,3,1,3,7,0,0,0,0,0,0,3,11,0,52,79,1,7,4376,0
2445,1974,4,5,28440.0,1,0,2013-07-07,87,38,1,24,0,0,0,1,2,0,3,8,0,0,0,0,0,0,3,11,0,51,63,1,5,4723,0
6059,1953,4,5,64504.0,1,2,2013-03-04,81,986,36,168,16,0,108,7,11,3,4,7,0,0,0,0,0,0,3,11,1,72,1314,3,18,4848,3
4550,1966,3,5,33564.0,0,1,2014-06-24,51,61,0,3,0,0,7,1,1,1,3,5,0,0,0,0,0,0,3,11,0,59,71,1,5,4371,0
4240,1978,2,3,17345.0,1,0,2012-11-03,79,4,9,16,17,0,12,2,2,1,2,8,0,0,0,0,0,0,3,11,0,47,58,1,5,4969,0
8911,1967,4,3,56320.0,0,1,2013-04-08,11,201,53,172,116,77,83,3,5,4,9,4,0,0,0,0,0,0,3,11,0,58,702,1,18,4813,1
3706,1978,2,4,28647.0,1,0,2013-08-21,54,19,8,29,0,12,26,1,2,2,2,7,1,0,0,0,0,0,3,11,1,47,94,1,6,4678,0
3628,1987,1,4,15038.0,1,0,2013-01-29,93,4,8,11,19,12,26,2,2,1,2,9,0,0,0,0,0,0,3,11,0,38,80,1,5,4882,0
10175,1958,4,2,32173.0,0,1,2013-08-01,0,18,0,2,0,0,2,1,1,0,3,4,0,0,0,0,0,0,3,11,0,67,22,1,4,4698,3
8985,1964,0,5,68316.0,0,1,2012-11-04,54,806,80,161,120,11,33,5,10,7,10,6,0,0,0,0,0,0,3,11,0,61,1211,1,27,4968,1
5204,1971,2,5,74538.0,0,0,2013-06-29,21,380,98,733,110,112,28,1,8,8,5,3,0,0,1,0,0,0,3,11,1,54,1461,0,21,4731,2
9220,1971,2,4,91700.0,0,0,2013-01-17,58,576,172,961,125,115,19,1,8,6,5,3,0,0,0,0,0,0,3,11,1,54,1968,0,19,4894,2
9888,1969,2,5,68695.0,0,0,2014-06-25,3,458,81,356,106,50,40,1,4,4,7,2,0,0,0,0,0,0,3,11,0,56,1091,0,15,4370,2
5263,1977,0,3,31056.0,1,0,2013-01-22,99,5,10,13,3,8,16,1,1,0,3,8,0,0,0,0,0,0,3,11,0,48,55,1,4,4889,0
1020,1973,2,3,79593.0,0,0,2014-05-12,70,350,60,568,110,133,145,1,5,6,7,2,0,0,1,0,0,0,3,11,0,52,1366,0,18,4414,2
9503,1980,2,4,28071.0,0,0,2012-08-29,65,39,33,130,41,26,44,2,5,1,5,8,0,0,0,0,0,0,3,11,0,45,313,0,11,5035,0
10613,1958,4,5,37334.0,1,1,2014-02-26,44,26,1,16,2,2,15,4,3,0,4,4,0,0,0,0,0,0,3,11,0,67,62,2,7,4489,3
67,1972,3,4,46423.0,1,1,2013-09-18,6,68,0,16,0,0,8,3,2,0,4,7,0,0,0,0,0,0,3,11,0,53,92,2,6,4650,3
6019,1971,4,3,37126.0,1,0,2014-03-30,9,45,3,9,4,4,7,1,1,2,2,6,1,0,0,0,0,0,3,11,1,54,72,1,5,4457,0
5863,1953,2,3,47703.0,0,1,2013-05-29,95,359,0,134,13,26,123,4,6,3,8,5,0,0,0,0,0,0,3,11,0,72,655,1,17,4762,1
3717,1959,2,3,61180.0,0,1,2014-04-23,70,403,24,29,6,24,218,2,5,5,6,3,1,0,0,0,0,0,3,11,0,66,704,1,16,4433,1
6730,1954,2,3,38998.0,1,1,2012-11-03,92,34,1,14,0,0,5,3,2,0,3,8,0,0,0,0,0,1,3,11,0,71,54,2,5,4969,3
10749,1991,2,4,8028.0,0,0,2012-09-18,62,73,18,66,7,12,2,15,0,1,0,19,0,0,0,0,0,0,3,11,0,34,178,0,1,5015,0
4998,1962,2,5,76081.0,0,0,2014-05-23,85,292,30,415,63,33,200,1,4,5,4,2,0,0,0,1,0,0,3,11,0,63,1033,0,13,4403,1
6287,1986,2,5,34728.0,1,0,2013-07-30,2,14,0,16,0,0,6,1,1,1,2,6,0,0,0,0,0,0,3,11,1,39,36,1,4,4700,0
5985,1965,3,4,33168.0,0,1,2012-10-13,0,80,1,37,0,1,3,3,2,1,4,7,0,0,0,0,0,0,3,11,0,60,122,1,7,4990,0
4754,1966,3,3,33585.0,0,1,2013-09-25,91,30,11,33,13,6,29,1,2,0,4,4,0,0,0,0,0,0,3,11,0,59,122,1,6,4643,0
4002,1960,4,3,77037.0,0,1,2013-10-13,3,463,96,333,168,53,10,1,7,7,12,3,0,0,0,0,0,0,3,11,0,65,1123,1,26,4625,1
8870,1984,2,5,35196.0,1,0,2012-11-13,68,75,12,141,43,39,187,6,6,1,5,8,0,0,0,0,0,0,3,11,1,41,497,1,12,4959,0
966,1966,2,3,44529.0,0,1,2013-07-05,98,538,13,91,17,6,26,6,6,2,11,5,0,1,0,0,0,0,3,11,0,59,691,1,19,4725,1
4767,1965,0,3,70924.0,0,0,2014-04-07,41,635,114,254,132,152,76,1,6,6,7,3,0,0,1,0,0,0,3,11,0,60,1363,0,19,4449,2
9725,1966,4,5,28764.0,1,1,2014-06-05,16,8,0,3,0,0,1,1,1,0,2,8,1,0,0,0,0,0,3,11,0,59,12,2,3,4390,3
4475,1949,4,3,69098.0,0,0,2013-02-16,82,1315,22,780,145,0,178,1,7,8,9,5,0,0,0,0,0,0,3,11,0,76,2440,0,24,4864,1
5740,1970,0,2,25959.0,1,1,2013-02-14,1,4,2,12,7,5,26,2,1,2,2,6,0,0,0,0,0,0,3,11,1,55,56,2,5,4866,3
5731,1983,3,3,27100.0,1,0,2013-04-05,64,12,0,13,2,0,10,1,1,0,3,7,0,0,0,0,0,0,3,11,0,42,37,1,4,4816,0
7290,1985,2,4,70596.0,0,0,2012-10-05,68,347,44,534,17,0,26,1,3,5,12,2,0,0,0,0,0,0,3,11,0,40,968,0,20,4998,2
3846,1974,2,3,42557.0,0,1,2012-08-29,98,192,5,53,0,5,15,4,6,1,4,8,0,0,0,0,0,0,3,11,0,51,270,1,11,5035,0
8104,1951,4,3,53312.0,0,0,2013-08-09,32,241,0,12,0,0,25,1,5,1,5,7,0,0,0,0,0,0,3,11,0,74,278,0,11,4690,1
4507,1952,2,4,72228.0,0,0,2012-11-27,87,631,28,491,30,14,56,1,6,7,8,3,0,0,0,0,0,0,3,11,0,73,1250,0,21,4945,1
11013,1987,2,5,67605.0,0,0,2013-03-31,84,336,28,282,184,54,54,1,2,8,6,1,0,0,0,0,0,0,3,11,0,38,938,0,16,4821,2
4491,1949,3,3,62845.0,1,1,2012-10-01,3,1099,0,45,0,0,34,11,3,4,10,8,0,1,0,0,0,0,3,11,0,76,1178,2,17,5002,1
3759,1958,2,5,65196.0,0,2,2013-07-25,34,743,19,181,12,0,200,2,7,6,11,5,1,0,0,0,0,0,3,11,0,67,1155,2,24,4705,1
1162,1987,4,4,42000.0,0,0,2013-01-10,23,124,83,267,85,59,35,2,5,2,11,5,0,0,0,0,0,0,3,11,1,38,653,0,18,4901,2
2055,1973,4,2,35860.0,1,1,2014-05-19,37,15,0,8,4,2,20,2,1,1,2,5,1,0,0,0,0,0,3,11,0,52,49,2,4,4407,3
10766,1964,4,3,65526.0,0,1,2014-04-11,22,397,19,69,12,0,9,1,4,4,8,2,0,0,0,0,0,0,3,11,0,61,506,1,16,4445,1
4415,1961,2,3,16860.0,1,1,2012-09-12,19,10,4,4,3,3,14,3,1,1,3,7,0,0,0,0,0,0,3,11,0,64,38,2,5,5021,3
3005,1992,2,4,83528.0,0,0,2014-05-01,7,530,117,678,134,44,147,1,4,10,8,1,1,0,0,1,0,0,3,11,1,33,1650,0,22,4425,2
2223,1965,0,2,64176.0,0,1,2012-08-03,52,1215,33,249,64,116,149,8,8,9,8,6,0,0,0,0,0,0,3,11,0,60,1826,1,25,5061,2
4817,1956,2,2,22304.0,0,0,2012-08-04,91,3,2,7,0,4,2,1,1,0,2,8,0,0,0,0,0,0,3,11,0,69,18,0,3,5060,0
2875,1978,2,3,67023.0,0,0,2014-03-04,93,444,44,382,11,8,17,1,3,7,13,2,0,0,0,0,0,1,3,11,0,47,906,0,23,4483,2
10536,1971,4,5,32892.0,1,0,2014-05-25,78,26,0,15,2,1,2,2,3,0,3,8,0,0,0,0,0,0,3,11,0,54,46,1,6,4401,0
11112,1966,2,5,70713.0,0,1,2012-12-03,23,736,114,279,82,76,190,6,5,6,8,3,0,0,0,0,0,0,3,11,0,59,1477,1,19,4939,1
3807,1955,2,5,59925.0,0,1,2012-11-30,83,473,21,176,19,21,56,3,9,2,9,6,0,0,0,0,0,0,3,11,0,70,766,1,20,4942,1
9197,1953,2,3,39722.0,0,1,2014-02-24,92,32,0,5,2,0,8,2,2,0,3,5,0,0,0,0,0,0,3,11,0,72,47,1,5,4491,3
10832,1958,2,5,46610.0,0,0,2013-07-18,4,288,10,30,4,10,125,1,6,1,6,6,0,0,0,0,0,0,3,11,0,67,467,0,13,4712,1
6421,1961,2,5,88347.0,0,0,2013-07-03,32,1050,178,555,77,138,118,1,4,7,9,1,0,0,0,1,0,0,3,11,0,64,2116,0,20,4727,2
4207,1981,4,3,87171.0,0,0,2013-05-01,27,1001,44,107,58,44,44,1,6,7,11,2,1,0,1,0,0,0,3,11,0,44,1298,0,24,4790,2
577,1976,0,5,26907.0,1,1,2013-08-20,10,9,1,7,0,3,2,2,1,0,3,7,0,0,0,0,0,0,3,11,0,49,22,2,4,4679,3
10855,1968,3,4,50014.0,1,0,2014-01-22,9,234,14,77,19,10,42,2,4,1,8,5,0,0,0,0,0,0,3,11,0,57,396,1,13,4524,0
3081,1978,4,3,41014.0,1,0,2013-04-22,65,7,2,6,2,0,3,1,1,0,2,7,0,0,0,0,0,0,3,11,0,47,20,1,3,4799,0
3535,1965,2,4,66294.0,0,0,2014-03-17,68,251,108,334,65,92,117,1,4,3,5,2,0,0,0,0,0,0,3,11,0,60,967,0,12,4470,1
247,1971,2,3,36715.0,1,0,2012-11-17,16,172,10,125,21,13,16,6,7,2,4,9,0,0,0,0,0,0,3,11,1,54,357,1,13,4955,0
8707,1956,2,3,79456.0,0,0,2012-08-22,12,565,42,548,64,83,99,1,5,6,4,3,0,0,0,0,0,0,3,11,1,69,1401,0,15,5042,1
9523,1982,2,5,40479.0,1,0,2013-08-17,95,5,0,8,2,0,0,1,0,0,3,4,0,0,0,0,0,0,3,11,0,43,15,1,3,4682,0
6072,1970,3,4,75345.0,0,0,2013-02-02,16,918,57,842,99,38,133,1,5,8,6,3,0,0,0,1,0,0,3,11,1,55,2087,0,19,4878,2
6295,1977,2,3,54233.0,0,1,2013-02-04,46,652,8,158,21,0,142,4,11,6,5,8,0,0,0,0,0,0,3,11,0,48,981,1,22,4876,2
10914,1970,2,4,24163.0,1,1,2013-10-12,3,4,1,7,2,1,2,2,1,0,3,4,0,0,0,0,0,0,3,11,0,55,17,2,4,4626,3
1509,1958,4,5,84460.0,0,0,2013-01-04,80,152,27,103,106,54,81,0,9,9,4,5,0,1,1,1,1,0,3,11,1,67,523,0,22,4907,1
5577,1983,2,5,43776.0,1,0,2014-05-03,77,8,0,9,2,1,3,1,1,0,2,6,0,0,0,0,0,0,3,11,0,42,23,1,3,4423,0
7348,1958,4,4,71691.0,0,0,2014-03-17,0,336,130,411,240,32,43,1,4,7,5,2,0,0,0,0,0,0,3,11,1,67,1192,0,16,4470,1
1127,1973,4,3,85844.0,0,0,2014-05-29,62,938,19,843,25,95,38,1,6,6,7,2,0,0,1,0,0,0,3,11,0,52,1958,0,19,4397,2
1833,1974,4,4,39190.0,1,0,2014-04-26,91,68,8,18,19,8,12,2,2,1,4,5,0,0,0,0,0,0,3,11,0,51,133,1,7,4430,0
4944,1959,2,5,71367.0,0,0,2013-08-23,24,227,23,389,42,21,75,1,4,5,7,2,0,0,0,0,0,0,3,11,0,66,777,0,16,4676,1
9080,1972,4,4,38578.0,1,1,2013-06-22,2,38,4,22,3,3,3,3,3,0,3,8,0,0,0,0,0,0,3,11,0,53,73,2,6,4738,3
6466,1965,4,3,57236.0,1,1,2014-03-12,22,105,0,9,2,1,4,3,2,1,4,3,0,0,0,0,0,0,3,11,0,60,121,2,7,4475,3
9964,1979,2,4,61825.0,0,1,2013-08-07,56,162,50,100,55,30,27,1,4,2,8,4,0,0,0,0,0,0,3,11,0,46,424,1,14,4692,0
4790,1958,2,2,79803.0,0,1,2014-06-02,54,574,8,216,21,16,33,1,4,3,5,1,0,0,0,0,0,0,3,11,0,67,868,1,12,4393,1
10245,1986,0,4,80910.0,0,0,2012-10-31,71,160,80,369,67,39,41,1,3,3,8,1,0,0,0,0,0,0,3,11,0,39,756,0,14,4972,2
1109,1982,3,5,27590.0,1,0,2013-04-23,38,6,0,5,0,0,1,1,1,0,2,7,0,0,0,0,0,0,3,11,0,43,12,1,3,4798,0
6001,1979,2,3,56775.0,0,1,2013-01-02,62,614,35,160,58,35,35,2,5,8,10,5,0,0,0,0,0,0,3,11,0,46,937,1,23,4909,2
5538,1975,2,2,83829.0,0,0,2013-10-08,78,897,161,430,186,161,27,0,4,7,6,1,1,0,1,1,0,0,3,11,1,50,1862,0,17,4630,2
10552,1979,0,3,54210.0,0,1,2013-05-20,18,70,54,109,80,9,45,2,4,1,7,5,0,0,0,0,0,0,3,11,0,46,367,1,12,4771,0
1545,1986,2,3,38508.0,1,0,2013-08-02,95,120,19,206,25,19,54,6,7,2,5,8,0,0,0,0,0,0,3,11,0,39,443,1,14,4697,0
7409,1970,2,5,53187.0,1,0,2013-10-26,66,211,2,30,7,7,10,2,4,1,6,5,0,0,0,0,0,0,3,11,0,55,267,1,11,4612,0
4444,1972,2,3,30023.0,1,0,2014-03-24,28,11,0,16,7,6,21,1,2,0,3,8,0,0,0,0,0,0,3,11,0,53,61,1,5,4463,0
146,1960,4,4,76045.0,0,0,2013-11-15,78,760,53,400,17,93,0,1,4,5,11,2,0,0,0,1,0,0,3,11,0,65,1323,0,20,4592,1
6271,1952,4,3,50870.0,0,1,2014-06-19,13,53,0,8,0,0,2,1,2,0,3,5,0,0,0,0,0,0,3,11,0,73,63,1,5,4376,3
10065,1970,0,3,15315.0,0,0,2013-08-03,27,7,4,13,15,8,17,2,2,0,4,5,0,0,0,0,0,0,3,11,0,55,64,0,6,4696,0
4741,1974,0,3,65463.0,1,0,2014-01-30,17,391,32,70,21,32,16,2,6,2,9,5,0,1,0,0,0,0,3,11,0,51,562,1,17,4516,1
246,1965,2,3,66480.0,1,1,2014-05-31,71,199,9,57,20,21,6,7,4,1,7,4,0,0,0,0,0,0,3,11,0,60,312,2,12,4395,3
375,1954,2,2,76773.0,0,0,2013-02-25,79,516,56,449,86,33,16,1,2,2,11,1,0,0,0,0,0,0,3,11,0,71,1156,0,15,4855,1
1524,1983,0,4,81698.0,0,0,2013-03-01,1,709,45,115,30,160,45,1,8,2,5,5,0,0,0,1,0,0,3,11,1,42,1104,0,15,4851,2
10022,1973,4,4,54466.0,1,1,2014-02-09,78,12,0,4,0,0,0,1,1,0,2,5,0,0,0,0,0,0,3,11,0,52,16,2,3,4506,3
7451,1960,3,4,98777.0,0,0,2014-02-17,23,1000,19,711,125,115,38,0,4,6,9,1,0,1,0,0,0,0,3,11,0,65,2008,0,19,4498,2
11010,1984,4,4,16269.0,1,0,2013-08-30,75,19,3,18,3,1,0,3,3,0,3,8,0,0,0,0,0,0,3,11,0,41,44,1,6,4669,0
4356,1971,2,5,71819.0,0,1,2013-08-28,70,1224,28,140,0,14,168,3,3,3,5,6,0,1,1,0,0,0,3,11,0,54,1574,1,11,4671,2
3885,1983,4,3,33569.0,1,0,2013-10-16,10,16,2,18,3,0,24,1,1,1,2,8,1,0,0,0,0,0,3,11,1,42,63,1,4,4622,0
1175,1983,3,3,36262.0,0,0,2013-09-20,24,88,39,54,64,28,153,1,3,5,3,6,1,0,0,0,0,0,3,11,1,42,426,0,11,4648,0
880,1966,1,5,22634.0,0,0,2013-01-16,47,2,23,11,8,6,46,1,2,1,2,8,0,0,0,0,0,0,3,11,0,59,96,0,5,4895,0
2320,1978,0,3,47025.0,0,1,2013-09-12,98,508,11,59,23,5,29,5,11,1,6,9,0,0,0,0,0,0,3,11,0,47,635,1,18,4656,0
850,1968,2,4,70566.0,0,1,2013-10-06,4,381,28,215,84,28,21,2,6,5,9,3,0,0,0,0,0,0,3,11,0,57,757,1,20,4632,1
4713,1979,4,3,31605.0,1,0,2012-11-22,15,74,0,42,2,1,6,2,2,1,4,7,0,0,0,0,0,0,3,11,0,46,125,1,7,4950,0
675,1973,3,2,52034.0,1,1,2013-05-17,67,146,0,93,7,13,73,5,4,2,5,7,0,0,0,0,0,0,3,11,0,52,332,2,11,4774,3
5025,1979,2,4,48526.0,1,0,2013-12-24,32,23,17,23,43,20,9,1,2,1,4,3,0,0,0,0,0,0,3,11,0,46,135,1,7,4553,0
2308,1954,2,3,46734.0,0,1,2012-11-18,40,110,5,137,26,23,29,2,6,1,5,7,0,0,0,0,0,0,3,11,0,71,330,1,12,4954,3
5995,1962,2,2,39552.0,1,1,2012-12-18,54,165,3,147,4,24,41,7,6,2,5,8,0,0,0,0,0,0,3,11,1,63,384,2,13,4924,3
6749,1966,2,4,86358.0,1,1,2012-08-08,78,957,47,494,82,47,95,4,5,3,6,8,0,0,0,0,0,0,3,11,0,59,1722,2,14,5056,1
1010,1977,2,5,46931.0,2,1,2014-04-24,94,41,0,17,3,1,16,2,1,1,3,3,0,0,0,0,0,0,3,11,0,48,78,3,5,4432,3
8977,1985,1,4,16581.0,0,0,2013-01-12,51,1,3,4,2,3,11,1,0,0,3,4,0,0,0,0,0,0,3,11,0,40,24,0,3,4899,0
4756,1952,0,2,63998.0,0,0,2013-12-20,42,176,29,818,0,33,112,1,7,6,11,4,0,0,0,0,0,0,3,11,1,73,1168,0,24,4557,1
3412,1951,3,3,67381.0,0,1,2013-01-15,67,815,8,53,11,0,70,4,2,2,9,7,0,1,0,0,0,0,3,11,0,74,957,1,13,4896,1
606,1967,2,4,25930.0,1,1,2013-10-10,87,6,1,2,2,0,4,1,1,0,2,7,0,0,0,0,0,0,3,11,0,58,15,2,3,4628,3
5961,1978,2,3,42693.0,1,0,2014-06-07,29,8,4,20,6,3,16,1,1,0,3,5,0,0,0,0,0,0,3,11,0,47,57,1,4,4388,0
2975,1976,2,5,85606.0,0,1,2012-11-12,89,717,42,864,219,30,84,2,6,7,9,3,0,0,0,1,0,0,3,11,0,49,1956,1,22,4960,2
2894,1985,2,4,72903.0,0,0,2013-10-29,74,1067,138,750,0,19,39,1,7,5,8,4,0,1,1,1,0,0,3,11,1,40,2013,0,20,4609,2
7613,1974,0,5,49669.0,1,0,2014-05-24,97,166,5,107,11,8,29,2,5,1,6,6,0,0,0,0,0,0,3,11,0,51,326,1,12,4402,0
10542,1968,4,3,36778.0,1,1,2012-08-05,63,29,4,34,2,4,4,3,3,0,3,9,0,0,0,0,0,0,3,11,0,57,77,2,6,5059,3
8015,1962,4,2,85696.0,0,0,2013-05-03,88,714,76,395,116,0,12,1,4,6,9,1,0,0,0,0,0,0,3,11,1,63,1313,0,19,4788,1
10617,1989,3,2,10979.0,0,0,2014-05-22,34,8,4,10,2,2,4,2,3,0,3,5,0,0,0,0,0,0,3,11,0,36,30,0,6,4404,0
11166,1961,2,3,49678.0,0,1,2013-02-02,81,229,5,56,3,2,20,2,6,2,4,7,0,0,0,0,0,0,3,11,0,64,315,1,12,4878,3
849,1953,3,5,56129.0,0,1,2013-06-20,65,320,48,133,39,72,48,4,6,2,10,4,0,0,0,0,0,0,3,11,0,72,660,1,18,4740,1
523,1989,2,3,37155.0,1,0,2013-01-31,51,23,0,26,7,15,3,1,2,0,4,5,0,0,0,0,0,0,3,11,0,36,74,1,6,4880,0
4066,1978,0,2,21282.0,1,0,2014-05-11,76,1,5,8,4,8,20,2,2,1,2,6,0,0,0,0,0,0,3,11,0,47,46,1,5,4415,0
8414,1962,4,4,33419.0,0,1,2013-08-17,76,56,0,12,0,0,18,2,2,0,4,7,0,0,0,0,0,0,3,11,0,63,86,1,6,4682,0
819,1945,2,6,63285.0,0,0,2013-11-05,84,508,124,249,50,38,134,1,6,5,13,3,0,0,0,0,0,0,3,11,0,80,1103,0,24,4602,1
4961,1974,3,5,21255.0,1,0,2014-01-21,56,29,0,25,2,2,3,4,2,1,4,4,0,0,0,0,0,0,3,11,0,51,61,1,7,4525,0
749,1981,2,5,42162.0,1,0,2013-11-19,31,46,7,59,2,4,27,2,3,1,3,6,1,0,0,0,0,0,3,11,1,44,145,1,7,4588,0
5430,1956,2,5,54450.0,1,1,2012-09-14,0,454,0,171,8,19,32,12,9,2,8,8,0,0,0,0,0,0,3,11,0,69,684,2,19,5019,1
7755,1954,4,3,57744.0,0,1,2013-11-12,91,350,3,39,0,0,19,2,9,1,4,8,0,0,0,0,0,0,3,11,0,71,411,1,14,4595,1
10525,1986,2,4,26576.0,1,0,2012-10-13,40,10,0,8,0,0,9,1,1,0,2,9,1,0,0,0,0,0,3,11,1,39,27,1,3,4990,0
1453,1943,4,6,57513.0,0,0,2013-07-06,59,735,40,183,52,20,30,2,9,3,13,6,0,0,0,0,0,0,3,11,0,82,1060,0,25,4724,1
8310,1964,2,5,68142.0,0,1,2012-08-29,96,897,126,196,91,112,37,3,10,4,7,6,0,0,0,0,0,0,3,11,0,61,1459,1,21,5035,1
10710,1979,2,3,7500.0,0,1,2012-08-29,61,5,2,3,3,0,5,1,1,0,2,8,0,0,0,0,0,0,3,11,0,46,18,1,3,5035,0
5031,1974,2,5,83145.0,0,0,2012-09-22,14,777,35,731,39,137,114,1,5,9,11,2,0,0,1,0,0,0,3,11,1,51,1833,0,25,5011,2
2613,1960,3,3,54197.0,0,1,2014-04-03,16,162,6,37,6,13,13,2,1,3,6,1,0,0,0,0,0,0,3,11,0,65,237,1,10,4453,3
213,1963,4,4,23091.0,1,1,2014-05-28,98,35,0,11,0,0,2,4,2,1,3,7,0,0,0,0,0,0,3,11,0,62,48,2,6,4398,3
967,1976,2,3,46049.0,1,1,2013-07-21,11,342,9,112,19,14,19,10,5,2,9,7,0,0,0,0,0,0,3,11,1,49,515,2,16,4709,3
1077,1974,2,5,56715.0,0,0,2012-12-05,52,258,105,239,237,172,9,1,7,3,4,4,0,0,0,0,0,0,3,11,0,51,1020,0,14,4937,2
7959,1961,2,3,79410.0,0,0,2014-05-29,19,658,80,483,123,13,13,1,3,2,5,1,0,0,0,0,0,0,3,11,0,64,1370,0,10,4397,1
640,1951,2,3,57304.0,0,1,2013-03-11,61,356,80,329,138,17,106,2,7,6,10,5,0,0,0,0,0,0,3,11,0,74,1026,1,23,4841,1
4252,1965,2,3,44375.0,0,1,2014-03-23,73,213,5,28,7,7,41,1,4,1,6,5,0,0,0,0,0,0,3,11,0,60,301,1,11,4464,3
8432,1956,2,5,54450.0,1,1,2012-09-14,0,454,0,171,8,19,32,12,9,2,8,8,0,0,0,0,0,0,3,11,0,69,684,2,19,5019,1
6218,1965,2,3,59594.0,0,1,2012-10-20,74,457,4,29,0,0,9,1,8,1,7,7,0,1,0,0,0,0,3,11,0,60,499,1,16,4983,1
6905,1994,2,5,80685.0,0,0,2012-08-22,55,241,45,604,34,26,54,1,6,4,10,2,0,0,0,0,0,0,3,11,0,31,1004,0,20,5042,2
5922,1974,4,3,40344.0,0,1,2013-10-13,48,210,0,6,0,0,2,2,4,1,5,7,0,0,0,0,0,0,3,11,0,51,218,1,10,4625,0
3598,1972,2,3,62710.0,0,1,2013-05-23,53,441,35,83,7,29,11,4,4,2,12,4,0,0,0,0,0,0,3,11,0,53,606,1,18,4768,1
6116,1968,0,3,48985.0,0,1,2013-07-05,13,19,13,18,10,7,8,1,1,1,3,3,0,0,0,0,0,0,3,11,0,57,75,1,5,4725,0
6263,1968,2,5,35322.0,1,2,2012-08-22,34,28,9,37,12,7,13,3,2,0,4,8,0,0,0,0,0,0,3,11,0,57,106,3,6,5042,3
10486,1948,2,3,77142.0,0,0,2013-05-29,54,476,75,162,29,151,97,1,4,4,8,2,0,0,0,0,0,0,3,11,0,77,990,0,16,4762,1
2410,1969,2,4,81657.0,0,0,2014-01-22,69,364,40,425,158,60,50,1,3,4,8,1,0,0,0,0,0,0,3,11,0,56,1097,0,15,4524,2
193,1996,1,3,14421.0,0,0,2014-02-17,81,0,0,2,3,3,8,1,1,0,2,5,1,0,0,0,0,0,3,11,0,29,16,0,3,4498,0
3363,1974,0,3,20130.0,0,0,2014-03-17,99,0,6,3,7,6,12,1,1,0,3,8,0,0,0,0,0,0,3,11,0,51,34,0,4,4470,0
8278,1990,4,3,74214.0,0,0,2012-08-26,3,863,83,547,86,99,33,1,8,2,5,5,0,0,0,0,0,0,3,11,0,35,1711,0,15,5038,2
10660,1957,3,3,66726.0,1,1,2014-01-12,61,349,7,35,0,0,47,3,8,2,4,7,0,1,0,0,0,0,3,11,0,68,438,2,14,4534,3
8686,1979,1,5,23724.0,1,0,2013-01-08,65,5,23,15,0,18,14,2,2,0,3,8,0,0,0,0,0,0,3,11,0,46,75,1,5,4903,0
1604,1960,3,3,47353.0,0,1,2013-11-13,93,184,2,19,8,8,4,3,2,2,6,5,0,0,0,0,0,0,3,11,0,65,225,1,10,4594,3
5907,1952,3,3,33444.0,1,1,2012-11-03,24,8,0,8,0,0,2,1,1,0,2,8,0,0,0,0,0,0,3,11,0,73,18,2,3,4969,3
10669,1981,2,3,54386.0,0,1,2013-05-17,8,277,21,64,62,21,25,2,3,2,10,3,0,0,0,0,0,0,3,11,0,44,470,1,15,4774,0
2918,1981,2,2,28510.0,1,1,2013-04-13,72,44,5,19,0,4,19,3,2,0,4,5,0,0,0,0,0,0,3,11,0,44,91,2,6,4808,3
5735,1991,3,4,90638.0,0,0,2014-02-13,29,1156,120,915,94,144,96,1,3,4,10,1,0,0,1,0,0,0,3,11,0,34,2525,0,17,4502,2
359,1950,2,5,48070.0,0,1,2013-01-13,33,373,14,83,6,9,19,3,8,2,6,7,0,0,0,0,0,1,3,11,0,75,504,1,16,4898,1
8387,1957,2,3,43140.0,0,1,2013-01-05,68,134,8,76,6,0,11,1,4,1,5,6,0,0,0,0,0,0,3,11,0,68,235,1,10,4906,3
1829,1961,4,2,54959.0,0,1,2013-01-19,55,1148,0,60,0,0,24,3,9,5,4,7,0,1,0,0,0,0,3,11,1,64,1232,1,18,4892,1
3839,1958,1,4,15056.0,1,1,2013-05-03,76,6,12,3,21,6,40,5,2,2,3,5,0,0,0,0,0,0,3,11,0,67,88,2,7,4788,3
9392,1971,2,4,26954.0,1,0,2014-05-08,17,4,1,11,0,0,1,1,1,0,2,7,0,0,0,0,0,0,3,11,0,54,17,1,3,4418,0
2292,1985,2,4,22327.0,1,0,2013-08-02,94,5,4,8,2,0,5,1,1,0,3,5,0,0,0,0,0,0,3,11,0,40,24,1,4,4697,0
10466,1965,2,3,44393.0,1,1,2013-08-22,86,24,2,20,2,2,10,2,1,0,4,4,0,0,0,0,0,0,3,11,0,60,60,2,5,4677,3
9855,1952,4,4,62000.0,0,1,2013-08-25,25,899,0,101,0,0,20,1,6,6,13,4,0,0,0,1,0,0,3,11,0,73,1020,1,25,4674,1
4088,1962,4,5,31497.0,0,1,2012-12-06,22,108,1,28,13,1,4,2,3,1,4,8,0,0,0,0,0,0,3,11,0,63,155,1,8,4936,0
5231,1974,0,3,45894.0,0,2,2014-02-27,15,27,2,7,0,2,13,1,1,0,3,5,0,0,0,0,0,0,3,11,0,51,51,2,4,4488,3
590,1970,3,2,78579.0,0,0,2012-12-22,35,816,66,549,216,66,99,1,5,6,4,3,0,0,0,0,0,0,3,11,1,55,1812,0,15,4920,2
8732,1969,3,6,67369.0,0,1,2012-11-17,81,1298,0,70,37,14,42,4,7,4,10,4,0,1,1,0,0,0,3,11,1,56,1461,1,21,4955,2
2315,1960,2,2,58401.0,0,1,2014-04-20,55,10,0,11,17,29,29,1,1,2,2,4,0,0,0,0,0,0,3,11,0,65,96,1,5,4436,3
3515,1952,2,4,62307.0,0,1,2014-02-17,94,87,13,34,10,6,10,1,4,0,4,5,0,0,0,0,0,0,3,11,0,73,160,1,8,4498,3
2245,1969,3,3,43641.0,1,1,2013-04-22,50,57,2,51,4,2,23,3,2,1,4,6,0,0,0,0,0,0,3,11,0,56,139,2,7,4799,3
6283,1968,3,2,63841.0,0,1,2013-04-21,64,635,15,100,20,7,131,1,9,3,9,6,0,0,0,0,0,0,3,11,0,57,908,1,21,4800,1
2246,1965,0,3,46891.0,0,1,2013-09-01,91,43,12,23,29,15,61,1,2,1,4,4,0,0,0,0,0,0,3,11,0,60,183,1,7,4667,0
6606,1969,3,3,70091.0,1,0,2013-03-31,11,964,34,137,15,0,11,2,5,2,10,8,0,1,0,0,0,0,3,11,0,56,1161,1,17,4821,1
5545,1972,4,3,78075.0,0,0,2014-04-05,72,572,8,259,34,35,80,1,3,5,5,1,0,0,0,0,0,0,3,11,0,53,988,0,13,4451,2
7342,1961,0,6,59184.0,0,1,2012-09-09,6,341,142,113,259,151,66,3,6,6,12,5,0,0,0,0,0,0,3,11,0,64,1072,1,24,5024,1
837,1977,2,3,54809.0,1,1,2013-09-11,0,63,6,57,13,13,22,4,2,1,5,4,0,0,0,0,0,0,3,11,0,48,174,2,8,4657,3
9500,1959,2,3,58113.0,0,1,2013-01-25,66,221,104,169,102,78,84,3,9,2,8,7,0,0,0,0,0,1,3,11,0,66,758,1,19,4886,1
3602,1958,3,3,51412.0,0,1,2013-12-31,42,140,3,29,4,5,14,2,3,2,4,4,0,0,0,0,0,0,3,11,0,67,195,1,9,4546,3
234,1979,2,2,15287.0,1,0,2012-10-10,60,1,2,8,4,3,13,2,1,1,2,7,1,0,0,0,0,0,3,11,1,46,31,1,4,4993,0
2995,1957,3,5,66636.0,0,0,2013-08-17,64,291,10,689,84,10,0,1,3,4,9,1,0,0,0,0,0,0,3,11,0,68,1084,0,16,4682,1
1118,1956,3,3,50965.0,0,1,2013-02-20,87,544,13,85,8,6,29,3,10,4,5,8,1,0,0,0,0,0,3,11,0,69,685,1,19,4860,1
7789,1965,4,3,84618.0,0,0,2013-11-22,96,684,100,801,21,66,0,1,6,9,10,2,0,0,1,0,0,0,3,11,0,60,1672,0,25,4585,2
3068,1990,2,3,18351.0,0,0,2013-10-29,1,1,12,9,0,14,7,1,2,0,3,7,0,0,0,0,0,0,3,11,0,35,43,0,5,4609,0
8955,1957,4,5,40451.0,0,2,2014-02-16,54,35,0,4,0,0,10,1,1,1,2,5,1,0,0,0,0,0,3,11,0,68,49,2,4,4499,3
945,1965,2,5,36317.0,0,1,2013-05-22,53,87,3,25,3,2,13,2,3,0,4,7,0,0,0,0,0,0,3,11,0,60,133,1,7,4769,0
5644,1957,2,5,42213.0,0,1,2013-10-12,96,309,3,24,4,3,20,2,5,1,7,7,0,1,0,0,0,0,3,11,0,68,363,1,13,4626,3
7192,1955,2,5,65748.0,0,1,2013-04-15,58,172,73,93,95,78,34,2,2,4,10,1,0,0,0,0,0,1,3,11,0,70,545,1,16,4806,1
2324,1972,2,5,77044.0,0,1,2013-10-27,12,625,38,242,50,34,76,2,7,11,11,4,1,0,0,0,0,0,3,11,0,53,1065,1,29,4611,2
697,1969,2,5,74918.0,0,0,2013-03-12,78,972,59,913,25,19,59,1,5,9,6,3,0,0,1,0,0,0,3,11,0,56,2047,0,20,4840,2
3439,1972,2,3,56721.0,1,1,2012-10-31,64,157,6,39,6,13,75,5,4,1,5,6,0,0,0,0,0,0,3,11,0,53,296,2,10,4972,3
1506,1975,2,4,42160.0,1,1,2013-06-28,26,48,9,45,3,15,20,4,2,1,4,6,0,0,0,0,0,0,3,11,1,50,140,2,7,4732,3
232,1965,2,4,61559.0,0,1,2013-07-17,8,279,83,88,32,14,34,1,4,2,10,3,0,0,0,0,0,0,3,11,0,60,530,1,16,4713,1
8876,1963,4,5,33629.0,1,1,2012-08-08,49,132,0,16,0,0,4,5,3,1,4,9,0,0,0,0,0,0,3,11,0,62,152,2,8,5056,3
4500,1991,4,5,68682.0,0,0,2013-10-06,56,919,0,505,99,30,45,1,4,9,10,2,0,0,0,0,0,0,3,11,0,34,1598,0,23,4632,2
9739,1963,2,4,34377.0,0,1,2013-01-19,55,62,0,22,3,1,26,2,2,2,2,7,0,0,0,0,0,0,3,11,0,62,114,1,6,4892,0
10395,1986,1,4,8940.0,1,0,2012-08-22,25,1,45,3,4,6,42,3,3,1,3,8,0,0,0,0,0,0,3,11,0,39,101,1,7,5042,0
1176,1973,2,3,26228.0,1,0,2013-09-22,50,2,6,4,3,1,9,1,1,0,2,8,0,0,0,0,0,0,3,11,0,52,25,1,3,4646,0
1627,1957,0,2,77297.0,0,0,2013-01-26,84,408,61,109,48,122,41,1,5,7,9,4,0,0,0,1,0,0,3,11,0,68,789,0,21,4885,1
938,1981,2,3,40211.0,1,1,2013-07-30,30,51,1,7,2,1,25,2,2,1,2,8,1,0,0,0,0,0,3,11,0,44,87,2,5,4700,3
2740,1958,4,6,33438.0,1,1,2013-09-22,81,62,1,16,3,2,6,4,2,1,4,5,0,0,0,0,0,0,3,11,0,67,90,2,7,4646,3
257,1959,4,3,75032.0,0,1,2013-04-28,74,952,12,180,47,12,12,2,5,4,9,3,0,0,0,0,0,0,3,11,0,66,1215,1,18,4793,1
4058,1955,4,4,61284.0,0,0,2013-10-12,76,618,15,106,20,7,45,1,11,2,8,6,0,1,0,0,0,0,3,11,0,70,811,0,21,4626,1
7736,1986,2,3,22518.0,1,0,2012-10-22,36,11,7,12,2,2,27,2,2,1,2,5,1,0,0,0,0,0,3,11,1,39,61,1,5,4981,0
8210,1975,3,3,54730.0,0,1,2013-08-15,64,318,3,17,4,7,56,5,4,1,8,4,0,0,0,0,0,0,3,11,0,50,405,1,13,4684,0
833,1955,3,3,38452.0,1,1,2014-03-30,62,56,0,14,0,0,2,3,3,0,3,7,0,0,0,0,0,0,3,11,0,70,72,2,6,4457,3
6230,1971,2,2,44421.0,1,1,2013-02-15,53,110,5,59,7,1,7,5,5,0,4,8,0,0,0,0,0,0,3,11,0,54,189,2,9,4865,3
7325,1986,4,5,38197.0,1,0,2013-06-29,86,23,0,11,2,1,3,1,1,0,3,5,0,0,0,0,0,0,3,11,0,39,40,1,4,4731,0
1307,1978,2,2,41986.0,0,1,2014-02-09,15,27,5,8,8,3,12,3,3,0,4,4,0,0,0,0,0,0,3,11,0,47,63,1,7,4506,0
1502,1983,2,5,28427.0,1,0,2013-03-21,67,18,3,19,3,3,6,2,2,0,3,8,0,0,0,0,0,0,3,11,0,42,52,1,5,4831,0
6211,1976,4,5,37395.0,1,0,2014-05-02,47,18,0,9,0,1,11,1,1,0,3,6,0,0,0,0,0,0,3,11,0,49,39,1,4,4424,0
843,1971,2,3,64722.0,1,0,2014-05-26,47,303,0,280,60,147,15,4,8,2,11,6,0,0,0,0,0,0,3,11,0,54,805,1,21,4400,1
4174,1956,3,5,55249.0,0,1,2014-04-17,81,97,1,19,2,0,11,1,2,1,4,3,0,0,0,0,0,0,3,11,0,69,130,1,7,4439,3
9757,1972,2,5,84906.0,0,0,2013-10-04,98,997,15,414,99,30,76,1,5,6,12,2,0,1,1,0,1,0,3,11,0,53,1631,0,23,4634,2
6918,1989,2,3,28691.0,1,0,2013-07-04,56,5,4,13,8,0,4,1,1,0,3,8,0,0,0,0,0,0,3,11,0,36,34,1,4,4726,0
286,1952,2,4,44213.0,1,1,2013-11-29,48,95,11,35,0,4,7,4,2,1,5,6,0,0,0,0,0,0,3,11,0,73,152,2,8,4578,3
11086,1984,1,4,25707.0,1,0,2014-01-18,18,1,6,2,3,6,3,1,1,0,3,7,0,0,0,0,0,0,3,11,0,41,21,1,4,4528,0
1921,1967,4,3,59062.0,2,1,2013-10-03,74,46,1,12,3,0,9,2,2,0,3,4,0,0,0,0,0,0,3,11,0,58,71,3,5,4635,3
4138,1962,2,4,76624.0,0,1,2014-05-24,68,411,106,147,54,115,66,1,5,10,7,1,1,0,0,0,0,0,3,11,0,63,899,1,22,4402,1
7718,1947,3,5,66000.0,0,0,2014-04-20,36,244,51,270,101,0,45,1,1,3,5,1,0,0,0,0,0,0,3,11,0,78,711,0,9,4436,1
1291,1978,4,5,27683.0,1,0,2012-08-04,90,152,9,121,12,12,45,4,6,2,4,8,0,0,0,0,0,0,3,11,0,47,351,1,12,5060,0
6862,1971,2,2,1730.0,0,0,2014-05-18,65,1,1,3,1,1,1,15,0,0,0,20,0,0,0,0,0,0,3,11,0,54,8,0,0,4408,0
4136,1992,1,4,7500.0,1,0,2012-12-03,63,10,17,18,8,26,40,4,3,2,2,9,0,0,0,0,0,0,3,11,0,33,119,1,7,4939,0
803,1968,2,5,40521.0,1,1,2013-04-05,82,12,0,5,0,0,4,1,0,1,2,5,0,0,0,0,0,0,3,11,0,57,21,2,3,4816,3
4298,1973,4,5,20427.0,1,0,2014-03-24,63,5,0,4,0,0,1,1,1,0,2,8,0,0,0,0,0,0,3,11,0,52,10,1,3,4463,0
10833,1975,2,3,65106.0,0,1,2014-05-24,55,790,19,133,12,0,19,3,8,3,13,6,0,1,0,0,0,0,3,11,0,50,973,1,24,4402,2
9606,1965,4,3,69969.0,0,0,2013-08-27,64,882,29,514,38,29,44,1,4,2,6,3,0,0,1,1,0,0,3,11,1,60,1536,0,12,4672,2
8534,1952,2,3,67433.0,0,2,2013-07-16,51,615,28,259,12,48,30,4,6,5,13,4,0,1,0,0,0,0,3,11,0,73,992,2,24,4714,1
5153,1967,4,3,77766.0,0,1,2013-02-22,97,1004,59,265,115,59,27,2,11,10,11,6,1,0,0,0,0,0,3,11,1,58,1529,1,32,4858,2
961,1972,2,3,74716.0,0,1,2013-09-12,92,133,27,421,13,195,71,2,7,3,5,4,0,0,0,0,0,0,3,11,0,53,860,1,15,4656,1
5011,1963,2,2,68118.0,0,1,2013-10-18,51,595,23,123,10,23,154,2,8,9,4,6,0,0,0,0,0,0,3,11,0,62,928,1,21,4620,1
6653,1970,4,3,55158.0,1,1,2012-07-30,72,293,0,87,4,11,23,4,7,2,5,7,0,0,0,0,0,0,3,11,1,55,418,2,14,5065,3
9094,1955,0,3,62972.0,0,1,2012-08-03,39,313,15,47,20,0,192,2,7,4,3,6,0,0,0,0,0,0,3,11,1,70,587,1,14,5061,1
810,1975,2,3,74190.0,0,1,2014-05-12,49,151,81,86,168,91,64,2,4,2,11,2,0,0,0,0,0,0,3,11,0,50,641,1,17,4414,2
5493,1976,2,3,39356.0,1,1,2014-03-19,21,15,0,2,0,0,6,1,1,0,2,6,1,0,0,0,0,0,3,11,0,49,23,2,3,4468,3
2147,1969,2,5,76653.0,0,0,2013-08-16,91,736,63,946,219,189,126,1,4,7,11,2,0,0,1,1,0,0,3,11,0,56,2279,0,22,4683,2
5107,1973,4,2,35860.0,1,1,2014-05-19,37,15,0,8,4,2,20,2,1,1,2,5,1,0,0,0,0,0,3,11,0,52,49,2,4,4407,3
3979,1983,4,2,90687.0,0,0,2013-05-22,98,982,17,672,23,34,51,1,6,2,8,2,0,0,1,0,0,0,3,11,1,42,1779,0,16,4769,2
6049,1982,3,5,73450.0,0,0,2013-12-05,85,1142,51,415,90,69,37,1,7,8,11,3,1,0,0,1,0,0,3,11,0,43,1804,0,26,4572,2
8147,1960,2,3,31454.0,1,1,2013-07-06,40,28,0,11,0,0,9,3,2,0,3,8,0,0,0,0,0,0,3,11,0,65,48,2,5,4724,3
1857,1952,2,4,47139.0,1,1,2014-03-06,2,46,0,12,0,2,23,2,2,1,2,7,0,0,0,0,0,0,3,11,1,73,83,2,5,4481,3
3910,1975,2,2,83829.0,0,0,2013-10-08,78,897,161,430,186,161,27,0,4,7,6,1,1,0,1,1,0,0,3,11,1,50,1862,0,17,4630,2
5207,1963,4,3,53378.0,1,1,2012-09-24,41,489,6,152,8,6,132,10,9,4,6,8,0,0,0,0,0,0,3,11,1,62,793,2,19,5009,3
11114,1970,2,5,19656.0,1,0,2013-02-08,94,25,4,9,6,8,32,3,2,1,3,7,0,0,0,0,0,0,3,11,0,55,84,1,6,4872,0
5429,1948,4,3,45579.0,0,1,2013-08-20,10,145,1,33,2,1,1,1,4,1,4,6,0,0,0,0,0,0,3,11,0,77,183,1,9,4679,3
9400,1958,0,4,85485.0,0,0,2014-06-21,73,630,26,611,44,18,54,1,6,6,6,2,0,0,0,0,0,0,3,11,0,67,1383,0,18,4374,1
1740,1944,2,3,55956.0,0,0,2014-04-07,22,760,38,104,50,9,38,2,7,3,4,4,0,1,0,0,0,0,3,11,0,81,999,0,14,4449,1
7488,1963,3,4,64191.0,0,1,2013-01-22,30,420,15,186,151,38,15,3,5,3,13,3,0,0,0,0,0,0,3,11,0,62,825,1,21,4889,1
195,1972,2,4,38808.0,1,0,2012-08-26,21,125,17,52,3,19,30,4,5,1,4,8,1,0,0,0,0,0,3,11,1,53,246,1,10,5038,0
635,1966,3,3,57183.0,1,1,2013-03-19,51,464,5,64,7,0,70,8,9,1,7,8,0,0,0,0,0,0,3,11,0,59,610,2,17,4833,3
7527,1968,3,2,23748.0,1,0,2012-11-21,97,6,6,29,12,15,8,3,2,1,3,8,0,0,0,0,0,0,3,11,0,57,76,1,6,4951,0
10319,1971,2,3,66303.0,0,1,2013-02-26,56,1090,12,96,16,12,60,4,3,4,11,8,0,1,0,0,0,0,3,11,0,54,1286,1,18,4854,2
2296,1975,3,3,37368.0,1,0,2013-12-16,4,3,2,11,2,2,10,1,1,0,2,6,1,0,0,0,0,0,3,11,0,50,30,1,3,4561,0
10637,1964,2,3,40800.0,1,2,2013-01-01,77,24,0,27,8,30,10,2,3,0,3,7,0,0,0,0,0,1,3,11,0,61,99,3,6,4910,3
2931,1978,2,2,71847.0,0,0,2012-09-21,95,737,21,106,55,63,210,0,6,7,9,3,0,0,0,1,0,0,3,11,0,47,1192,0,22,5012,2
907,1975,2,3,46149.0,0,1,2013-11-29,36,254,6,71,4,0,27,5,5,1,7,5,0,0,0,0,0,0,3,11,0,50,362,1,13,4578,0
3698,1983,2,5,78687.0,0,0,2012-08-09,13,817,185,687,145,55,241,1,4,6,8,2,0,0,1,0,0,0,3,11,1,42,2130,0,18,5055,2
9516,1971,0,2,49118.0,0,0,2012-08-18,90,620,54,239,99,98,119,2,9,7,10,7,0,1,0,0,1,0,3,11,1,54,1229,0,26,5046,2
679,1957,4,3,37633.0,1,1,2012-09-20,49,13,4,20,0,0,1,2,1,0,3,9,0,0,0,0,0,0,3,11,0,68,38,2,4,5013,3
7384,1951,3,5,39767.0,0,0,2013-07-21,18,113,61,204,34,26,47,2,7,1,7,8,0,0,0,0,0,0,3,11,0,74,485,0,15,4709,1
5043,1951,1,3,26997.0,0,0,2012-11-05,89,7,23,78,133,49,144,2,4,2,5,7,0,0,0,0,0,0,3,11,0,74,434,0,11,4967,1
5267,1970,2,2,33986.0,1,0,2013-03-14,43,16,2,18,2,1,5,1,1,0,3,7,0,0,0,0,0,0,3,11,0,55,44,1,4,4838,0
339,1972,4,3,57091.0,0,1,2012-11-23,82,462,0,24,6,0,4,2,9,2,5,7,0,1,0,0,0,0,3,11,1,53,496,1,16,4949,1
2516,1969,0,3,46831.0,1,1,2013-06-08,84,22,2,10,6,4,34,2,1,2,2,4,0,0,0,0,0,0,3,11,0,56,78,2,5,4752,3
9010,1972,3,3,83151.0,0,0,2013-02-10,80,968,147,842,137,42,210,1,5,7,10,2,1,0,1,1,0,0,3,11,1,53,2346,0,22,4870,2
378,1971,2,3,52531.0,0,0,2012-12-30,68,283,112,151,51,72,125,2,7,2,10,6,0,0,0,0,0,0,3,11,0,54,794,0,19,4912,2
4808,1956,2,3,15759.0,0,0,2013-09-05,12,1,2,5,6,0,3,1,1,0,2,7,0,0,0,0,0,0,3,11,0,69,17,0,3,4663,0
5068,1971,2,4,22804.0,1,0,2013-07-31,75,14,1,7,2,1,1,1,2,0,2,9,0,0,0,0,0,0,3,11,0,54,26,1,4,4699,0
7628,1973,0,3,43050.0,1,0,2014-03-18,10,30,5,24,6,3,8,2,2,0,4,5,0,0,0,0,0,0,3,11,0,52,76,1,6,4469,0
7128,1977,4,4,42997.0,1,1,2013-12-07,91,4,0,5,0,1,5,1,1,0,2,7,0,0,0,0,0,0,3,11,0,48,15,2,3,4570,3
2811,1963,4,4,48918.0,1,1,2014-04-12,21,52,0,9,0,0,1,2,1,0,4,4,0,0,0,0,0,0,3,11,0,62,62,2,5,4444,3
3551,1954,3,5,60033.0,0,1,2014-03-29,28,62,1,57,19,11,48,2,2,1,5,2,0,0,0,0,0,0,3,11,0,71,198,1,8,4458,3
1663,1978,4,5,34043.0,1,0,2013-10-25,97,20,2,14,3,0,10,1,2,0,2,9,0,0,0,0,0,0,3,11,0,47,49,1,4,4613,0
5543,1966,2,5,57811.0,0,1,2013-06-24,49,545,7,114,37,21,78,5,7,2,11,5,0,1,0,0,0,0,3,11,0,59,802,1,20,4736,1
1577,1946,2,3,78569.0,0,0,2014-02-19,14,558,79,622,207,175,95,1,4,6,4,1,0,0,1,0,0,0,3,11,1,79,1736,0,14,4496,1
10641,1978,2,4,7500.0,1,1,2012-12-27,5,6,5,4,13,4,25,4,2,1,3,6,0,0,0,0,0,0,3,11,0,47,57,2,6,4915,0
5336,1971,3,5,157733.0,1,0,2013-06-04,37,39,1,9,2,0,8,0,1,0,1,1,0,0,0,0,0,0,3,11,0,54,59,1,2,4756,1
6024,1953,2,5,94384.0,0,0,2013-03-04,62,1111,24,790,160,45,172,0,5,8,5,2,0,1,1,1,0,0,3,11,1,72,2302,0,18,4848,1
1878,1985,0,3,23148.0,0,0,2014-02-18,83,4,6,8,6,3,10,1,2,0,3,7,0,0,0,0,0,0,3,11,0,40,37,0,5,4497,0
3099,1970,2,2,44267.0,1,1,2013-02-25,48,183,5,65,3,5,49,5,5,2,4,9,0,0,0,0,0,0,3,11,0,55,310,2,11,4855,3
6055,1979,2,3,71626.0,0,0,2012-11-01,94,546,72,376,94,145,72,1,5,5,8,3,0,1,0,0,0,0,3,11,0,46,1305,0,18,4971,2
5841,1966,2,5,60894.0,0,1,2013-06-28,61,606,7,155,10,0,54,5,10,3,8,7,0,0,0,0,0,0,3,11,0,59,832,1,21,4732,1
3972,1976,2,5,50200.0,1,1,2013-04-03,70,266,6,51,8,6,64,6,7,1,5,8,0,0,0,0,0,0,3,11,0,49,401,2,13,4818,3
4394,1965,4,3,81051.0,0,0,2014-05-23,43,1142,29,249,38,29,14,1,5,5,12,2,0,1,1,0,0,0,3,11,0,60,1501,0,22,4403,2
5758,1982,2,3,65169.0,0,0,2014-01-14,23,1074,0,69,0,0,46,1,10,4,13,6,1,0,1,1,1,0,3,11,1,43,1189,0,27,4532,2
6658,1972,2,5,59868.0,0,1,2013-07-22,37,771,51,154,54,10,154,7,11,2,12,6,0,0,0,0,0,0,3,11,0,53,1194,1,25,4708,2
4603,1960,4,3,65695.0,0,1,2014-01-31,50,371,32,189,0,58,6,2,5,4,10,4,0,0,0,0,0,0,3,11,0,65,656,1,19,4515,1
8427,1956,3,4,64857.0,0,0,2012-11-23,78,556,14,717,210,0,43,1,7,5,10,4,0,0,0,0,0,0,3,11,0,69,1540,0,22,4949,1
10260,1965,3,5,45143.0,0,1,2013-08-26,74,202,5,74,11,5,14,3,6,1,5,7,0,0,0,0,0,0,3,11,0,60,311,1,12,4673,3
7143,1955,0,5,74805.0,0,1,2013-11-06,14,209,162,209,41,162,37,5,4,7,10,2,0,0,0,0,0,0,3,11,0,70,820,1,21,4601,1
8789,1989,0,3,59060.0,1,0,2014-01-11,77,35,40,111,36,40,12,3,3,1,7,4,0,0,0,0,0,0,3,11,0,36,274,1,11,4535,0
6197,1962,4,4,27238.0,1,1,2013-04-20,39,37,0,17,0,0,3,3,3,0,3,9,0,0,0,0,0,0,3,11,0,63,57,2,6,4801,3
4554,1965,2,5,47009.0,0,1,2013-10-01,89,171,45,73,59,10,90,4,3,2,8,4,0,0,0,0,0,0,3,11,0,60,448,1,13,4637,3
4937,1973,0,3,46094.0,1,1,2014-06-10,62,12,2,20,3,2,5,1,1,0,3,7,0,0,0,0,0,0,3,11,0,52,44,2,4,4385,3
1920,1972,2,3,40321.0,1,1,2013-07-29,59,44,4,21,6,0,27,2,3,0,3,7,0,0,0,0,0,0,3,11,0,53,102,2,6,4701,3
8749,1984,2,5,37235.0,1,0,2014-02-01,68,20,2,9,4,6,20,1,1,1,2,4,0,0,0,0,0,0,3,11,0,41,61,1,4,4514,0
1650,1960,3,3,81843.0,0,0,2013-04-22,13,779,86,537,34,69,138,1,5,9,12,3,0,0,0,0,0,0,3,11,0,65,1643,0,26,4799,2
10377,1958,3,5,46692.0,0,1,2013-06-06,37,170,6,97,24,12,88,3,6,1,5,6,0,0,0,0,0,0,3,11,0,67,397,1,12,4754,3
9206,1968,2,5,77382.0,0,1,2014-01-07,36,491,48,231,112,105,134,2,5,7,12,1,0,0,1,0,0,0,3,11,0,57,1121,1,24,4539,1
10971,1977,2,4,37774.0,2,0,2012-09-03,28,173,8,107,7,2,176,4,7,2,3,9,1,0,0,0,0,1,3,11,1,48,473,2,12,5030,3
6398,1974,1,3,18393.0,1,0,2014-03-29,2,7,10,13,16,0,4,2,3,0,3,8,0,0,0,0,0,0,3,11,0,51,50,1,6,4458,0
9212,1962,3,3,72828.0,0,1,2013-02-14,17,1205,0,235,19,14,205,6,6,3,13,7,0,0,0,0,0,0,3,11,0,63,1678,1,22,4866,1
7937,1982,2,3,24711.0,0,0,2014-04-18,86,10,7,25,6,3,7,1,3,0,3,7,0,0,0,0,0,0,3,11,0,43,58,0,6,4438,0
839,1975,4,3,45503.0,1,0,2013-09-25,54,97,4,44,6,1,18,1,3,1,4,5,0,0,0,0,0,0,3,11,0,50,170,1,8,4643,0
4246,1982,3,4,6560.0,0,0,2013-12-12,2,67,11,26,4,3,262,0,1,0,1,17,0,0,0,0,0,0,3,11,0,43,373,0,2,4565,0
158,1945,4,5,71604.0,0,0,2013-11-17,3,345,53,528,98,75,97,1,8,3,5,4,1,0,0,0,0,0,3,11,1,80,1196,0,16,4590,1
4832,1979,2,3,27244.0,1,0,2014-03-07,84,6,5,17,3,24,46,2,2,2,2,7,0,0,0,0,0,0,3,11,0,46,101,1,6,4480,0
5621,1969,2,3,48752.0,1,1,2012-12-12,8,73,57,100,71,15,0,5,6,1,5,9,0,0,0,0,0,0,3,11,1,56,316,2,12,4930,3
1945,1962,2,3,71434.0,0,1,2013-09-18,4,711,36,217,172,96,168,3,7,4,7,4,0,1,0,1,0,0,3,11,0,63,1400,1,18,4650,1
5147,1948,2,4,90842.0,0,0,2013-07-29,57,774,70,118,182,187,93,1,4,9,13,1,0,0,0,0,0,0,3,11,0,77,1424,0,26,4701,1
2535,1978,3,3,88097.0,1,0,2012-08-18,24,163,0,480,0,126,75,1,6,5,8,9,0,1,1,1,0,0,3,11,1,47,844,1,19,5046,2
11039,1975,2,3,51948.0,0,1,2013-09-17,51,82,33,54,71,30,41,2,5,2,4,5,0,0,0,0,0,0,3,11,0,50,311,1,11,4651,0
9495,1982,2,5,71853.0,0,0,2013-05-08,29,358,108,413,141,97,32,1,2,8,6,1,0,0,0,0,0,0,3,11,0,43,1149,0,16,4783,2
9635,1983,3,3,35876.0,0,0,2014-04-20,13,66,2,40,4,3,14,1,3,1,3,6,0,0,0,0,0,0,3,11,0,42,129,0,7,4436,0
2173,1952,2,6,40049.0,0,1,2013-10-16,23,13,6,7,0,3,3,1,1,0,3,6,0,0,0,0,0,0,3,11,0,73,32,1,4,4622,3
942,1982,2,4,39660.0,1,0,2012-08-08,36,139,13,78,20,13,36,3,7,1,3,9,0,0,0,0,0,0,3,11,1,43,299,1,11,5056,0
9386,1962,2,5,50127.0,0,1,2014-05-29,88,274,0,21,4,6,15,1,5,1,6,6,0,1,0,0,0,0,3,11,0,63,320,1,12,4397,3
5510,1977,3,3,43263.0,0,1,2012-11-21,2,262,6,61,0,10,102,3,5,2,6,5,0,0,0,0,0,0,3,11,0,48,441,1,13,4951,0
873,1949,3,3,62845.0,1,1,2012-10-01,3,1099,0,45,0,0,34,11,3,4,10,8,0,1,0,0,0,0,3,11,1,76,1178,2,17,5002,1
2253,1990,2,3,18929.0,0,0,2013-02-16,15,32,0,8,23,4,18,1,1,0,4,6,0,0,0,0,0,0,3,11,0,35,85,0,5,4864,0
5181,1982,1,4,24367.0,1,0,2013-03-20,58,2,4,2,0,11,5,1,1,0,2,9,0,0,0,0,0,0,3,11,0,43,24,1,3,4832,0
979,1975,2,4,33249.0,1,0,2013-02-20,11,6,10,21,19,14,42,2,2,1,3,6,0,0,0,0,0,0,3,11,0,50,112,1,6,4860,0
10390,1959,0,3,26887.0,0,1,2013-02-10,27,6,7,4,3,4,6,1,1,0,3,6,0,0,0,0,0,0,3,11,0,66,30,1,4,4870,0
4698,1983,4,3,50150.0,0,0,2013-06-20,32,135,46,92,65,61,11,2,5,2,7,5,0,0,0,0,0,0,3,11,0,42,410,0,14,4740,0
7793,1976,2,5,62061.0,0,1,2013-08-31,12,641,7,84,0,30,38,3,10,4,7,6,0,1,0,0,0,0,3,11,0,49,800,1,21,4668,2
1745,1962,4,2,85696.0,0,0,2013-05-03,88,714,76,395,116,0,12,1,4,6,9,1,0,0,0,0,0,0,3,11,1,63,1313,0,19,4788,1
10590,1956,4,5,76542.0,0,0,2013-03-30,91,794,73,573,0,29,14,1,4,8,10,2,0,0,0,0,0,0,3,11,0,69,1483,0,22,4822,1
5080,1993,2,4,70515.0,0,0,2013-10-21,12,420,0,452,182,64,140,1,6,6,4,2,0,0,0,0,0,0,3,11,1,32,1258,0,16,4617,2
8369,1987,2,5,18227.0,1,0,2012-11-08,21,1,2,7,4,3,11,1,0,1,2,8,0,0,0,0,0,0,3,11,0,38,28,1,3,4964,0
5232,1965,2,3,69139.0,0,1,2014-01-27,23,86,12,75,33,15,6,1,4,1,5,4,0,0,0,0,0,0,3,11,0,60,227,1,10,4519,3
2407,1982,2,3,69109.0,0,0,2012-11-09,10,823,25,459,124,29,95,1,6,6,7,4,0,0,1,0,0,0,3,11,1,43,1555,0,19,4963,2
3834,1962,2,4,69627.0,0,1,2013-03-17,35,231,161,215,171,30,53,2,8,2,11,5,0,0,0,0,0,0,3,11,0,63,861,1,21,4835,1
7912,1978,2,3,38136.0,1,0,2013-04-22,69,8,15,27,0,20,33,2,3,1,2,8,1,0,0,0,0,0,3,11,0,47,103,1,6,4799,0
7712,1946,4,4,62159.0,0,0,2014-04-28,68,182,17,259,77,70,29,1,6,2,10,4,0,0,0,0,0,0,3,11,0,79,634,0,18,4428,1
1065,1963,2,4,80695.0,0,0,2013-12-29,85,557,129,984,193,37,18,1,5,8,5,2,0,0,0,0,0,0,3,11,0,62,1918,0,18,4548,2
7275,1971,3,4,33316.0,1,1,2013-10-04,34,79,1,31,4,4,12,3,2,1,4,6,0,0,0,0,0,0,3,11,0,54,131,2,7,4634,3
1343,1968,2,5,58554.0,1,1,2012-09-26,55,368,24,68,38,0,88,6,8,2,6,7,0,0,0,0,0,0,3,11,0,57,586,2,16,5007,3
1384,1992,1,3,17256.0,1,0,2013-11-23,10,6,4,14,8,8,22,2,2,1,2,8,1,0,0,0,0,0,3,11,0,33,62,1,5,4584,0
9967,1974,2,2,53034.0,1,1,2013-05-30,30,160,15,196,15,11,50,8,6,1,7,8,0,0,0,0,0,0,3,11,0,51,447,2,14,4761,3
6181,1950,0,5,52203.0,0,0,2012-07-31,36,488,21,238,56,108,28,1,8,7,11,6,0,0,0,0,0,0,3,11,0,75,939,0,26,5064,1
10507,1977,0,2,59601.0,0,1,2013-07-25,14,691,7,69,0,7,23,4,2,2,7,8,0,1,0,0,0,0,3,11,0,48,797,1,11,4705,0
2674,1958,3,4,75154.0,0,1,2012-09-04,79,543,10,205,160,143,82,1,6,3,6,3,0,0,0,0,0,0,3,11,1,67,1143,1,15,5029,1
2698,1976,2,4,47025.0,0,1,2013-11-07,52,254,7,108,20,0,26,3,6,3,5,6,0,0,0,0,0,0,3,11,0,49,415,1,14,4600,0
3231,1973,2,3,37971.0,1,0,2013-11-25,97,5,4,10,2,2,7,1,1,0,3,8,0,0,0,0,0,0,3,11,0,52,30,1,4,4582,0
4096,1968,3,2,41335.0,1,0,2013-12-26,24,112,19,21,16,14,5,3,4,1,4,7,0,0,0,0,0,0,3,11,0,57,187,1,9,4551,0
10476,1958,2,3,67267.0,0,1,2014-05-13,0,134,11,59,15,2,30,1,3,2,5,2,0,0,0,0,0,0,3,11,0,67,251,1,10,4413,3
5948,1975,2,4,57338.0,0,1,2014-04-29,96,143,6,52,11,8,17,2,4,1,5,5,0,0,0,0,0,0,3,11,0,50,237,1,10,4427,0
9140,1960,0,5,50523.0,1,1,2013-12-25,89,51,4,24,4,7,1,2,2,0,4,6,0,0,0,0,0,0,3,11,0,65,91,2,6,4552,3
10258,1965,3,4,35791.0,2,1,2013-05-06,94,27,0,5,0,0,3,2,1,0,3,8,0,0,0,0,0,0,3,11,0,60,35,3,4,4785,3
5675,1960,4,2,50611.0,0,1,2012-10-04,98,459,0,24,6,0,4,6,4,5,7,6,0,1,0,0,0,0,3,11,0,65,493,1,16,4999,1
4743,1969,4,3,56242.0,0,1,2013-03-03,72,689,8,167,11,8,88,5,8,4,11,6,0,0,0,0,0,0,3,11,0,56,971,1,23,4849,1
8805,1960,2,4,48904.0,0,1,2012-12-02,1,283,10,38,0,13,27,4,7,2,4,8,0,0,0,0,0,0,3,11,0,65,371,1,13,4940,1
1542,1975,2,4,56243.0,1,2,2013-12-30,26,347,0,35,4,3,7,6,4,2,8,5,0,0,0,0,0,0,3,11,0,50,396,3,14,4547,3
6770,1985,2,3,21355.0,1,0,2013-08-20,5,5,13,14,0,5,31,2,2,1,2,6,1,0,0,0,0,0,3,11,1,40,68,1,5,4679,0
8773,1971,3,5,57420.0,0,1,2013-06-25,22,280,0,18,0,0,24,3,5,1,6,7,0,1,0,0,0,0,3,11,0,54,322,1,12,4735,0
10475,1970,3,5,52247.25135379061,0,1,2013-04-01,39,187,5,65,26,20,14,2,4,2,6,5,0,0,0,0,0,0,3,11,0,55,317,1,12,4820,0
10420,1955,3,2,46390.0,0,1,2014-05-05,56,95,14,64,2,9,38,1,4,2,3,7,0,0,0,0,0,0,3,11,0,70,222,1,9,4421,3
7514,1956,0,5,54342.0,1,1,2013-07-03,74,84,10,34,11,10,28,4,3,1,4,6,0,0,0,0,0,0,3,11,0,69,177,2,8,4727,3
2902,1958,2,5,52247.25135379061,1,1,2012-09-03,87,19,4,12,2,2,6,1,1,0,3,5,0,0,0,0,0,0,3,11,0,67,45,2,4,5030,3
4345,1964,0,4,52247.25135379061,1,1,2014-01-12,49,5,1,9,2,0,4,1,1,0,2,7,0,0,0,0,0,0,3,11,0,61,21,2,3,4534,3
793,1973,2,3,20895.0,1,0,2012-10-06,24,18,3,17,3,0,4,1,2,0,3,9,0,0,0,0,0,0,3,11,0,52,45,1,5,4997,0
10909,1948,2,3,92344.0,0,0,2014-01-15,9,992,24,694,51,19,119,0,5,10,5,1,1,0,1,0,0,0,3,11,0,77,1899,0,20,4531,1
3769,1972,4,5,52247.25135379061,1,0,2014-03-02,17,25,1,13,0,0,3,1,1,0,3,7,0,0,0,0,0,0,3,11,0,53,42,1,4,4485,0
8702,1976,0,5,26907.0,1,1,2013-08-20,10,9,1,7,0,3,2,2,1,0,3,7,0,0,0,0,0,0,3,11,0,49,22,2,4,4679,3
4791,1980,2,5,44964.0,1,1,2012-12-16,35,19,1,17,2,0,2,1,1,0,3,8,0,0,0,0,0,0,3,11,0,45,41,2,4,4926,3
2963,1979,2,5,75507.0,0,0,2014-05-02,56,709,93,374,104,80,80,1,8,6,6,3,0,0,0,0,0,0,3,11,0,46,1440,0,20,4424,2
8216,1972,3,3,53761.0,1,1,2013-10-11,7,158,0,76,13,7,71,6,4,4,3,5,0,0,0,0,0,0,3,11,0,53,325,2,11,4627,3
8140,1973,2,5,22682.0,1,0,2013-10-03,51,10,14,29,4,2,36,3,2,1,4,4,0,0,0,0,0,0,3,11,0,52,95,1,7,4635,0
10146,1972,4,5,38887.0,1,0,2014-03-02,17,25,1,13,0,0,3,1,1,0,3,7,0,0,0,0,0,0,3,11,0,53,42,1,4,4485,0
5289,1975,0,4,41658.0,1,1,2012-11-09,30,8,4,12,15,4,29,2,1,1,2,4,0,0,0,0,0,0,3,11,0,50,72,2,4,4963,3
2587,1972,4,3,29791.0,1,0,2014-05-15,21,14,0,6,0,0,0,2,2,0,3,5,0,0,0,0,0,0,3,11,0,53,20,1,5,4411,0
4405,1956,3,3,63915.0,0,2,2013-07-30,2,622,7,115,30,0,15,2,6,3,12,5,0,0,0,0,0,0,3,11,0,69,789,2,21,4700,1
8663,1974,2,2,39996.0,1,1,2014-05-22,85,11,0,3,0,0,1,1,1,0,2,6,0,0,0,0,0,0,3,11,0,51,15,2,3,4404,3
2589,1972,2,2,26759.0,1,0,2014-02-07,65,25,3,16,8,5,2,2,2,1,3,6,0,0,0,0,0,0,3,11,0,53,59,1,6,4508,0
3421,1968,3,2,63841.0,0,1,2013-04-21,64,635,15,100,20,7,131,1,9,3,9,6,0,0,0,0,0,0,3,11,0,57,908,1,21,4800,1
10490,1969,4,3,51039.0,1,1,2012-12-10,11,100,64,79,65,0,109,2,6,2,4,7,0,0,0,0,0,0,3,11,0,56,417,2,12,4932,3
4094,1961,2,3,60544.0,1,1,2012-08-25,92,201,2,43,3,5,35,4,5,1,5,6,0,0,0,0,0,0,3,11,0,64,289,2,11,5039,3
9958,1972,2,3,65685.0,0,1,2014-03-29,54,642,14,49,0,7,57,1,9,2,9,5,0,0,0,0,0,0,3,11,0,53,769,1,20,4458,1
2534,1953,2,3,37716.0,0,1,2014-04-21,4,97,1,41,6,2,41,2,4,1,3,7,0,0,0,0,0,0,3,11,0,72,188,1,8,4435,3
4188,1957,2,4,36864.0,0,1,2012-08-13,53,204,5,39,17,0,89,3,5,2,4,8,0,0,0,0,0,0,3,11,1,68,354,1,11,5051,3
6613,1970,3,3,44511.0,1,0,2012-10-12,39,513,7,133,46,14,14,6,8,4,8,8,0,0,0,0,0,0,3,11,0,55,727,1,20,4991,1
10827,1967,4,3,36947.0,1,1,2012-08-07,49,88,3,21,4,1,29,4,3,0,4,9,0,0,0,0,0,0,3,11,0,58,146,2,7,5057,3
5491,1951,3,5,47352.0,0,1,2013-04-11,70,172,12,112,8,0,15,4,6,1,5,7,0,0,0,0,0,0,3,11,0,74,319,1,12,4810,3
8402,1953,3,3,67087.0,0,1,2013-12-17,40,329,35,222,130,35,43,2,7,5,8,4,0,0,0,0,0,0,3,11,0,72,794,1,20,4560,1
8783,1950,2,3,57045.0,0,1,2012-09-08,40,296,13,104,11,13,17,3,4,2,9,3,0,0,0,0,0,0,3,11,0,75,454,1,15,5025,1
10010,1953,4,2,36957.0,1,1,2012-09-06,43,100,2,16,2,1,31,4,3,2,2,9,0,0,0,0,0,0,3,11,1,72,152,2,7,5027,3
618,1977,4,3,69389.0,0,1,2012-09-28,17,422,7,238,69,46,15,1,7,2,12,4,0,0,0,0,0,0,3,11,0,48,797,1,21,5005,2
9121,1972,2,3,80134.0,1,0,2013-05-20,40,1218,16,272,104,0,80,2,5,3,6,6,0,1,1,1,0,0,3,11,1,53,1690,1,14,4771,2
361,1969,3,3,43142.0,1,1,2014-02-18,84,5,1,7,2,1,4,1,1,0,2,7,0,0,0,0,0,0,3,11,0,56,20,2,3,4497,3
4310,1944,2,3,80589.0,0,0,2014-01-22,25,507,93,520,242,40,26,1,5,10,5,1,0,0,0,1,0,0,3,11,1,81,1428,0,20,4524,1
2678,1990,2,4,34412.0,1,0,2013-02-13,62,52,12,50,4,36,55,3,5,0,3,9,0,0,0,0,0,0,3,11,0,35,209,1,8,4867,0
6376,1979,2,4,57537.0,1,0,2013-06-10,83,191,56,139,51,8,100,4,4,3,8,4,0,0,0,0,0,0,3,11,0,46,545,1,15,4750,0
524,1966,1,5,22634.0,0,0,2013-01-16,47,2,23,11,8,6,46,1,2,1,2,8,0,0,0,0,0,0,3,11,0,59,96,0,5,4895,0
10341,1948,2,5,51315.0,0,0,2014-02-23,45,68,28,39,16,30,41,1,2,2,5,2,0,0,0,0,0,0,3,11,0,77,222,0,9,4492,1
5654,1972,2,3,36026.0,2,1,2014-03-16,34,20,4,10,6,4,17,2,2,0,3,6,0,0,0,0,0,0,3,11,0,53,61,3,5,4471,3
4098,1973,2,3,24639.0,1,1,2014-01-28,3,20,3,16,0,4,1,3,2,0,4,6,0,0,0,0,0,0,3,11,0,52,44,2,6,4518,3
5824,1972,4,5,34578.0,2,1,2014-04-11,1,7,0,1,0,0,0,1,1,0,2,6,0,0,0,0,0,0,3,11,0,53,8,3,3,4445,3
7000,1972,0,4,65704.0,0,0,2013-10-13,18,279,172,74,38,8,246,1,2,10,10,1,0,0,0,0,0,0,3,11,0,53,817,0,22,4625,2
2561,1966,2,4,63810.0,0,1,2012-11-11,45,977,12,253,16,12,101,4,4,3,12,8,0,1,0,0,0,0,3,11,0,59,1371,1,19,4961,1
5229,1969,4,5,54132.0,0,1,2014-02-16,81,30,1,8,0,0,3,1,1,0,3,7,0,0,0,0,0,0,3,11,0,56,42,1,4,4499,0
4086,1959,2,3,18690.0,0,0,2012-12-28,77,6,1,7,23,4,19,1,1,1,2,8,0,0,0,0,0,0,3,11,0,66,60,0,4,4914,0
2428,1970,2,3,28164.0,1,0,2013-05-04,23,3,18,26,11,8,12,3,2,0,4,7,0,0,0,0,0,0,3,11,0,55,78,1,6,4787,0
8254,1974,4,3,34596.0,1,0,2013-04-13,48,14,0,2,0,0,7,1,1,0,2,8,0,0,0,0,0,0,3,11,0,51,23,1,3,4808,0
2836,1972,4,3,43269.0,1,0,2013-09-16,61,10,1,7,0,0,1,1,1,0,2,8,0,0,0,0,0,0,3,11,0,53,19,1,3,4652,0
8418,1958,0,4,38741.0,1,1,2014-03-30,60,7,10,17,8,6,13,2,2,0,3,7,0,0,0,0,0,0,3,11,0,67,61,2,5,4457,3
1362,1972,2,4,31907.0,0,0,2013-03-04,75,33,87,64,175,16,74,1,6,1,6,7,0,0,0,0,0,0,3,11,0,53,449,0,13,4848,0
7152,1983,3,3,27100.0,1,0,2013-04-05,64,12,0,13,2,0,10,1,1,0,3,7,0,0,0,0,0,0,3,11,0,42,37,1,4,4816,0
10033,1973,0,2,31163.0,1,0,2014-02-13,54,2,3,10,11,2,10,1,1,0,3,6,0,0,0,0,0,0,3,11,0,52,38,1,4,4502,0
9349,1985,2,3,92533.0,0,0,2013-12-19,84,693,21,118,110,147,42,1,6,5,11,2,0,0,1,1,0,0,3,11,0,40,1131,0,22,4558,2
274,1973,2,4,34853.0,1,1,2013-12-23,75,9,3,15,2,3,2,2,2,0,3,6,0,0,0,0,0,0,3,11,0,52,34,2,5,4554,3
3388,1967,2,2,70844.0,1,1,2013-10-30,16,129,26,67,3,67,2,5,6,1,5,7,0,0,0,0,0,0,3,11,0,58,294,2,12,4608,3
922,1979,0,3,31086.0,1,1,2013-05-04,79,16,2,11,3,0,16,2,1,1,2,8,1,0,0,0,0,0,3,11,0,46,48,2,4,4787,3
8588,1961,2,3,60544.0,1,1,2012-08-25,92,201,2,43,3,5,35,4,5,1,5,6,0,0,0,0,0,0,3,11,0,64,289,2,11,5039,3
2518,1986,0,5,20491.0,0,0,2013-01-25,16,5,4,5,4,2,10,1,0,1,2,7,0,0,0,0,0,0,3,11,0,39,30,0,3,4886,0
574,1964,2,3,42523.0,0,0,2014-04-23,96,14,36,11,3,26,35,1,1,1,4,2,0,0,0,0,0,0,3,11,0,61,125,0,6,4433,0
3220,1983,2,3,39922.0,1,0,2013-02-14,30,29,12,59,19,1,36,2,3,0,4,8,0,0,0,0,0,0,3,11,0,42,156,1,7,4866,0
5967,1952,2,5,33402.0,1,1,2013-07-18,60,26,2,19,10,5,8,3,2,1,3,8,0,0,0,0,0,0,3,11,0,73,70,2,6,4712,3
1183,1949,3,3,36408.0,1,1,2013-09-21,11,9,1,4,3,2,3,1,1,0,2,6,0,0,0,0,0,0,3,11,0,76,22,2,3,4647,3
6856,1979,2,5,21645.0,1,0,2012-09-03,75,14,0,23,4,5,19,3,3,0,3,9,0,0,0,0,0,0,3,11,1,46,65,1,6,5030,0
4530,1948,3,6,78427.0,0,0,2012-10-24,36,972,19,595,180,26,138,3,3,7,10,3,0,0,0,1,0,0,3,11,1,77,1930,0,20,4979,1
1553,1946,2,5,82657.0,0,0,2013-09-27,71,966,168,672,246,105,126,1,7,5,10,4,0,1,0,1,0,0,3,11,0,79,2283,0,22,4641,1
4682,1958,2,3,51876.0,0,0,2013-10-15,88,99,27,102,28,48,6,1,2,2,8,1,0,0,0,0,0,0,3,11,0,67,310,0,12,4623,1
8204,1971,0,3,78041.0,0,0,2012-12-16,93,482,35,553,72,160,17,1,4,4,9,2,0,0,0,0,0,0,3,11,0,54,1319,0,17,4926,2
5221,1957,2,3,52852.0,0,1,2012-12-01,93,714,8,99,11,0,47,4,10,7,5,8,1,0,0,0,0,0,3,11,0,68,879,1,22,4941,1
1232,1982,4,5,70038.0,0,0,2013-10-25,54,587,54,348,71,54,130,1,4,4,8,2,0,0,0,0,0,0,3,11,0,43,1244,0,16,4613,2
1927,1973,0,5,69401.0,0,1,2014-03-23,41,399,27,159,58,8,39,4,4,4,5,2,0,0,0,0,0,0,3,11,0,52,690,1,13,4464,1
5788,1972,2,5,46053.0,1,0,2013-02-17,46,56,10,92,19,7,25,3,3,2,4,5,0,0,0,0,0,0,3,11,0,53,209,1,9,4863,0
6652,1965,2,3,77343.0,0,0,2014-06-09,28,227,151,573,98,54,31,1,3,4,9,1,0,0,0,0,0,0,3,11,0,60,1134,0,16,4386,1
6246,1953,2,4,73892.0,0,0,2013-11-13,40,703,102,601,0,58,43,1,3,11,8,1,0,0,0,0,0,0,3,11,1,72,1507,0,22,4594,1
5975,1967,4,4,40304.0,1,0,2013-09-30,82,37,0,17,0,0,3,1,2,0,3,7,0,0,0,0,0,0,3,11,0,58,57,1,5,4638,0
6875,1965,4,5,32727.0,0,0,2012-08-28,38,167,13,180,86,13,70,2,7,3,5,8,0,0,0,0,0,0,3,11,0,60,529,0,15,5036,1
4399,1969,2,5,68695.0,0,0,2014-06-25,3,458,81,356,106,50,40,1,4,4,7,2,0,0,0,0,0,0,3,11,0,56,1091,0,15,4370,2
4042,1971,2,2,43300.0,0,1,2012-10-13,87,91,3,52,2,1,31,3,4,0,4,8,0,0,0,0,0,0,3,11,1,54,180,1,8,4990,0
2157,1972,2,5,26290.0,1,1,2013-01-12,49,15,8,16,11,5,22,4,2,0,4,6,0,0,0,0,0,0,3,11,0,53,77,2,6,4899,3
10133,1970,2,4,93790.0,0,0,2014-02-12,16,1302,68,731,89,114,45,0,6,7,12,2,0,1,1,1,0,0,3,11,1,55,2349,0,25,4503,2
2525,1974,4,3,38410.0,0,0,2012-09-14,65,153,64,123,116,64,14,2,5,2,9,6,0,0,0,0,0,0,3,11,1,51,534,0,16,5019,0
8233,1950,3,6,64866.0,0,1,2014-01-26,9,508,5,21,7,5,10,4,7,3,7,5,0,1,0,0,0,0,3,11,0,75,556,1,17,4520,1
9483,1959,2,5,57957.0,0,1,2013-08-19,24,290,59,177,77,5,29,7,4,6,8,3,0,0,0,0,0,1,3,11,0,66,637,1,18,4680,1
2945,1955,4,5,46015.0,1,1,2014-04-13,25,38,0,2,0,0,6,1,1,0,3,7,1,0,0,0,1,0,3,11,0,70,46,2,4,4443,3
10403,1978,2,5,16531.0,1,0,2014-06-18,43,2,13,6,7,5,11,3,3,0,3,7,0,0,0,0,0,0,3,11,0,47,44,1,6,4377,0
5074,1986,3,3,28072.0,1,0,2013-07-08,10,30,0,10,2,0,5,1,1,0,3,7,0,0,0,0,0,0,3,11,0,39,47,1,4,4722,0
10524,1963,3,2,49476.0,0,1,2013-06-20,29,386,23,95,54,41,196,4,2,11,5,2,0,0,0,0,0,0,3,11,0,62,795,1,18,4740,1
4690,1953,2,3,50725.0,0,1,2013-02-13,45,443,10,75,0,10,48,4,8,1,8,8,0,0,0,0,0,0,3,11,0,72,586,1,17,4867,1
7521,1952,2,5,83844.0,0,0,2013-05-12,57,901,31,345,75,31,191,1,4,4,11,1,0,0,1,0,0,0,3,11,0,73,1574,0,19,4779,1
7196,1950,4,3,41145.0,1,1,2014-02-08,20,9,0,3,0,0,1,1,0,0,3,3,0,0,0,0,0,0,3,11,0,75,13,2,3,4507,3
4406,1970,2,5,67419.0,0,1,2013-01-16,29,846,84,352,91,56,42,4,9,4,8,5,0,0,0,0,0,0,3,11,0,55,1471,1,21,4895,2
9672,1970,0,3,23162.0,1,1,2013-12-21,82,8,3,9,19,4,22,3,1,1,3,6,0,0,0,0,0,0,3,11,0,55,65,2,5,4556,3
4864,1977,2,3,34380.0,1,0,2013-05-02,68,72,7,58,13,1,24,4,4,1,3,8,0,0,0,0,0,0,3,11,0,48,175,1,8,4789,0
4706,1966,2,4,34704.0,0,1,2013-04-27,65,29,0,5,0,1,5,1,1,0,3,5,0,0,0,0,0,0,3,11,0,59,40,1,4,4794,0
4070,1969,4,3,94871.0,0,2,2012-09-01,99,169,24,553,188,0,144,1,8,5,4,7,0,1,1,0,0,0,3,11,1,56,1078,2,17,5032,1
25,1958,2,3,65148.0,0,1,2012-11-16,9,460,35,422,33,12,153,2,6,6,7,4,0,0,0,0,0,0,3,11,0,67,1115,1,19,4956,1
3697,1954,2,5,39898.0,0,1,2013-02-12,20,69,8,26,12,7,12,2,3,0,4,7,0,0,0,0,0,0,3,11,0,71,134,1,7,4868,3
217,1956,3,4,64857.0,0,0,2012-11-23,78,556,14,717,210,0,43,1,7,5,10,4,0,0,0,0,0,0,3,11,0,69,1540,0,22,4949,1
4220,1970,4,3,59892.0,0,1,2013-11-02,26,73,0,13,0,1,0,1,2,1,3,3,0,0,0,0,0,0,3,11,0,55,87,1,6,4605,0
5286,1987,3,4,41020.0,0,0,2013-10-28,68,112,1,54,7,7,36,1,3,2,4,3,0,0,0,0,0,0,3,11,0,38,217,0,9,4610,0
9559,1961,4,3,57072.0,0,1,2014-01-24,79,944,0,60,0,0,30,2,7,5,13,5,1,0,0,0,0,0,3,11,0,64,1034,1,25,4522,1
2849,1979,2,4,60474.0,0,1,2013-04-01,25,265,199,303,234,9,170,7,10,2,12,7,0,0,0,0,0,0,3,11,0,46,1180,1,24,4820,2
7787,1960,2,5,62807.0,0,1,2012-08-31,83,526,28,135,10,21,99,3,5,3,12,5,0,0,0,0,0,0,3,11,0,65,819,1,20,5033,1
3102,1981,0,5,19414.0,1,0,2013-10-16,32,2,3,12,3,5,7,1,1,0,3,8,0,0,0,0,0,0,3,11,0,44,32,1,4,4622,0
5868,1980,2,3,19107.0,1,0,2013-08-22,49,2,4,9,10,5,16,2,1,0,3,7,0,0,0,0,0,0,3,11,0,45,46,1,4,4677,0
8370,1976,0,5,75484.0,0,1,2012-08-02,50,378,97,259,197,194,34,2,7,3,6,4,0,0,0,0,0,0,3,11,0,49,1159,1,16,5062,2
9988,1976,3,4,70379.0,0,1,2013-03-03,84,553,25,142,65,67,8,3,6,3,13,4,0,0,0,0,0,0,3,11,0,49,860,1,22,4849,2
2939,1970,3,5,79419.0,0,0,2014-06-22,96,751,127,687,20,15,31,1,4,6,4,2,0,0,0,0,0,0,3,11,0,55,1631,0,14,4373,2
5529,1946,4,5,64014.0,2,1,2014-06-10,56,406,0,30,0,0,8,7,8,2,5,7,0,0,0,1,0,0,3,11,0,79,444,3,15,4385,3
9743,1955,2,3,76998.0,0,1,2013-01-11,85,1449,89,161,69,35,107,2,11,8,8,6,0,0,1,0,0,0,3,11,0,70,1910,1,27,4900,1
5763,1972,3,5,49854.0,1,0,2013-11-10,63,123,17,171,39,0,30,5,6,2,5,6,0,0,0,0,0,0,3,11,0,53,380,1,13,4597,0
3478,1971,4,3,60585.0,1,1,2013-06-24,17,267,42,309,55,42,21,10,7,4,9,5,0,0,0,0,0,0,3,11,1,54,736,2,20,4736,3
7494,1950,4,2,42873.0,1,1,2013-01-21,11,209,0,40,3,2,15,4,6,1,4,8,0,0,0,0,0,0,3,11,0,75,269,2,11,4890,3
1763,1988,2,5,87679.0,0,0,2013-07-27,62,1259,172,815,97,148,33,1,7,11,10,4,1,0,1,1,0,0,3,11,1,37,2524,0,28,4703,2
7250,1978,2,5,57867.0,1,0,2013-10-01,48,344,35,178,15,23,17,7,7,2,9,6,0,0,0,0,0,0,3,11,0,47,612,1,18,4637,2
2005,1990,2,3,35765.0,1,0,2013-12-11,86,22,3,30,0,5,15,2,2,0,4,6,0,0,0,0,0,0,3,11,0,35,75,1,6,4566,0
10770,1959,2,3,65492.0,0,0,2014-01-26,73,247,161,295,210,85,47,2,4,7,13,2,0,0,0,0,0,0,3,11,0,66,1045,0,24,4520,1
6885,1977,2,2,32952.0,1,0,2013-12-01,36,38,0,12,3,1,1,1,2,0,3,7,0,0,0,0,0,0,3,11,0,48,55,1,5,4576,0
2072,1969,4,5,53374.0,0,1,2012-08-16,34,896,10,101,13,10,34,6,4,2,9,9,1,0,0,0,0,0,3,11,1,56,1064,1,15,5048,1
9463,1959,2,5,71706.0,0,1,2012-11-13,16,931,56,253,91,98,14,4,9,5,7,5,0,0,0,0,0,0,3,11,0,66,1443,1,21,4959,1
6318,1988,2,3,68487.0,0,0,2013-01-13,48,758,12,385,33,89,89,1,9,7,13,4,0,0,0,0,0,0,3,11,0,37,1366,0,29,4898,2
4093,1975,3,5,53253.0,1,1,2013-02-11,61,216,9,57,20,9,125,7,4,3,5,5,0,0,0,0,0,0,3,11,0,50,436,2,12,4869,3
5751,1973,0,2,31163.0,1,0,2014-02-13,54,2,3,10,11,2,10,1,1,0,3,6,0,0,0,0,0,0,3,11,0,52,38,1,4,4502,0
3340,1977,2,3,42014.0,1,0,2012-08-17,56,244,15,108,4,15,50,6,7,1,6,8,0,0,0,0,0,0,3,11,1,48,436,1,14,5047,0
3594,1973,3,3,54108.0,1,1,2012-11-05,74,539,6,91,8,6,97,13,8,2,9,8,0,0,0,0,0,0,3,11,0,52,747,2,19,4967,3
3584,1955,4,4,49667.0,0,0,2012-08-20,35,1181,26,120,17,13,39,2,5,10,5,8,1,0,0,0,0,0,3,11,1,70,1396,0,20,5044,1
3643,1974,3,3,63206.0,0,0,2014-03-20,65,750,8,125,11,8,26,1,4,3,6,2,0,0,1,0,0,0,3,11,0,51,928,0,13,4467,2
851,1972,3,3,57136.0,1,1,2013-07-09,48,306,5,109,21,109,92,9,5,2,10,6,0,0,0,0,0,0,3,11,0,53,642,2,17,4721,3
7706,1975,0,5,46772.0,0,1,2012-11-07,88,350,104,189,197,151,57,6,11,8,5,8,1,0,0,0,0,0,3,11,0,50,1048,1,24,4965,2
3967,1971,4,3,78931.0,0,0,2013-10-25,19,331,197,170,58,152,35,1,2,8,13,1,0,0,0,0,0,0,3,11,0,54,943,0,23,4613,2
10128,1958,2,5,53977.0,0,1,2013-06-08,21,620,16,165,0,24,82,5,5,5,12,5,0,0,0,0,0,0,3,11,0,67,907,1,22,4752,1
486,1988,2,3,84219.0,0,0,2014-02-02,27,434,137,400,45,137,45,1,3,4,10,1,0,0,0,0,0,0,3,11,0,37,1198,0,17,4513,2
9,1975,3,4,46098.0,1,1,2012-08-18,86,57,0,27,0,0,36,4,3,2,2,8,0,0,0,0,0,0,3,11,0,50,120,2,7,5046,3
9451,1965,2,3,73538.0,0,1,2012-11-25,92,811,76,428,99,137,107,3,10,4,9,7,0,0,0,0,0,0,3,11,0,60,1658,1,23,4947,2
9264,1986,2,3,79529.0,0,0,2014-04-27,1,423,42,706,73,197,197,1,4,8,9,2,0,0,0,0,0,0,3,11,0,39,1638,0,21,4429,2
3865,1977,0,5,20981.0,0,0,2013-04-30,14,2,12,10,6,13,30,1,3,1,2,8,0,0,0,0,0,0,3,11,1,48,73,0,6,4791,0
2853,1980,2,4,51766.0,1,0,2014-03-11,74,60,51,87,6,20,51,2,4,2,4,5,0,0,0,0,0,0,3,11,0,45,275,1,10,4476,0
1490,1962,2,3,55759.0,0,1,2012-11-28,84,675,0,85,10,7,77,5,10,3,8,8,0,0,0,0,0,0,3,11,0,63,854,1,21,4944,1
6310,1978,2,3,33039.0,1,0,2013-09-09,4,30,8,12,8,8,12,1,2,0,4,5,0,0,0,0,0,0,3,11,0,47,78,1,6,4659,0
10380,1972,3,3,37787.0,1,0,2013-09-20,50,40,1,40,4,3,18,1,3,0,3,8,0,0,0,0,0,0,3,11,0,53,106,1,6,4648,0
3887,1970,2,4,27242.0,1,0,2012-11-11,2,3,17,26,20,1,39,2,2,0,3,9,0,0,0,0,0,0,3,11,1,55,106,1,5,4961,0
4278,1983,4,4,87188.0,0,0,2013-06-03,73,910,111,724,49,74,55,1,10,2,6,3,0,0,0,0,0,0,3,11,1,42,1923,0,18,4757,2
8643,1971,2,5,69930.0,0,0,2013-05-26,21,252,98,827,219,70,196,1,4,5,12,3,0,0,0,0,0,0,3,11,0,54,1662,0,21,4765,2
1998,1976,2,4,37697.0,1,0,2014-02-07,82,34,6,21,11,4,8,1,2,1,3,6,0,0,0,0,0,0,3,11,0,49,84,1,6,4508,0
10795,1973,4,3,37401.0,1,0,2014-05-06,14,19,3,19,3,1,3,2,2,0,3,7,0,0,0,0,0,0,3,11,0,52,48,1,5,4420,0
11110,1973,2,4,3502.0,1,0,2013-04-13,56,2,1,1,0,0,1,0,0,0,0,14,0,0,0,0,0,0,3,11,0,52,5,1,0,4808,0
2408,1976,2,3,58597.0,1,1,2012-11-20,20,490,0,184,10,28,21,12,7,4,9,7,0,0,0,0,0,0,3,11,0,49,733,2,20,4952,3
202,1948,4,6,82032.0,0,0,2014-04-05,54,332,194,377,149,125,57,0,4,6,7,1,0,0,0,0,0,0,3,11,0,77,1234,0,17,4451,1
7998,1958,2,5,28087.0,1,1,2012-12-11,77,53,8,17,13,0,21,3,2,2,2,7,0,0,0,0,0,0,3,11,0,67,112,2,6,4931,3
830,1987,4,4,74004.0,0,0,2014-02-24,5,784,48,560,42,176,48,1,4,6,4,3,0,0,1,1,0,0,3,11,1,38,1658,0,14,4491,2
3536,1960,2,5,19740.0,0,1,2013-03-24,65,7,11,3,10,4,20,2,1,1,3,5,0,0,0,0,0,0,3,11,0,65,55,1,5,4828,0
6050,1975,0,3,57036.0,0,1,2012-12-11,33,1171,43,219,19,14,47,4,6,3,13,9,1,0,0,0,0,0,3,11,0,50,1513,1,22,4931,2
125,1958,0,5,53083.0,1,1,2013-05-15,65,215,7,33,3,0,13,6,5,1,5,7,0,1,0,0,0,0,3,11,0,67,271,2,11,4776,3
3463,1975,4,3,69283.0,0,1,2014-06-14,41,674,62,134,0,26,8,4,7,3,13,5,0,0,0,0,0,0,3,11,0,50,904,1,23,4381,2
2804,1975,3,4,46098.0,1,1,2012-08-18,86,57,0,27,0,0,36,4,3,2,2,8,0,0,0,0,0,0,3,11,1,50,120,2,7,5046,3
3745,1988,0,3,23331.0,1,0,2012-09-04,92,5,36,7,0,10,45,2,3,0,3,8,0,0,0,0,0,0,3,11,0,37,103,1,6,5029,0
9771,1988,0,4,23331.0,1,0,2012-10-05,97,104,20,101,24,15,5,6,5,1,5,9,0,0,0,0,0,0,3,11,0,37,269,1,11,4998,0
451,1989,2,4,9255.0,1,0,2013-12-20,91,9,0,7,2,0,4,1,1,1,2,8,0,0,0,0,0,0,3,11,0,36,22,1,4,4557,0
10530,1959,4,6,67786.0,0,0,2013-12-07,0,431,82,441,80,20,102,1,3,6,6,1,0,0,0,0,0,0,3,11,1,66,1156,0,15,4570,1
1079,1971,4,3,71969.0,0,1,2012-10-16,59,1000,0,76,0,0,10,3,3,4,9,8,0,1,0,0,0,0,3,11,0,54,1086,1,16,4987,1
8920,1967,3,4,59235.0,1,0,2013-01-12,4,448,40,469,80,0,91,3,11,2,12,7,0,0,0,0,0,0,3,11,0,58,1128,1,25,4899,1
6678,1989,2,5,31928.0,1,0,2014-03-28,5,33,4,24,4,2,5,2,3,0,4,7,0,0,0,0,0,0,3,11,0,36,72,1,7,4459,0
3852,1961,3,5,74881.0,1,1,2013-03-08,48,505,72,270,36,27,54,4,9,2,12,5,0,0,0,0,0,0,3,11,0,64,964,2,23,4844,1
528,1978,2,3,65819.0,0,0,2012-11-29,99,267,38,701,149,165,63,1,5,4,10,3,0,0,0,0,0,0,3,11,0,47,1383,0,19,4943,2
73,1953,4,4,51411.0,1,2,2013-05-26,81,14,0,3,0,0,1,1,0,0,3,5,0,0,0,0,0,0,3,11,0,72,18,3,3,4765,3
5589,1964,2,2,51983.0,0,1,2012-08-31,95,631,0,115,10,7,30,3,9,2,10,7,0,0,0,0,0,0,3,11,0,61,793,1,21,5033,1
10212,1986,3,5,42386.0,1,0,2013-01-13,43,65,4,16,0,4,11,1,3,0,3,8,0,0,0,0,0,0,3,11,0,39,100,1,6,4898,0
6365,1987,0,3,30390.0,0,0,2013-09-02,5,10,12,12,25,1,20,1,2,0,3,6,0,0,0,0,0,0,3,11,0,38,80,0,5,4666,0
5636,1963,2,4,30983.0,0,0,2012-11-09,50,51,4,50,12,1,49,1,4,0,3,8,0,0,0,0,0,0,3,11,1,62,167,0,7,4963,0
591,1957,2,6,66033.0,0,1,2013-01-20,76,293,35,179,46,59,65,2,8,3,7,7,0,0,0,0,0,0,3,11,0,68,677,1,18,4891,1
2217,1975,0,3,37284.0,1,1,2013-03-29,46,11,1,2,2,1,6,1,0,0,3,6,0,0,0,0,0,0,3,11,0,50,23,2,3,4823,3
2544,1951,3,2,57530.0,0,1,2013-10-12,68,50,1,27,6,7,1,1,1,1,4,1,0,0,0,0,0,0,3,11,0,74,92,1,6,4626,3
7725,1965,0,3,76800.0,0,0,2014-03-08,33,173,26,255,35,71,81,1,4,4,7,1,0,0,0,0,0,0,3,11,0,60,641,0,15,4479,1
8091,1956,2,3,63943.0,0,1,2012-09-02,50,423,184,368,13,97,21,1,6,4,6,5,0,0,0,0,0,0,3,11,0,69,1106,1,16,5031,1
7321,1962,2,5,76081.0,0,0,2014-05-23,85,292,30,415,63,33,200,1,4,5,4,2,0,0,0,1,0,0,3,11,0,63,1033,0,13,4403,1
5462,1974,2,3,67445.0,0,1,2012-08-12,63,757,80,217,29,80,11,5,9,6,12,6,0,0,0,0,0,0,3,11,0,51,1174,1,27,5052,2
7791,1967,3,3,37054.0,1,1,2013-09-15,89,12,1,6,0,1,5,2,1,0,3,7,0,0,0,0,0,0,3,11,0,58,25,2,4,4653,3
955,1962,3,5,47175.0,1,1,2012-10-28,81,167,2,44,6,2,19,7,4,2,4,8,1,0,0,0,0,0,3,11,1,63,240,2,10,4975,3
4037,1976,2,2,31859.0,1,0,2013-06-14,77,3,1,3,8,0,5,1,1,0,2,7,0,0,0,0,0,0,3,11,0,49,20,1,3,4746,0
6642,1961,2,2,27215.0,2,1,2013-01-23,50,30,5,22,8,9,28,4,2,1,4,6,0,0,0,0,0,0,3,11,0,64,102,3,7,4888,3
2793,1976,4,2,70179.0,0,1,2013-07-21,10,532,88,168,69,44,133,3,7,3,13,5,0,0,0,0,0,0,3,11,0,49,1034,1,23,4709,2
5424,1983,2,3,39922.0,1,0,2013-02-14,30,29,12,59,19,1,36,2,3,0,4,8,0,0,0,0,0,0,3,11,0,42,156,1,7,4866,0
879,1976,3,3,49681.0,0,2,2013-11-04,66,411,0,26,0,0,21,6,7,1,7,7,0,0,0,0,0,0,3,11,0,49,458,2,15,4603,3
9530,1988,2,3,24645.0,1,0,2012-11-01,16,5,3,4,4,1,0,1,1,0,2,8,0,0,0,0,0,0,3,11,0,37,17,1,3,4971,0
4828,1954,2,2,79865.0,0,1,2014-06-18,12,71,99,278,185,121,38,1,5,10,5,1,0,0,0,0,0,0,3,11,0,71,792,1,20,4377,1
10699,1985,2,3,44322.0,1,0,2014-06-16,30,46,0,40,3,0,3,2,3,0,3,8,0,0,0,0,0,0,3,11,0,40,92,1,6,4379,0
1497,1952,2,4,47958.0,0,1,2013-01-19,8,268,11,88,15,3,22,2,6,3,5,5,0,0,0,0,0,0,3,11,0,73,407,1,14,4892,1
7476,1964,3,4,63972.0,0,1,2012-12-02,93,928,63,254,0,12,12,4,5,4,10,4,0,1,0,0,0,0,3,11,0,61,1269,1,19,4940,1
4390,1954,2,5,75315.0,0,1,2014-04-15,14,459,15,171,142,23,31,2,5,4,12,2,0,0,0,0,0,0,3,11,0,71,841,1,21,4441,1
10478,1950,4,3,55517.0,1,1,2012-09-27,53,483,0,108,0,6,36,5,11,1,6,9,0,0,0,0,0,0,3,11,1,75,633,2,18,5006,3
1081,1957,4,3,75283.0,1,2,2013-03-27,26,733,9,180,12,19,66,11,6,3,5,4,0,0,0,0,0,0,3,11,0,68,1019,3,14,4825,3
4261,1946,4,4,82800.0,0,0,2012-11-24,23,1006,22,115,59,68,45,1,7,6,12,3,0,0,1,1,0,0,3,11,1,79,1315,0,25,4948,1
9916,1954,2,3,38998.0,1,1,2012-11-03,92,34,1,14,0,0,5,3,2,0,3,8,0,0,0,0,0,1,3,11,0,71,54,2,5,4969,3
5350,1991,3,4,90638.0,0,0,2014-02-13,29,1156,120,915,94,144,96,1,3,4,10,1,0,0,1,0,0,0,3,11,1,34,2525,0,17,4502,2
8135,1986,3,3,27161.0,1,0,2013-10-28,41,7,4,23,7,0,11,1,1,0,3,7,0,0,0,0,0,0,3,11,0,39,52,1,4,4610,0
8685,1977,2,3,42014.0,1,0,2012-08-17,56,244,15,108,4,15,50,6,7,1,6,8,0,0,0,0,0,0,3,11,1,48,436,1,14,5047,0
4967,1960,4,5,38201.0,0,1,2013-03-29,19,233,0,23,0,0,12,4,5,1,5,8,0,0,0,0,0,0,3,11,0,65,268,1,11,4823,3
2130,1982,2,5,45203.0,2,0,2014-03-23,4,35,3,67,10,8,24,1,3,1,3,6,0,0,0,0,0,0,3,11,1,43,147,2,7,4464,3
9298,1947,4,5,81574.0,0,0,2014-04-28,89,1252,0,465,46,35,0,1,4,5,8,1,0,1,1,0,0,0,3,11,0,78,1798,0,17,4428,1
8175,1992,2,3,34935.0,0,0,2013-06-21,71,34,4,66,3,10,20,1,2,1,4,7,0,0,0,0,0,0,3,11,0,33,137,0,7,4739,0
6257,1976,3,4,60482.0,0,1,2013-01-23,81,255,43,134,37,14,24,1,7,2,7,7,0,0,0,0,0,0,3,11,0,49,507,1,16,4888,1
3790,1956,2,5,34633.0,2,1,2014-01-23,31,8,1,5,0,0,1,1,1,0,2,6,0,0,0,0,0,0,3,11,0,69,15,3,3,4523,3
9952,1947,3,5,78093.0,0,0,2013-12-11,53,368,32,639,13,43,10,1,4,7,5,1,0,0,0,0,0,0,3,11,0,78,1105,0,16,4566,1
3503,1950,2,2,82460.0,0,0,2013-12-02,78,255,47,573,52,32,15,1,5,3,6,1,0,0,0,0,0,0,3,11,0,75,974,0,14,4575,1
5223,1966,3,5,45903.0,0,1,2014-04-23,80,33,8,10,2,10,3,2,2,1,3,4,0,0,0,0,0,0,3,11,0,59,66,1,6,4433,0
4608,1987,2,2,81361.0,0,0,2014-02-25,18,163,23,424,27,65,76,1,3,10,13,1,0,0,0,0,0,0,3,11,1,38,778,0,26,4490,2
1626,1973,4,2,35860.0,1,1,2014-05-19,37,15,0,8,4,2,20,2,1,1,2,5,1,0,0,0,0,0,3,11,1,52,49,2,4,4407,3
4764,1952,3,5,40442.0,1,1,2012-08-19,52,45,12,52,25,22,13,4,3,1,4,7,0,0,0,0,0,0,3,11,1,73,169,2,8,5045,3
2471,1965,2,3,61482.0,0,0,2014-06-27,39,48,58,68,16,66,43,1,3,2,6,2,0,0,0,0,0,0,3,11,0,60,299,0,11,4368,1
5892,1980,2,3,34968.0,1,0,2013-04-10,11,158,6,45,8,2,2,7,3,2,5,7,0,0,0,0,0,0,3,11,0,45,221,1,10,4811,0
2612,1987,2,3,75794.0,0,0,2013-12-24,33,754,160,625,63,32,48,1,7,5,12,3,0,0,0,1,0,0,3,11,0,38,1682,0,24,4553,2
4971,1962,4,5,31497.0,0,1,2012-12-06,22,108,1,28,13,1,4,2,3,1,4,8,0,0,0,0,0,0,3,11,0,63,155,1,8,4936,0
5185,1955,2,3,74268.0,0,0,2013-02-14,83,199,66,315,97,174,41,1,4,3,5,2,0,0,0,0,0,0,3,11,0,70,892,0,12,4866,1
10069,1988,1,5,13724.0,1,0,2012-08-31,43,2,7,5,2,15,27,1,2,0,2,9,1,0,0,0,0,0,3,11,0,37,58,1,4,5033,0
2262,1965,3,5,45143.0,0,1,2013-08-26,74,202,5,74,11,5,14,3,6,1,5,7,0,0,0,0,0,0,3,11,0,60,311,1,12,4673,3
1131,1967,4,4,52569.0,0,1,2014-04-05,54,85,0,3,0,0,7,1,2,0,4,3,0,0,0,0,0,0,3,11,0,58,95,1,6,4451,0
1041,1973,4,4,48432.0,0,1,2012-10-18,3,322,3,50,4,3,42,5,7,1,6,8,0,0,0,0,0,0,3,11,1,52,424,1,14,4985,0
24,1960,3,5,17144.0,1,1,2014-02-15,96,18,2,19,0,2,6,5,3,0,4,7,0,0,0,0,0,0,3,11,0,65,47,2,7,4500,3
3409,1984,2,4,36108.0,1,0,2013-10-15,68,141,8,129,3,11,47,3,7,1,4,9,1,0,0,0,0,0,3,11,0,41,339,1,12,4623,0
7022,1971,2,3,76445.0,1,0,2012-09-28,2,739,107,309,140,80,35,1,2,5,13,6,0,0,0,0,0,0,3,11,0,54,1410,1,20,5005,2
7943,1975,4,3,36663.0,1,0,2014-04-25,40,18,0,6,3,3,5,1,1,1,3,2,0,0,0,0,0,0,3,11,0,50,35,1,5,4431,0
5272,1965,3,3,53843.0,0,1,2013-06-27,64,378,0,88,19,4,73,4,8,5,3,7,0,0,0,0,0,0,3,11,0,60,562,1,16,4733,1
5453,1956,3,3,90226.0,0,0,2012-09-26,26,1083,108,649,253,151,108,1,4,7,12,2,0,0,0,1,0,0,3,11,0,69,2352,0,23,5007,2
2565,1955,3,2,70638.0,0,0,2013-06-01,69,1016,12,215,16,12,63,1,4,5,10,3,0,1,0,0,0,0,3,11,0,70,1334,0,19,4759,1
800,1960,2,5,44512.0,1,1,2013-08-30,57,23,1,6,0,0,2,2,1,0,3,4,0,0,0,0,0,0,3,11,0,65,32,2,4,4669,3
11092,1961,2,3,27116.0,1,1,2014-03-02,78,12,1,21,2,2,3,2,2,0,3,7,0,0,0,0,0,0,3,11,0,64,41,2,5,4485,3
5062,1963,4,3,54072.0,1,1,2013-07-27,71,35,0,4,0,0,0,1,2,0,2,8,0,0,0,0,0,0,3,11,0,62,39,2,4,4703,3
8969,1977,2,3,71855.0,0,1,2013-01-16,59,548,31,422,0,112,28,4,5,5,11,3,0,0,0,0,0,0,3,11,0,48,1141,1,21,4895,2
4656,1990,0,4,51250.0,1,0,2013-03-30,28,342,32,230,34,32,40,5,10,5,4,9,1,0,0,0,0,0,3,11,0,35,710,1,19,4822,2
4480,1973,3,3,60432.0,0,1,2014-03-09,61,365,3,15,4,3,11,5,7,2,5,6,0,0,0,0,0,0,3,11,0,52,401,1,14,4478,0
9971,1964,4,3,65526.0,0,1,2014-04-11,22,397,19,69,12,0,9,1,4,4,8,2,0,0,0,0,0,0,3,11,0,61,506,1,16,4445,1
6729,1988,2,4,68655.0,0,0,2012-08-10,95,456,19,832,75,118,38,1,4,5,11,3,0,0,0,0,0,0,3,11,0,37,1538,0,20,5054,2
1773,1978,0,3,12393.0,0,0,2012-12-04,38,5,6,15,11,7,13,1,2,0,3,9,0,0,0,0,0,0,3,11,0,47,57,0,5,4938,0
9242,1990,2,4,64509.0,0,0,2013-08-17,19,836,185,575,24,25,77,1,6,3,9,4,1,0,0,0,0,0,3,11,1,35,1722,0,18,4682,2
1764,1975,2,4,33955.0,1,0,2013-08-09,92,100,2,128,23,7,10,4,5,1,5,8,0,0,0,0,0,0,3,11,0,50,270,1,11,4690,0
6215,1977,2,3,31353.0,1,1,2013-12-29,24,10,0,10,3,1,7,2,1,1,2,8,0,0,0,0,0,0,3,11,1,48,31,2,4,4548,3
10099,1984,2,3,55434.0,1,0,2013-10-05,21,238,115,215,169,69,76,3,5,3,13,4,0,0,0,0,0,0,3,11,0,41,882,1,21,4633,2
5423,1983,2,5,28359.0,1,0,2013-10-27,35,6,0,5,2,1,2,1,1,0,2,7,0,0,0,0,0,0,3,11,0,42,16,1,3,4611,0
940,1987,2,4,57100.0,1,0,2014-05-18,9,158,11,99,15,11,17,2,3,2,7,3,0,0,0,0,0,0,3,11,0,38,311,1,12,4408,0
3011,1965,2,3,69139.0,0,1,2014-01-27,23,86,12,75,33,15,6,1,4,1,5,4,0,0,0,0,0,0,3,11,0,60,227,1,10,4519,3
3298,1956,3,3,52973.0,0,1,2012-11-08,92,856,0,76,12,9,199,7,9,6,9,8,0,0,0,0,0,0,3,11,0,69,1152,1,24,4964,1
8286,1965,4,5,51717.0,0,1,2013-08-20,55,98,1,17,0,1,5,1,3,0,4,7,0,1,0,0,0,0,3,11,0,60,122,1,7,4679,0
9668,1971,2,3,18793.0,1,0,2013-01-12,14,4,16,20,0,17,20,3,2,0,4,8,0,0,0,0,0,0,3,11,0,54,77,1,6,4899,0
5120,1982,0,5,66664.0,0,0,2012-09-25,78,398,96,447,220,96,32,1,5,7,6,3,0,0,0,0,0,0,3,11,0,43,1289,0,18,5008,2
6097,1959,2,4,50664.0,1,1,2013-01-16,64,313,8,104,6,4,126,9,8,1,6,9,0,0,0,0,0,0,3,11,0,66,561,2,15,4895,3
7019,1963,2,5,54414.0,1,1,2013-01-23,49,109,18,16,24,26,18,4,3,1,5,4,0,0,0,0,0,0,3,11,0,62,211,2,9,4888,3
7408,1952,4,3,54549.0,0,1,2014-03-03,8,216,2,6,0,0,9,2,5,1,4,7,0,0,0,0,0,0,3,11,0,73,233,1,10,4484,3
8041,1971,4,6,47111.0,0,1,2012-09-08,35,595,71,153,120,112,41,6,3,2,10,9,0,0,0,0,0,0,3,11,0,54,1092,1,15,5025,1
252,1963,4,2,41003.0,0,0,2013-03-17,11,123,133,142,71,44,88,1,6,2,8,6,0,0,0,0,0,0,3,11,0,62,601,0,16,4835,1
9986,1982,2,5,19444.0,1,0,2014-02-22,8,16,0,23,3,2,10,3,4,1,2,7,0,0,0,0,0,0,3,11,1,43,54,1,7,4493,0
3276,1976,0,5,36301.0,1,0,2013-10-25,53,11,12,35,3,5,12,1,3,0,3,7,0,0,0,0,0,0,3,11,0,49,78,1,6,4613,0
3859,1947,4,5,73059.0,0,1,2013-08-31,36,410,112,420,0,82,71,1,9,3,13,4,0,0,0,0,0,0,3,11,0,78,1095,1,25,4668,1
3570,1969,4,5,42731.0,1,0,2013-10-21,64,159,2,51,6,2,24,3,4,1,5,5,0,0,0,0,0,0,3,11,0,56,244,1,10,4617,0
3783,1959,4,3,52854.0,1,1,2014-03-24,43,105,0,10,0,1,0,2,2,1,4,5,0,0,0,0,0,0,3,11,0,66,116,2,7,4463,3
10207,1978,2,5,22775.0,1,0,2013-06-19,40,5,1,8,0,0,1,1,1,0,2,8,0,0,0,0,0,0,3,11,0,47,15,1,3,4741,0
10906,1948,4,5,46681.0,0,2,2013-10-08,52,269,15,69,15,19,38,2,4,6,4,5,0,0,0,0,0,0,3,11,0,77,425,2,14,4630,3
3427,1955,4,3,59821.0,0,1,2013-04-12,11,629,0,70,0,0,35,6,11,2,7,8,0,0,0,0,0,0,3,11,0,70,734,1,20,4809,1
5209,1954,2,2,50002.0,0,1,2013-06-17,21,443,5,71,21,16,82,2,8,2,7,7,0,0,0,0,0,0,3,11,0,71,638,1,17,4743,1
10711,1945,2,3,69755.0,0,0,2013-10-02,23,217,77,373,111,23,93,1,3,6,12,1,0,0,0,0,0,0,3,11,0,80,894,0,21,4636,1
10785,1969,2,3,44078.0,1,1,2014-06-19,17,24,1,10,2,0,4,2,2,0,3,5,0,0,0,0,0,0,3,11,0,56,41,2,5,4376,3
2814,1976,3,5,30560.0,1,0,2013-06-27,6,9,1,5,4,5,7,1,1,0,3,7,0,0,0,0,0,0,3,11,0,49,31,1,4,4733,0
6866,1969,3,5,35924.0,1,1,2014-03-23,56,8,0,14,2,3,7,1,1,0,3,5,0,0,0,0,0,0,3,11,0,56,34,2,4,4464,3
1665,1964,4,2,64140.0,0,2,2013-09-23,71,1459,0,61,0,15,215,5,2,5,6,5,1,0,1,0,1,0,3,11,1,61,1750,2,13,4645,1
6575,1981,2,5,56386.0,1,1,2012-10-27,51,230,48,214,13,32,75,8,9,1,7,9,0,0,0,0,0,0,3,11,0,44,612,2,17,4976,3
3829,1979,1,5,24594.0,1,0,2013-12-10,94,1,3,6,10,0,9,1,1,0,3,5,0,0,0,0,0,0,3,11,0,46,29,1,4,4567,0
3091,1981,0,5,75774.0,1,0,2014-05-02,27,340,21,134,258,14,56,1,7,5,8,4,0,0,0,0,0,0,3,11,0,44,823,1,20,4424,2
10141,1960,3,2,39228.0,0,0,2013-05-10,1,7,1,6,0,3,3,1,0,0,3,4,0,0,0,0,0,0,3,11,0,65,20,0,3,4781,0
5177,1974,3,3,58494.0,0,1,2013-12-12,56,298,7,68,4,0,19,2,6,2,6,6,0,0,0,0,0,0,3,11,0,51,396,1,14,4565,0
7005,1981,2,4,58684.0,0,0,2014-06-16,71,479,35,179,28,7,85,1,5,3,12,2,0,1,0,0,0,0,3,11,0,44,813,0,20,4379,2
6409,1967,2,2,57136.0,0,0,2013-05-18,18,267,140,599,34,12,127,1,7,5,7,6,0,0,0,0,0,0,3,11,1,58,1179,0,19,4773,2
7485,1950,4,6,56551.0,1,1,2014-05-07,48,67,4,32,17,2,16,3,2,1,4,4,0,0,0,0,0,0,3,11,0,75,138,2,7,4419,3
8079,1982,2,3,22448.0,1,0,2014-02-26,86,3,1,8,23,2,18,3,2,1,3,3,0,0,0,0,0,0,3,11,0,43,55,1,6,4489,0
8395,1961,2,4,82014.0,0,0,2012-08-20,48,980,37,265,35,163,31,1,3,6,12,6,0,0,0,0,0,0,3,11,1,64,1511,0,21,5044,2
10352,1963,2,6,34213.0,1,1,2012-09-07,2,50,4,28,6,3,26,3,3,1,2,9,0,0,0,0,0,0,3,11,1,62,117,2,6,5026,3
4931,1977,2,5,157146.0,0,0,2013-04-29,13,1,0,1725,2,1,1,0,0,28,0,1,0,0,0,0,0,0,3,11,0,48,1730,0,28,4792,2
13,1947,4,6,25358.0,0,1,2013-07-22,57,19,0,5,0,0,8,2,1,0,3,6,0,0,0,0,0,0,3,11,0,78,32,1,4,4708,3
1834,1978,3,4,35544.0,1,0,2014-03-08,77,30,5,23,4,1,4,1,2,0,3,7,0,0,0,0,0,0,3,11,0,47,67,1,5,4479,0
2285,1954,3,5,36634.0,0,1,2013-05-28,0,213,9,76,4,3,30,3,5,2,5,7,0,0,0,0,0,0,3,11,0,71,335,1,12,4763,3
2295,1954,4,3,62670.0,0,1,2014-02-02,57,539,30,92,80,46,38,1,5,3,13,3,0,0,0,0,0,0,3,11,0,71,825,1,21,4513,1
1378,1972,0,5,50334.0,0,1,2013-07-24,24,284,16,160,84,16,134,6,7,4,6,6,0,0,0,0,0,0,3,11,0,53,694,1,17,4706,1
2781,1981,2,4,72066.0,0,0,2014-06-23,55,1003,34,536,134,51,34,1,4,6,6,2,0,0,1,1,0,0,3,11,1,44,1792,0,16,4372,2
1165,1958,4,4,50729.0,1,1,2013-05-02,62,239,13,143,45,4,52,9,6,2,7,6,0,0,0,0,0,0,3,11,0,67,496,2,15,4789,3
1404,1968,2,5,34916.0,2,0,2013-05-15,89,51,23,82,33,0,42,4,5,1,3,9,0,0,0,0,0,0,3,11,0,57,231,2,9,4776,3
6457,1976,2,2,64892.0,0,1,2014-05-29,77,527,24,230,32,24,65,2,6,4,12,4,0,0,0,0,0,0,3,11,0,49,902,1,22,4397,2
2639,1966,2,4,43602.0,1,1,2014-01-10,45,19,5,12,10,3,19,3,3,1,2,6,0,0,0,0,0,0,3,11,0,59,68,2,6,4536,3
8299,1989,4,4,33996.0,0,0,2013-09-11,46,40,2,15,8,0,6,1,1,1,3,4,0,0,0,0,0,0,3,11,0,36,71,0,5,4657,0
6437,1985,0,4,41473.0,1,0,2013-06-19,80,21,8,20,15,3,9,1,2,0,3,7,0,0,0,0,0,0,3,11,0,40,76,1,5,4741,0
6912,1967,4,3,63246.0,0,2,2013-08-20,60,593,30,91,29,22,7,1,6,3,12,4,0,0,0,0,0,0,3,11,0,58,772,2,21,4679,1
7327,1959,4,3,36732.0,1,1,2013-12-29,71,21,5,3,10,1,7,3,1,1,4,2,0,0,0,0,0,0,3,11,0,66,47,2,6,4548,3
5299,1970,4,3,69084.0,1,0,2013-11-19,43,1181,107,199,39,30,30,2,7,3,13,8,0,0,0,0,0,0,3,11,0,55,1586,1,23,4588,2
4127,1967,4,3,77766.0,0,1,2013-02-22,97,1004,59,265,115,59,27,2,11,10,11,6,1,0,0,0,0,0,3,11,1,58,1529,1,32,4858,2
8143,1985,4,4,37929.0,0,0,2013-07-30,49,202,2,46,3,2,10,2,4,2,5,7,0,1,0,1,0,0,3,11,1,40,265,0,11,4700,0
1964,1951,2,5,86610.0,0,0,2013-09-05,66,446,107,768,33,196,53,1,5,6,6,2,0,0,0,0,0,0,3,11,0,74,1603,0,17,4663,1
3690,1986,3,3,80141.0,0,0,2013-01-11,20,1184,102,673,52,40,40,1,7,4,10,6,0,0,1,0,0,0,3,11,1,39,2091,0,21,4900,2
3433,1955,0,3,72635.0,0,0,2013-06-03,54,390,22,323,104,35,107,1,6,8,6,3,0,0,0,1,0,0,3,11,0,70,981,0,20,4757,1
3389,1970,2,3,69016.0,0,1,2012-11-22,61,726,53,363,123,107,161,4,8,9,13,5,0,0,0,0,0,0,3,11,0,55,1533,1,30,4950,2
4712,1991,0,5,20193.0,0,0,2012-11-28,18,8,8,22,24,11,9,1,1,1,4,4,0,0,0,0,0,0,3,11,0,34,82,0,6,4944,0
1170,1975,2,3,27573.0,1,0,2013-03-25,45,50,15,110,39,15,15,4,5,1,4,8,0,0,0,0,0,0,3,11,0,50,244,1,10,4827,0
6347,1979,1,4,15862.0,1,0,2013-06-27,26,1,1,4,11,9,10,1,1,0,3,8,0,0,0,0,0,0,3,11,0,46,36,1,4,4733,0
4065,1976,4,3,49544.0,1,0,2013-02-12,0,308,0,73,0,0,23,2,5,1,8,7,0,0,0,0,0,0,3,11,0,49,404,1,14,4868,0
8230,1980,2,3,33228.0,1,0,2014-01-23,28,22,2,31,7,4,5,1,2,0,3,7,0,0,0,0,0,0,3,11,0,45,71,1,5,4523,0
1215,1978,2,5,70440.0,0,0,2013-10-08,49,690,117,499,76,102,88,1,5,10,7,3,0,0,0,1,0,0,3,11,0,47,1572,0,22,4630,2
5939,1971,2,5,38232.0,1,1,2014-01-17,84,43,5,28,7,6,33,4,3,1,3,5,0,0,0,0,0,0,3,11,0,54,122,2,7,4529,3
2156,1955,4,3,22554.0,1,1,2012-11-03,38,27,0,10,0,0,4,4,2,0,4,5,0,0,0,0,0,0,3,11,0,70,41,2,6,4969,3
7788,1983,4,3,23536.0,1,0,2014-06-04,53,6,0,3,0,0,1,1,0,0,3,3,0,0,0,0,0,0,3,11,0,42,10,1,3,4391,0
10323,1952,2,3,49413.0,0,1,2013-10-25,88,205,7,41,3,2,46,2,4,2,5,5,0,0,0,0,0,0,3,11,0,73,304,1,11,4613,3
7947,1969,2,3,42231.0,1,1,2014-03-25,99,24,0,8,0,1,4,1,1,0,3,5,0,0,0,0,0,0,3,11,0,56,37,2,4,4462,3
1891,1980,3,2,78789.0,0,0,2012-08-08,12,667,50,850,21,83,83,1,4,6,5,2,0,0,0,0,0,0,3,11,1,45,1754,0,15,5056,2
2570,1968,2,5,56534.0,0,1,2013-07-23,35,691,7,61,10,0,46,4,10,4,7,8,0,1,0,0,1,0,3,11,1,57,815,1,21,4707,1
9256,1971,2,4,58350.0,0,1,2013-01-04,5,493,26,206,116,80,80,4,8,3,12,6,0,0,0,0,0,0,3,11,0,54,1001,1,23,4907,1
295,1989,2,4,81217.0,0,0,2013-07-19,77,493,70,324,146,40,84,1,3,7,11,1,0,0,0,0,0,0,3,11,0,36,1157,0,21,4711,2
7397,1951,2,4,49090.0,0,1,2013-07-19,45,494,5,82,7,0,100,3,7,2,9,7,0,0,0,0,0,0,3,11,0,74,688,1,18,4711,1
6349,1987,3,2,61787.0,0,0,2013-07-06,71,621,73,414,78,48,85,1,8,4,6,5,0,0,0,0,0,0,3,11,0,38,1319,0,18,4724,2
10790,1985,4,3,18169.0,1,0,2013-02-19,40,9,0,5,0,0,7,1,1,0,2,8,0,0,0,0,0,0,3,11,0,40,21,1,3,4861,0
10398,1981,0,4,24336.0,1,0,2012-08-27,82,1,6,2,8,2,12,1,1,0,2,7,0,0,0,0,0,0,3,11,0,44,31,1,3,5037,0
2431,1990,2,3,18222.0,0,0,2012-12-31,70,12,4,19,12,6,14,1,2,0,3,8,0,0,0,0,0,0,3,11,0,35,67,0,5,4911,0
550,1952,2,2,62335.0,0,1,2013-05-23,87,243,131,217,85,6,26,2,3,3,13,2,0,0,0,0,0,0,3,11,0,73,708,1,19,4768,1
1890,1971,0,5,42033.0,1,1,2012-09-19,95,11,1,4,2,0,7,1,1,0,2,7,0,0,0,0,0,0,3,11,0,54,25,2,3,5014,3
10742,1983,4,3,86580.0,0,0,2013-02-27,72,532,21,127,26,20,20,0,4,2,5,1,0,0,1,0,0,0,3,11,0,42,746,0,11,4853,2
10356,1957,4,2,41437.0,1,1,2012-09-22,5,29,0,2,0,0,1,1,1,0,3,7,0,0,0,0,0,0,3,11,0,68,32,2,4,5011,3
4676,1951,3,6,73705.0,0,2,2014-03-05,86,612,91,520,258,107,107,2,9,6,8,5,0,0,0,0,0,0,3,11,0,74,1695,2,23,4482,1
8852,1976,2,3,61064.0,0,1,2012-08-31,80,387,126,342,0,45,180,5,8,4,11,6,0,0,0,0,0,0,3,11,0,49,1080,1,23,5033,2
3565,1955,3,3,38452.0,1,1,2014-03-30,62,56,0,14,0,0,2,3,3,0,3,7,0,0,0,0,0,0,3,11,0,70,72,2,6,4457,3
5294,1989,2,4,18358.0,1,0,2013-11-20,49,6,8,19,16,4,4,3,3,0,4,7,0,0,0,0,0,0,3,11,0,36,57,1,7,4587,0
1958,1973,4,5,55012.0,0,1,2014-03-21,85,582,0,65,0,0,13,6,8,2,9,5,0,0,0,0,0,0,3,11,0,52,660,1,19,4466,1
7349,1973,1,5,9722.0,1,0,2012-10-02,7,6,17,16,6,16,42,4,3,1,3,8,0,0,0,0,0,0,3,11,1,52,103,1,7,5001,0
8799,1984,4,3,38175.0,1,0,2013-09-23,6,70,6,69,2,3,3,3,3,1,4,7,0,0,0,0,0,0,3,11,0,41,153,1,8,4645,0
1351,1956,3,5,58656.0,0,1,2012-09-20,25,962,12,194,16,24,12,4,7,8,13,6,0,0,1,0,0,0,3,11,0,69,1220,1,28,5013,1
1045,1965,2,5,52117.0,0,1,2012-08-16,55,112,10,107,30,0,20,2,5,2,4,7,0,0,0,0,0,0,3,11,0,60,279,1,11,5048,3
7732,1978,2,3,64813.0,1,0,2014-01-02,81,293,0,124,179,97,52,1,7,2,10,5,0,0,0,0,0,0,3,11,0,47,745,1,19,4544,2
8070,1973,4,3,54222.0,0,1,2014-03-01,98,199,12,31,3,12,7,1,3,3,5,3,0,0,0,0,0,0,3,11,0,52,264,1,11,4486,0
477,1986,2,3,83512.0,0,0,2014-06-17,31,1060,61,835,80,20,101,1,4,7,10,1,1,0,1,1,1,0,3,11,1,39,2157,0,21,4378,2
7832,1959,3,3,77520.0,0,1,2013-08-28,30,940,44,396,0,88,58,1,8,7,7,4,1,0,1,1,0,0,3,11,1,66,1526,1,22,4671,1
2202,1978,2,5,41154.0,0,1,2013-04-09,98,44,2,11,2,3,7,1,1,0,4,5,0,0,0,0,0,0,3,11,0,47,69,1,5,4812,0
7396,1966,2,3,80398.0,0,0,2012-11-10,92,342,51,936,207,35,26,1,5,8,12,3,0,0,1,0,0,0,3,11,0,59,1597,0,25,4962,2
4055,1992,1,4,18746.0,1,0,2014-05-29,41,2,10,11,12,9,20,2,3,0,3,6,0,0,0,0,0,0,3,11,0,33,64,1,6,4397,0
10340,1984,2,5,35196.0,1,0,2012-11-13,68,75,12,141,43,39,187,6,6,1,5,8,0,0,0,0,0,0,3,11,0,41,497,1,12,4959,0
10091,1956,2,4,60230.0,0,1,2013-05-20,78,520,20,367,39,81,40,2,6,3,6,5,0,0,0,0,0,0,3,11,0,69,1067,1,15,4771,1
7629,1977,2,3,22108.0,1,1,2014-05-08,46,5,3,9,6,2,6,2,2,0,3,7,0,0,0,0,0,0,3,11,0,48,31,2,5,4418,3
10640,1974,2,5,44392.0,1,1,2013-09-05,71,87,5,71,7,12,29,5,4,1,4,7,0,0,0,0,0,0,3,11,0,51,211,2,9,4663,3
3498,1976,4,3,55424.0,0,1,2012-11-25,6,462,61,184,10,53,107,4,7,5,9,6,1,0,0,0,0,0,3,11,1,49,877,1,21,4947,2
6742,1979,2,3,17688.0,1,0,2013-01-13,82,2,2,1,3,1,2,1,1,0,2,8,0,0,0,0,0,1,3,11,0,46,11,1,3,4898,0
1172,1983,4,3,92491.0,0,0,2013-05-01,71,979,44,935,29,25,22,1,7,5,12,3,0,1,1,1,0,0,3,11,1,42,2034,0,24,4790,2
569,1991,2,4,90273.0,0,0,2013-12-14,32,704,129,853,120,74,111,1,5,6,7,2,0,1,1,1,0,0,3,11,1,34,1991,0,18,4563,2
4686,1962,4,6,82571.0,0,0,2014-04-02,28,861,31,558,62,95,79,0,6,5,13,2,0,0,1,0,0,0,3,11,0,63,1686,0,24,4454,2
1381,1982,4,4,38513.0,1,0,2014-01-28,20,172,3,115,16,0,18,5,6,1,5,8,0,0,0,0,0,0,3,11,1,43,324,1,12,4518,0
2634,1979,3,4,16653.0,1,0,2014-04-18,10,5,7,31,15,4,7,3,2,1,3,6,0,0,0,0,0,0,3,11,1,46,69,1,6,4438,0
10905,1955,2,5,42586.0,1,1,2012-10-29,7,194,2,56,0,0,0,5,4,1,6,8,0,0,0,0,0,0,3,11,1,70,252,2,11,4974,3
1744,1965,1,4,23529.0,0,1,2013-01-07,67,9,7,13,3,2,20,1,1,1,2,6,0,0,0,0,0,0,3,11,0,60,54,1,4,4904,0
1000,1961,3,5,74881.0,1,1,2013-03-08,48,505,72,270,36,27,54,4,9,2,12,5,0,0,0,0,0,0,3,11,0,64,964,2,23,4844,1
3828,1951,2,3,71107.0,0,1,2013-02-17,61,533,10,217,198,174,195,2,7,6,13,4,0,0,0,0,0,0,3,11,0,74,1327,1,26,4863,1
8605,1964,4,5,46910.0,1,1,2014-03-23,36,48,0,14,0,0,6,2,2,0,3,6,0,0,0,0,0,0,3,11,0,61,68,2,5,4464,3
10304,1959,2,3,18690.0,0,0,2012-12-28,77,6,1,7,23,4,19,1,1,1,2,8,0,0,0,0,0,0,3,11,0,66,60,0,4,4914,0
4351,1955,2,2,37244.0,1,1,2013-04-27,90,18,2,10,0,0,25,1,1,1,2,7,1,0,0,0,0,0,3,11,0,70,55,2,4,4794,3
10129,1966,2,5,82427.0,0,0,2014-03-12,35,482,147,509,104,107,107,1,3,5,12,1,0,0,1,0,0,0,3,11,0,59,1456,0,20,4475,2
2499,1958,0,4,75342.0,0,1,2013-05-06,38,204,97,97,21,118,26,1,5,2,10,4,0,0,0,0,0,0,3,11,0,67,563,1,17,4785,1
10092,1954,2,2,70044.0,0,1,2013-02-18,46,1073,0,250,153,14,14,4,7,10,5,5,0,0,0,0,0,0,3,11,0,71,1504,1,22,4862,1
7500,1967,2,4,79146.0,1,1,2014-04-24,33,245,16,223,21,43,16,2,8,1,8,6,0,0,0,0,0,0,3,11,0,58,564,2,17,4432,3
5796,1963,2,3,77437.0,0,0,2013-11-26,70,560,21,442,29,44,29,1,4,5,13,1,0,0,1,0,0,0,3,11,0,62,1125,0,22,4581,1
10556,1959,2,3,54984.0,0,1,2014-05-24,51,173,13,131,32,3,6,4,6,1,6,7,0,0,0,1,0,0,3,11,0,66,358,1,13,4402,1
1064,1971,4,3,42403.0,1,0,2013-12-11,18,22,1,11,0,5,3,1,1,0,3,8,0,0,0,0,0,0,3,11,0,54,42,1,4,4566,0
48,1964,2,5,55761.0,0,1,2014-04-24,97,136,1,12,0,3,32,2,4,1,3,6,0,1,0,0,0,0,3,11,0,61,184,1,8,4432,3
7610,1983,2,5,37292.0,1,0,2013-04-18,32,275,0,86,10,23,66,5,6,3,5,8,0,0,0,0,0,0,3,11,0,42,460,1,14,4803,0
263,1945,4,4,45576.0,0,0,2014-05-28,9,56,19,29,2,14,25,1,3,1,3,8,0,0,0,0,0,0,3,11,1,80,145,0,7,4398,1
10814,1947,2,5,70321.0,0,0,2013-01-16,6,303,23,751,82,26,191,1,6,5,13,4,0,0,0,0,0,0,3,11,1,78,1376,0,24,4895,1
9710,1969,4,2,58086.0,0,1,2013-01-20,80,708,7,62,0,0,15,2,11,3,7,8,0,0,0,0,0,0,3,11,0,56,792,1,21,4891,1
9292,1952,2,3,81795.0,0,0,2012-10-26,74,324,132,693,27,118,88,1,4,11,7,2,0,0,0,0,0,0,3,11,0,73,1382,0,22,4977,1
10250,1947,1,5,28389.0,0,0,2012-11-20,49,1,5,3,7,4,8,1,1,0,2,7,0,0,0,0,0,0,3,11,0,78,28,0,3,4952,0
7881,1946,3,3,66835.0,0,0,2013-09-28,21,620,26,195,34,17,141,1,6,4,13,2,0,0,0,0,0,0,3,11,0,79,1033,0,23,4640,1
5847,1969,2,2,69901.0,0,1,2013-05-29,95,312,21,206,102,92,149,3,7,3,10,5,0,0,0,0,0,0,3,11,0,56,882,1,20,4762,1
737,1949,4,3,80360.0,0,0,2013-03-03,56,1493,86,454,112,43,43,2,4,4,5,2,0,1,1,1,0,0,3,11,0,76,2231,0,13,4849,1
3571,1961,4,5,63342.0,0,1,2012-10-16,48,918,21,118,13,10,21,3,8,3,5,6,0,1,0,0,0,0,3,11,1,64,1101,1,16,4987,1
7807,1974,2,3,44989.0,0,1,2012-09-12,26,98,0,106,49,10,106,5,5,1,5,6,0,0,0,0,0,0,3,11,0,51,369,1,11,5021,0
3878,1980,0,4,31859.0,1,0,2014-02-27,3,3,4,7,15,8,11,1,1,0,3,7,0,0,0,0,0,0,3,11,0,45,48,1,4,4488,0
5092,1949,4,6,51569.0,0,1,2013-02-12,39,380,0,47,6,0,34,4,7,1,7,8,0,1,0,0,0,0,3,11,1,76,467,1,15,4868,1
2154,1971,2,6,30372.0,1,1,2012-12-25,33,15,0,12,7,3,7,3,2,0,3,7,0,0,0,0,0,0,3,11,0,54,44,2,5,4917,3
5394,1979,1,4,16014.0,1,1,2013-03-17,42,3,9,4,7,8,7,4,1,1,4,3,0,0,0,0,0,0,3,11,0,46,38,2,6,4835,0
3798,1968,2,3,41120.0,1,1,2013-11-06,80,24,2,23,0,8,24,3,2,1,3,6,0,0,0,0,0,0,3,11,0,57,81,2,6,4601,3
3524,1971,3,4,39763.0,1,0,2013-08-04,9,80,1,60,4,6,16,2,5,1,2,9,0,0,0,0,0,0,3,11,1,54,167,1,8,4695,0
5247,1955,4,3,38725.0,1,1,2014-05-10,52,31,0,6,2,1,5,2,1,0,4,4,0,0,0,0,0,0,3,11,0,70,45,2,5,4416,3
5883,1972,2,3,77981.0,1,0,2013-05-26,78,138,120,204,16,126,60,3,7,4,7,5,0,0,0,0,0,0,3,11,0,53,664,1,18,4765,1
2118,1964,0,3,62905.0,0,1,2013-09-10,68,166,75,96,119,107,59,3,7,2,8,4,0,0,0,0,0,0,3,11,0,61,622,1,17,4658,1
8812,1979,0,2,13533.0,1,0,2013-03-10,45,12,3,8,8,0,17,2,2,0,3,7,0,0,0,0,0,0,3,11,0,46,48,1,5,4842,0
6616,1975,2,5,59481.0,0,1,2013-10-23,47,178,3,85,71,66,58,2,3,3,8,2,0,0,0,0,0,0,3,11,0,50,461,1,14,4615,0
2797,1977,2,3,72117.0,0,1,2013-08-20,34,707,20,171,65,60,50,1,9,7,9,5,0,0,0,0,0,0,3,11,0,48,1073,1,25,4679,2
4328,1986,0,3,21955.0,1,0,2013-09-07,81,5,1,7,17,14,11,2,2,1,3,6,0,0,0,0,0,0,3,11,0,39,55,1,6,4661,0
9167,1956,2,3,67131.0,0,1,2013-03-26,72,465,71,250,93,35,62,3,9,2,12,6,0,0,0,0,0,0,3,11,0,69,976,1,23,4826,1
10560,1980,4,4,36802.0,1,0,2014-06-16,23,16,1,2,0,0,1,1,1,0,3,5,0,0,0,0,0,0,3,11,0,45,20,1,4,4379,0
2631,1982,2,5,71853.0,0,0,2013-05-08,29,358,108,413,141,97,32,1,2,8,6,1,0,0,0,0,0,0,3,11,0,43,1149,0,16,4783,2
8312,1961,1,3,28249.0,0,0,2014-06-15,80,1,9,7,2,14,10,1,2,0,3,6,0,0,0,0,0,0,3,11,0,64,43,0,5,4380,0
5534,1975,3,3,47808.0,0,1,2013-10-20,30,123,1,26,2,0,72,2,3,2,3,7,1,0,0,0,0,0,3,11,0,50,224,1,8,4618,0
5093,1974,4,2,25509.0,1,0,2012-09-18,15,40,3,30,10,7,11,3,3,0,3,9,0,0,0,0,0,0,3,11,1,51,101,1,6,5015,0
7592,1946,4,3,51012.0,0,0,2013-04-18,86,102,9,63,2,9,24,1,4,1,4,6,0,0,0,0,0,0,3,11,0,79,209,0,9,4803,1
8895,1985,2,4,70596.0,0,0,2012-10-05,68,347,44,534,17,0,26,1,3,5,12,2,0,0,0,0,0,0,3,11,0,40,968,0,20,4998,2
8584,1952,4,5,85431.0,0,0,2013-06-08,54,376,53,462,168,53,53,1,2,7,7,0,0,0,0,0,0,0,3,11,0,73,1165,0,16,4752,1
2694,1967,2,3,42664.0,0,1,2014-03-18,44,21,0,3,0,0,0,1,1,0,3,6,0,0,0,0,0,0,3,11,0,58,24,1,4,4469,0
8910,1955,2,5,42586.0,1,1,2012-10-29,7,194,2,56,0,0,0,5,4,1,6,8,0,0,0,0,0,0,3,11,1,70,252,2,11,4974,3
7433,1985,2,4,29760.0,1,0,2012-08-29,87,64,4,68,7,5,17,4,3,1,4,8,0,0,0,0,0,0,3,11,0,40,165,1,8,5035,0
164,1977,4,3,28973.0,0,0,2012-10-13,59,206,0,46,3,2,12,2,5,1,5,8,0,0,0,0,0,0,3,11,0,48,269,0,11,4990,0
10477,1973,4,5,39435.0,1,0,2013-08-06,16,71,0,18,0,0,13,1,3,1,2,7,0,0,0,0,0,0,3,11,0,52,102,1,6,4693,0
2681,1984,0,3,65370.0,0,0,2013-08-01,1,71,22,112,138,89,29,1,2,3,13,1,0,0,0,0,0,0,3,11,0,41,461,0,18,4698,2
5150,1979,1,4,20194.0,1,0,2012-12-17,64,0,4,7,11,10,15,2,2,0,3,6,0,0,0,0,0,0,3,11,0,46,47,1,5,4925,0
5283,1976,4,4,42473.0,1,1,2014-02-17,72,93,1,21,0,4,25,3,2,1,4,5,0,0,0,0,0,0,3,11,0,49,144,2,7,4498,3
9645,1968,2,3,64590.0,0,0,2012-10-14,98,920,138,168,36,46,30,1,9,4,10,6,0,0,0,0,0,0,3,11,0,57,1338,0,23,4989,2
10678,1959,2,5,71232.0,0,1,2013-11-28,91,653,17,170,34,26,17,2,11,2,10,7,0,0,0,0,0,0,3,11,0,66,917,1,23,4579,1
7261,1971,2,5,34600.0,1,1,2013-01-01,8,199,33,60,8,3,15,5,5,2,5,8,0,0,0,0,0,0,3,11,1,54,318,2,12,4910,3
9648,1967,2,4,46904.0,1,1,2012-11-03,20,153,4,56,0,9,31,4,5,1,4,8,0,0,0,0,0,0,3,11,0,58,253,2,10,4969,3
2870,1973,2,3,49094.0,0,1,2012-09-21,6,376,0,38,11,8,69,5,6,3,6,6,0,0,0,0,0,0,3,11,0,52,502,1,15,5012,0
8008,1983,2,5,36075.0,1,0,2013-12-09,54,46,0,30,12,1,30,1,2,0,4,6,0,0,0,0,0,0,3,11,0,42,119,1,6,4568,0
1513,1979,0,5,60839.0,1,1,2012-08-28,72,600,21,128,223,150,128,13,2,2,12,8,0,0,0,0,0,0,3,11,0,46,1250,2,16,5036,2
6173,1979,2,5,77298.0,0,1,2013-11-02,46,425,115,292,23,35,79,1,6,6,11,3,0,0,0,0,0,0,3,11,0,46,969,1,23,4605,2
1419,1950,2,5,34026.0,1,1,2013-08-05,11,18,6,15,12,8,17,3,2,1,3,5,0,0,0,0,0,0,3,11,0,75,76,2,6,4694,3
9150,1963,4,4,48918.0,1,1,2014-04-12,21,52,0,9,0,0,1,2,1,0,4,4,0,0,0,0,0,0,3,11,0,62,62,2,5,4444,3
7960,1962,0,5,82122.0,0,0,2013-08-15,89,734,22,350,151,25,100,1,3,9,13,1,0,0,1,0,0,0,3,11,0,63,1382,0,25,4684,2
1250,1976,2,4,37697.0,1,0,2014-02-07,82,34,6,21,11,4,8,1,2,1,3,6,0,0,0,0,0,0,3,11,0,49,84,1,6,4508,0
9905,1952,2,5,34074.0,1,1,2013-07-13,69,135,1,41,10,1,67,5,3,3,3,6,1,0,0,0,0,0,3,11,0,73,255,2,9,4717,3
10691,1960,3,3,28520.0,1,1,2013-06-14,55,11,0,10,0,2,20,1,1,1,2,6,0,0,0,0,0,0,3,11,0,65,43,2,4,4746,3
7002,1955,2,4,62535.0,0,1,2013-10-03,13,163,48,90,0,45,52,1,3,2,8,3,0,0,0,0,0,0,3,11,0,70,398,1,13,4635,1
2952,1977,3,4,36273.0,1,0,2014-04-16,80,29,3,30,3,2,9,2,3,0,3,6,0,0,0,0,0,0,3,11,0,48,76,1,6,4440,0
8439,1964,2,5,63404.0,0,2,2014-06-06,97,734,26,70,11,44,17,2,6,3,4,4,0,0,0,1,0,0,3,11,0,61,902,2,13,4389,3
762,1981,0,5,75774.0,1,0,2014-05-02,27,340,21,134,258,14,56,1,7,5,8,4,0,0,0,0,0,0,3,11,0,44,823,1,20,4424,2
2831,1976,2,5,78416.0,0,1,2014-06-27,99,453,38,279,188,38,183,2,7,7,10,3,0,0,0,0,0,0,3,11,0,49,1179,1,24,4368,2
6977,1974,2,5,75702.0,0,1,2012-10-14,87,1073,0,629,145,37,37,1,10,5,13,6,0,0,1,0,0,0,3,11,0,51,1921,1,28,4989,2
6289,1951,3,5,59385.0,1,1,2013-04-28,85,135,0,10,0,4,36,2,3,1,4,5,0,0,0,0,0,0,3,11,0,74,185,2,8,4793,3
4168,1966,2,4,37070.0,1,1,2013-03-20,30,231,7,137,4,15,39,9,5,1,8,7,0,0,0,0,0,0,3,11,1,59,433,2,14,4832,3
8397,1951,2,3,44689.0,1,1,2014-01-10,82,18,0,5,0,0,11,2,1,1,2,7,1,0,0,0,0,0,3,11,0,74,34,2,4,4536,3
9284,1958,2,5,53977.0,0,1,2013-06-08,21,620,16,165,0,24,82,5,5,5,12,5,0,0,0,0,0,0,3,11,0,67,907,1,22,4752,1
6237,1966,4,4,7144.0,0,2,2013-12-07,92,81,4,33,5,2,291,0,23,1,1,0,0,0,0,0,0,0,3,11,0,59,416,2,25,4570,3
3130,1964,2,4,18701.0,1,1,2013-06-04,95,12,4,2,10,6,10,4,2,0,4,5,0,0,0,0,0,0,3,11,0,61,44,2,6,4756,3
1619,1956,2,3,90369.0,0,0,2014-04-28,2,292,51,981,224,23,17,1,4,6,6,1,0,0,0,0,0,0,3,11,1,69,1588,0,16,4428,1
1990,1974,4,4,63159.0,0,0,2012-11-05,74,965,34,586,89,86,37,1,3,5,8,3,1,0,0,0,0,0,3,11,0,51,1797,0,16,4967,2
5513,1966,2,5,37758.0,1,1,2012-10-04,49,27,2,10,0,0,1,2,1,0,3,8,0,0,0,0,0,0,3,11,0,59,40,2,4,4999,3
269,1963,4,4,46757.0,0,1,2012-11-16,71,777,30,163,0,51,122,6,4,4,7,9,0,0,0,0,0,0,3,11,0,62,1143,1,15,4956,1
8093,1969,3,3,79734.0,0,0,2014-06-28,72,572,8,232,23,62,17,1,4,3,6,1,0,0,0,1,0,0,3,11,0,56,914,0,13,4367,2
10513,1992,2,5,63207.0,0,0,2013-01-20,68,438,169,565,91,169,70,1,2,3,6,7,0,0,0,1,0,0,3,11,0,33,1502,0,11,4891,2
10177,1954,2,2,72071.0,0,1,2013-02-14,4,531,69,300,150,138,150,3,5,4,8,2,0,0,0,0,0,0,3,11,0,71,1338,1,17,4866,1
2549,1983,4,5,21840.0,1,0,2013-07-21,80,17,0,9,0,0,1,1,1,0,3,9,0,0,0,0,0,0,3,11,0,42,27,1,4,4709,0
5782,1982,0,5,58582.0,0,1,2013-09-28,15,402,35,106,101,77,42,2,9,2,9,5,0,1,0,0,0,0,3,11,0,43,763,1,20,4640,2
10057,1951,2,4,72282.0,0,0,2013-07-19,70,503,27,419,90,139,153,1,5,7,9,7,0,0,0,0,0,0,3,11,1,74,1331,0,21,4711,1
10307,1956,2,3,50387.0,0,2,2013-08-31,91,369,9,87,12,14,34,3,6,2,8,5,0,0,0,0,0,0,3,11,0,69,525,2,16,4668,3
8566,1961,4,5,32583.0,1,1,2014-06-15,10,5,0,3,0,0,1,1,1,0,2,7,0,0,0,0,0,0,3,11,0,64,9,2,3,4380,3
2415,1962,2,5,62568.0,0,1,2014-04-07,99,362,17,398,80,35,61,3,5,3,5,4,0,0,0,1,0,0,3,11,0,63,953,1,13,4449,1
5684,1971,3,2,44635.0,1,1,2013-10-11,25,56,0,9,0,0,3,2,2,0,3,7,0,0,0,0,0,0,3,11,0,54,68,2,5,4627,3
8334,1971,3,4,33316.0,1,1,2013-10-04,34,79,1,31,4,4,12,3,2,1,4,6,0,0,0,0,0,0,3,11,0,54,131,2,7,4634,3
9166,1968,2,3,63967.0,0,1,2013-08-09,57,387,84,141,73,35,162,3,4,4,12,2,0,0,0,0,0,0,3,11,0,57,882,1,20,4690,1
1440,1978,0,5,52513.0,0,0,2012-09-04,84,367,17,241,104,188,232,2,9,5,9,7,0,0,0,0,0,0,3,11,0,47,1149,0,23,5029,2
78,1969,2,3,25293.0,1,0,2013-09-15,51,15,0,11,0,2,9,1,1,1,2,8,0,0,0,0,0,0,3,11,0,56,37,1,4,4653,0
5441,1965,4,6,54111.0,0,1,2013-08-25,97,267,6,54,8,3,50,2,5,2,6,5,0,0,0,0,0,0,3,11,0,60,388,1,13,4674,3
5302,1986,2,5,78394.0,0,0,2013-02-15,13,298,27,697,216,24,166,1,4,6,5,2,0,0,0,0,0,0,3,11,1,39,1428,0,15,4865,2
4687,1958,3,3,80739.0,0,0,2013-05-23,92,674,92,736,39,0,92,1,3,11,9,1,0,0,0,0,0,0,3,11,0,67,1633,0,23,4768,1
1087,1975,3,5,22669.0,1,0,2013-05-22,30,16,14,36,37,22,48,3,4,1,2,9,0,0,0,0,0,0,3,11,1,50,173,1,7,4769,0
6859,1987,2,4,29236.0,1,0,2013-10-08,30,37,4,24,16,9,9,2,4,0,3,9,0,0,0,0,0,0,3,11,0,38,99,1,7,4630,0
9860,1959,2,5,44911.0,0,1,2013-03-15,11,159,0,22,2,1,31,3,4,1,4,7,0,0,0,0,0,0,3,11,0,66,215,1,9,4837,3
7129,1962,4,3,54693.0,0,1,2013-02-17,72,686,17,142,23,26,35,8,6,4,13,6,0,0,0,0,0,0,3,11,0,63,929,1,23,4863,1
5866,1974,2,5,48186.0,1,0,2014-03-20,39,97,3,66,12,7,34,3,4,1,4,7,0,0,0,0,0,0,3,11,0,51,219,1,9,4467,0
10521,1977,2,3,54809.0,1,1,2013-09-11,0,63,6,57,13,13,22,4,2,1,5,4,0,0,0,0,0,0,3,11,1,48,174,2,8,4657,3
7393,1978,2,5,41580.0,1,1,2012-12-10,15,56,5,24,4,0,3,3,2,1,3,5,0,0,0,0,0,0,3,11,0,47,92,2,6,4932,3
7849,1970,4,3,80336.0,0,0,2013-09-09,12,209,19,456,160,142,66,1,2,9,13,1,0,0,0,0,0,0,3,11,0,55,1052,0,24,4659,2
332,1957,2,3,47743.0,0,1,2013-03-22,56,198,2,43,0,12,20,3,4,1,6,6,0,1,0,0,0,0,3,11,0,68,275,1,11,4830,3
9847,1955,0,3,62972.0,0,1,2012-08-03,39,313,15,47,20,0,192,2,7,4,3,6,0,0,0,0,0,0,3,11,0,70,587,1,14,5061,1
531,1954,4,2,57333.0,0,1,2012-09-22,55,941,14,397,76,58,176,11,8,5,9,6,0,0,0,0,0,0,3,11,1,71,1662,1,22,5011,1
9576,1982,4,5,32313.0,1,0,2013-02-11,60,86,4,56,2,4,7,3,4,0,4,9,0,0,0,0,0,0,3,11,0,43,159,1,8,4869,0
6906,1953,3,6,84953.0,0,0,2013-06-03,73,167,48,602,63,72,72,1,3,10,4,2,0,1,1,1,0,0,3,11,1,72,1024,0,17,4757,1
7419,1968,3,2,27071.0,1,0,2014-04-23,90,8,3,19,0,2,3,2,2,0,3,6,0,0,0,0,0,0,3,11,0,57,35,1,5,4433,0
3170,1957,3,5,68148.0,0,0,2013-08-31,86,389,66,408,37,57,85,1,4,4,6,2,0,0,0,0,0,0,3,11,0,68,1042,0,14,4668,1
8527,1965,3,5,65735.0,1,1,2013-12-07,37,239,7,119,4,15,11,5,6,2,6,7,0,0,0,0,0,0,3,11,0,60,395,2,14,4570,3
7872,1975,4,3,86836.0,0,0,2012-09-12,7,179,21,273,0,21,63,1,6,10,6,5,1,0,1,1,0,0,3,11,1,50,557,0,22,5021,2
9931,1963,4,3,4023.0,1,1,2014-06-23,29,5,0,1,1,1,1,15,0,0,0,19,0,0,0,0,0,0,3,11,0,62,9,2,0,4372,3
10595,1990,2,3,30093.0,0,0,2013-07-08,19,2,6,28,13,4,16,1,2,0,3,7,0,0,0,0,0,0,3,11,0,35,69,0,5,4722,0
4609,1966,4,3,57705.0,0,1,2014-01-11,14,383,0,53,6,4,40,3,8,1,6,6,0,0,0,0,0,0,3,11,0,59,486,1,15,4535,1
5010,1988,2,4,25008.0,1,0,2014-02-02,72,2,8,8,6,1,9,2,1,0,3,8,0,0,0,0,0,0,3,11,0,37,34,1,4,4513,0
4427,1995,0,4,83257.0,0,0,2012-09-18,56,536,27,590,38,107,67,1,5,10,12,6,1,0,1,0,0,1,3,11,1,30,1365,0,27,5015,2
11148,1975,2,5,22280.0,1,0,2013-05-19,85,2,1,4,3,1,2,1,1,0,2,8,0,0,0,0,0,0,3,11,0,50,13,1,3,4772,0
1168,1978,4,3,72159.0,0,0,2012-10-29,62,322,53,899,34,40,53,1,4,6,10,2,0,0,0,0,0,0,3,11,0,47,1401,0,20,4974,2
9595,1961,2,5,64260.0,0,0,2013-01-11,1,539,169,816,20,0,30,1,4,5,4,3,0,0,0,0,0,0,3,11,1,64,1574,0,13,4900,1
10163,1984,4,4,82733.0,0,0,2013-09-10,28,712,50,420,65,38,38,1,8,4,7,4,0,0,0,0,0,0,3,11,1,41,1323,0,19,4658,2
2886,1971,3,2,74290.0,0,1,2013-08-12,70,1121,0,72,0,12,12,4,10,8,10,6,0,1,0,1,0,0,3,11,0,54,1217,1,28,4687,2
6710,1951,3,4,58217.0,2,1,2012-11-17,84,68,1,13,3,5,13,1,2,0,4,6,0,0,0,0,0,0,3,11,0,74,103,3,6,4955,3
5316,1976,3,5,21024.0,0,0,2013-07-04,89,36,4,18,6,2,18,1,2,0,4,7,0,0,0,0,0,0,3,11,0,49,84,0,6,4726,0
9029,1972,4,3,70116.0,0,0,2013-01-26,73,707,44,603,95,58,29,1,2,8,12,1,0,0,0,0,0,0,3,11,0,53,1536,0,22,4885,2
521,1985,2,5,54006.0,1,0,2012-09-18,42,174,77,203,6,24,97,2,8,1,7,7,0,0,0,0,0,0,3,11,0,40,581,1,16,5015,0
1459,1966,4,3,69063.0,0,1,2012-11-07,16,666,35,124,69,8,26,1,5,3,5,3,0,0,0,0,0,0,3,11,0,59,928,1,13,4965,1
10241,1975,0,2,11448.0,0,0,2013-12-15,16,0,0,0,6,2,6,1,1,0,2,6,0,0,0,0,0,0,3,11,0,50,14,0,3,4562,0
1630,1979,2,4,61825.0,0,1,2013-08-07,56,162,50,100,55,30,27,1,4,2,8,4,0,0,0,0,0,0,3,11,0,46,424,1,14,4692,0
3254,1971,2,3,70886.0,1,0,2013-10-14,65,407,70,239,103,88,53,1,5,4,4,2,0,0,0,0,0,0,3,11,0,54,960,1,13,4624,1
9064,1982,2,3,69109.0,0,0,2012-11-09,10,823,25,459,124,29,95,1,6,6,7,4,0,0,1,0,0,0,3,11,1,43,1555,0,19,4963,2
3678,1973,2,6,60208.0,1,1,2012-10-07,13,488,23,71,15,0,59,11,8,3,7,7,0,1,0,0,0,0,3,11,1,52,656,2,18,4996,3
4227,1968,3,5,32889.0,1,1,2013-09-06,78,28,0,13,4,2,8,3,2,1,3,5,0,0,0,0,0,0,3,11,0,57,55,2,6,4662,3
9467,1984,2,4,34738.0,1,0,2014-05-11,51,3,2,10,3,0,2,1,1,0,3,6,0,0,0,0,0,0,3,11,0,41,20,1,4,4415,0
8486,1971,3,5,30538.0,1,0,2012-10-01,27,284,0,52,8,3,20,4,9,0,4,10,0,0,0,0,0,0,3,11,0,54,367,1,13,5002,0
2186,1977,0,5,82326.0,0,0,2014-03-10,30,938,142,754,159,81,183,1,5,10,6,2,0,1,1,1,0,0,3,11,1,48,2257,0,21,4477,2
3286,1967,4,2,26642.0,1,0,2014-03-01,71,13,2,15,2,2,8,2,2,0,3,6,0,0,0,0,0,0,3,11,0,58,42,1,5,4486,0
8602,1964,2,2,69932.0,0,1,2013-06-12,97,412,172,153,150,105,57,2,7,6,11,4,0,0,0,0,0,0,3,11,0,61,1049,1,24,4748,1
3722,1972,2,4,44503.0,1,1,2014-04-16,83,31,1,8,0,0,8,2,2,0,3,6,0,0,0,0,0,0,3,11,0,53,48,2,5,4440,3
6715,1948,4,4,60200.0,0,1,2013-01-02,3,502,19,132,0,6,26,6,6,2,11,6,0,0,0,0,0,0,3,11,0,77,685,1,19,4909,1
4796,1952,2,2,49638.0,0,1,2014-04-19,71,18,10,3,3,5,0,1,1,0,3,2,0,0,0,0,0,0,3,11,0,73,39,1,4,4437,3
9612,1987,0,4,23830.0,0,0,2014-02-07,3,1,8,6,4,8,16,1,1,0,3,7,0,0,0,0,0,0,3,11,0,38,43,0,4,4508,0
3766,1959,3,6,33051.0,0,0,2012-08-16,15,100,71,243,108,94,219,3,9,1,8,9,0,0,0,0,0,0,3,11,1,66,835,0,18,5048,1
1399,1958,2,3,72905.0,0,0,2014-01-21,52,407,114,445,181,165,203,1,3,7,9,1,0,0,0,1,0,0,3,11,0,67,1515,0,19,4525,1
1570,1951,4,5,69702.0,0,1,2013-02-19,8,664,9,240,50,19,57,2,7,7,10,4,0,0,0,0,0,0,3,11,0,74,1039,1,24,4861,1
3426,1975,2,2,70300.0,1,0,2013-07-15,89,1045,61,338,60,46,46,3,5,5,13,8,0,0,0,0,0,0,3,11,0,50,1596,1,23,4715,2
3074,1984,4,3,70643.0,0,0,2012-10-15,66,1218,107,304,23,143,33,1,5,8,4,6,0,0,0,0,0,0,3,11,1,41,1828,0,17,4988,2
8341,1969,4,3,30396.0,1,0,2014-04-30,22,15,0,6,0,1,12,2,1,1,2,7,1,0,0,0,0,0,3,11,1,56,34,1,4,4426,0
5180,1968,4,2,50616.0,0,1,2014-04-18,56,128,0,16,0,1,4,2,4,0,4,7,0,0,0,0,0,0,3,11,0,57,149,1,8,4438,0
6461,1969,3,4,62772.0,0,1,2013-05-19,74,581,49,157,43,8,108,1,5,6,11,2,0,1,0,0,0,0,3,11,0,56,946,1,22,4772,1
7679,1985,4,4,30298.0,0,0,2014-05-19,48,6,3,12,6,1,0,1,1,1,3,3,0,0,0,0,0,0,3,11,0,40,28,0,5,4407,0
10702,1984,2,4,52413.0,1,0,2012-11-03,67,185,8,133,56,56,12,2,7,1,7,7,0,0,0,0,0,0,3,11,0,41,450,1,15,4969,0
7505,1957,4,3,44155.0,1,1,2014-01-19,24,22,1,9,0,0,14,1,1,1,2,4,0,0,0,0,0,0,3,11,0,68,46,2,4,4527,3
5113,1971,4,2,86979.0,0,0,2013-11-07,67,584,100,835,65,83,35,1,5,5,5,2,1,0,0,0,0,0,3,11,1,54,1702,0,15,4600,2
10858,1975,2,5,76532.0,1,1,2013-09-09,38,355,30,177,90,138,30,4,9,5,7,5,0,0,0,0,0,0,3,11,0,50,820,2,21,4659,1
2961,1982,2,3,42081.0,1,0,2013-02-26,86,175,10,110,54,6,27,2,6,3,4,6,1,0,0,0,0,0,3,11,0,43,382,1,13,4854,0
2747,1988,4,3,67546.0,0,0,2012-08-31,90,864,134,768,150,38,172,1,4,10,5,3,0,0,0,0,0,0,3,11,0,37,2126,0,19,5033,2
3010,1989,3,5,88420.0,0,0,2014-05-02,87,957,153,612,99,95,153,1,4,7,8,1,1,0,1,1,0,0,3,11,0,36,2069,0,19,4424,2
5790,1985,2,3,31158.0,1,0,2013-01-27,62,25,6,16,20,0,5,2,2,0,3,8,0,0,0,0,0,0,3,11,0,40,72,1,5,4884,0
6892,1968,2,2,61671.0,0,1,2014-06-03,23,641,7,56,0,0,28,8,10,4,6,8,0,1,0,1,0,0,3,11,0,57,732,1,20,4392,1
1743,1974,2,4,69719.0,0,0,2014-05-26,99,273,86,208,177,14,43,1,2,3,5,1,0,0,0,0,0,0,3,11,0,51,801,0,10,4400,2
3578,1949,2,2,49160.0,0,1,2013-10-20,29,122,21,43,25,10,15,2,3,1,6,6,0,0,0,0,0,0,3,11,0,76,236,1,10,4618,3
8462,1978,1,5,24882.0,1,0,2012-09-09,52,1,4,10,29,0,36,1,1,1,2,6,1,0,0,0,0,0,3,11,0,47,80,1,4,5024,0
5558,1954,4,4,90933.0,0,0,2014-03-31,90,1020,31,430,62,63,79,1,4,6,4,1,0,0,1,0,0,0,3,11,0,71,1685,0,14,4456,1
4619,1945,4,4,113734.0,0,0,2014-05-28,9,6,2,3,1,262,3,0,27,0,0,1,0,0,0,0,0,0,3,11,0,80,277,0,27,4398,1
8780,1950,4,5,59292.0,0,1,2013-06-13,71,378,14,68,19,14,14,2,3,5,8,3,0,0,0,0,0,0,3,11,0,75,507,1,16,4747,1
10789,1964,4,3,45759.0,1,1,2013-02-23,13,42,1,18,3,0,4,2,2,0,3,7,0,0,0,0,0,0,3,11,0,61,68,2,5,4857,3
10779,1983,2,4,22148.0,0,0,2014-04-13,16,15,5,14,0,4,11,1,1,0,3,7,0,0,0,0,0,0,3,11,0,42,49,0,4,4443,0
5896,1987,3,3,73395.0,0,0,2014-03-18,94,272,7,80,20,7,11,1,4,4,6,2,0,0,0,0,0,0,3,11,0,38,397,0,14,4469,2
2337,1971,2,2,29819.0,1,0,2013-10-24,77,9,1,24,2,1,2,3,3,0,3,6,0,0,0,0,0,0,3,11,0,54,39,1,6,4614,0
10951,1968,2,3,45688.0,0,1,2014-01-25,20,279,0,18,0,0,9,2,3,1,8,4,0,1,0,0,0,0,3,11,0,57,306,1,12,4521,0
544,1954,2,3,62820.0,0,0,2013-05-11,51,398,61,265,138,61,53,1,3,4,6,1,0,0,0,0,0,0,3,11,0,71,976,0,13,4780,1
17,1971,4,3,60491.0,0,1,2013-09-06,81,637,47,237,12,19,76,4,6,11,7,5,0,0,0,0,0,0,3,11,0,54,1028,1,24,4662,1
10680,1986,2,5,33235.0,1,0,2014-02-05,71,45,0,16,2,1,6,1,3,0,3,7,0,0,0,0,0,0,3,11,0,39,70,1,6,4510,0
3265,1959,2,3,35701.0,0,0,2013-03-19,36,21,1,9,7,3,5,1,1,0,3,6,0,0,0,0,0,0,3,11,0,66,46,0,4,4833,0
5623,1980,3,3,31535.0,1,0,2013-09-26,95,15,4,13,0,0,19,1,1,1,2,7,1,0,0,0,0,0,3,11,0,45,51,1,4,4642,0
5832,1960,0,5,92556.0,0,0,2014-04-20,32,493,183,352,184,23,28,0,3,5,13,0,0,0,0,0,0,0,3,11,0,65,1263,0,21,4436,1
5544,1970,2,4,67384.0,0,1,2012-11-10,32,957,40,175,158,53,107,2,7,8,5,5,0,1,0,0,0,0,3,11,0,55,1490,1,20,4962,2
6417,1971,3,5,80573.0,0,0,2012-10-14,85,829,138,430,60,92,15,1,4,6,13,2,0,0,0,0,0,0,3,11,0,54,1564,0,23,4989,2
5831,1967,2,3,77870.0,0,1,2012-08-22,93,1017,50,500,65,50,133,3,5,5,5,8,0,1,0,1,0,0,3,11,1,58,1815,1,15,5042,2
7101,1963,4,6,52278.0,0,1,2013-01-25,24,953,0,71,0,0,174,6,10,5,10,8,0,0,0,0,0,0,3,11,0,62,1198,1,25,4886,1
10176,1968,2,4,57107.0,0,1,2012-08-24,44,159,0,120,0,0,137,7,4,4,8,8,0,1,0,0,1,0,3,11,1,57,416,1,16,5040,1
2326,1990,2,3,18929.0,0,0,2013-02-16,15,32,0,8,23,4,18,1,1,0,4,6,0,0,0,0,0,0,3,11,0,35,85,0,5,4864,0
4385,1981,4,4,36038.0,1,0,2013-05-31,82,23,0,15,0,2,7,2,3,0,3,6,0,0,0,0,0,0,3,11,0,44,47,1,6,4760,0
2929,1976,2,4,20180.0,0,0,2013-02-20,27,18,42,24,15,20,18,1,2,1,4,7,0,0,0,0,0,0,3,11,0,49,137,0,7,4860,0
10686,1965,4,5,34230.0,1,1,2012-12-26,72,15,0,4,0,0,2,1,1,0,2,7,0,0,0,0,0,0,3,11,0,60,21,2,3,4916,3
2546,1977,0,4,31878.0,0,1,2014-06-22,7,23,4,5,10,5,23,1,1,0,4,3,0,0,0,0,0,0,3,11,0,48,70,1,5,4373,0
3283,1972,0,3,70932.0,0,1,2014-01-19,57,200,193,100,46,185,185,2,6,2,12,3,0,0,0,0,0,0,3,11,0,53,909,1,20,4527,1
3138,1956,2,4,91249.0,0,0,2012-10-20,84,1324,27,119,71,108,27,0,7,9,6,4,0,1,1,1,1,0,3,11,1,69,1676,0,22,4983,1
4994,1943,3,4,77598.0,0,0,2013-10-01,53,1193,33,281,129,66,33,1,7,5,13,3,0,0,1,0,0,0,3,11,0,82,1735,0,25,4637,1
7966,1959,2,4,80982.0,1,1,2013-01-08,48,505,137,401,104,22,22,3,11,5,11,5,0,0,0,0,0,1,3,11,0,66,1191,2,27,4903,1
3112,1977,3,3,22701.0,1,0,2013-09-05,2,2,4,9,0,4,5,1,1,0,3,5,0,0,0,0,0,0,3,11,0,48,24,1,4,4663,0
10872,1969,4,3,55212.0,0,1,2012-11-23,65,1103,0,45,0,0,34,3,4,2,11,8,0,1,0,0,1,0,3,11,0,56,1182,1,17,4949,1
2181,1970,2,3,70617.0,0,0,2013-06-23,45,353,61,753,40,46,27,1,3,3,7,2,0,0,0,0,0,0,3,11,0,55,1280,0,13,4737,2
1867,1957,2,4,64849.0,0,0,2012-11-13,42,652,48,350,94,84,108,1,9,3,6,5,0,0,0,0,0,0,3,11,1,68,1336,0,18,4959,1
1518,1965,3,3,62694.0,1,1,2013-06-17,29,379,6,157,25,91,91,5,9,3,7,7,0,0,0,0,0,0,3,11,0,60,749,2,19,4743,1
5734,1974,4,3,61917.0,1,1,2013-11-20,83,46,4,36,2,2,1,1,2,0,4,5,0,0,0,0,0,0,3,11,0,51,91,2,6,4587,3
2878,1947,4,3,67472.0,0,1,2013-09-28,93,162,31,127,8,17,69,2,4,2,7,3,0,0,0,0,0,0,3,11,0,78,414,1,13,4640,1
1458,1982,3,3,21059.0,1,0,2014-01-07,40,8,3,19,3,3,8,3,3,0,3,6,0,0,0,0,0,0,3,11,0,43,44,1,6,4539,0
7007,1968,3,3,29543.0,2,0,2014-04-01,47,17,3,18,3,4,18,2,3,1,2,7,0,0,0,0,0,0,3,11,0,57,63,2,6,4455,3
6200,1951,2,3,75903.0,0,1,2013-04-08,50,340,108,185,130,38,100,2,6,6,9,3,0,0,0,0,0,0,3,11,0,74,901,1,21,4813,1
1403,1975,0,5,34984.0,1,1,2012-09-06,40,8,4,15,3,5,3,2,1,0,3,7,0,0,0,0,0,0,3,11,0,50,38,2,4,5027,3
4827,1956,4,4,54998.0,0,1,2013-03-10,3,154,22,202,39,30,8,5,4,2,9,4,0,0,0,0,0,0,3,11,1,69,455,1,15,4842,1
6250,1949,4,6,54356.0,0,1,2012-11-19,62,710,15,30,20,0,0,3,11,2,8,8,0,0,0,0,0,0,3,11,1,76,775,1,21,4953,1
9291,1959,3,3,34242.0,0,1,2014-03-23,25,8,2,4,0,0,1,1,0,0,3,5,0,0,0,0,0,0,3,11,0,66,15,1,3,4464,0
2478,1973,2,3,25410.0,1,0,2013-08-31,48,2,2,4,13,13,4,1,1,0,4,4,0,0,0,0,0,0,3,11,0,52,38,1,5,4668,0
1139,1984,4,3,73356.0,0,0,2014-02-06,56,1050,14,322,0,14,112,1,5,11,5,2,1,0,1,1,0,0,3,11,1,41,1512,0,21,4509,2
5138,1950,2,5,28320.0,0,1,2013-01-14,68,19,1,14,3,2,4,1,1,0,3,8,0,0,0,0,0,0,3,11,0,75,43,1,4,4897,3
5393,1977,2,4,23763.0,1,0,2012-08-07,64,22,0,6,6,2,6,1,1,0,3,7,0,0,0,0,0,0,3,11,0,48,42,1,4,5057,0
10413,1984,2,3,72570.0,0,0,2014-04-25,67,274,83,216,151,141,224,1,4,6,12,1,0,0,0,0,0,0,3,11,0,41,1089,0,22,4431,2
5015,1976,3,3,34529.0,1,0,2012-09-14,94,68,6,38,3,6,41,2,2,2,3,7,0,0,0,0,0,0,3,11,0,49,162,1,7,5019,0
10868,1951,2,6,70792.0,0,0,2013-02-06,82,344,45,654,104,11,114,2,3,4,10,3,0,0,0,0,0,0,3,11,0,74,1272,0,17,4874,1
10676,1982,2,3,63211.0,0,0,2012-11-02,3,145,193,459,205,26,145,2,3,8,7,2,0,0,0,0,0,0,3,11,1,43,1173,0,18,4970,2
2495,1974,3,3,83891.0,0,1,2014-06-20,24,217,38,350,111,85,15,1,4,7,10,1,0,0,0,0,0,0,3,11,0,51,816,1,21,4375,2
7842,1968,2,4,36065.0,1,1,2013-03-31,54,18,7,34,10,2,3,3,3,0,3,8,0,0,0,0,0,0,3,11,0,57,74,2,6,4821,3
9955,1954,2,5,39898.0,0,1,2013-02-12,20,69,8,26,12,7,12,2,3,0,4,7,0,0,0,0,0,0,3,11,0,71,134,1,7,4868,3
6663,1940,4,4,51141.0,0,0,2013-07-08,96,144,0,7,0,0,6,1,3,1,4,5,0,0,0,0,0,0,3,11,0,85,157,0,8,4722,1
2162,1976,2,3,56939.0,0,1,2013-09-18,19,256,34,103,90,29,49,2,3,3,10,3,0,0,0,0,0,0,3,11,0,49,561,1,16,4650,0
3434,1951,2,4,80872.0,0,0,2014-05-12,60,483,72,567,94,12,108,1,4,4,10,1,0,0,0,0,0,0,3,11,0,74,1336,0,18,4414,1
7919,1976,4,5,72335.0,0,0,2012-08-13,2,1285,105,653,28,21,0,1,10,4,8,8,0,0,0,0,0,0,3,11,1,49,2092,0,22,5051,2
5626,1964,4,4,61798.0,0,0,2013-11-23,13,338,4,89,11,8,13,1,4,2,9,4,0,0,0,0,0,0,3,11,0,61,463,0,15,4584,1
6428,1950,4,6,76842.0,0,0,2014-05-03,37,605,10,345,84,54,32,1,1,8,7,0,0,0,0,0,0,0,3,11,0,75,1130,0,16,4423,1
8514,1976,2,5,29478.0,1,0,2014-01-17,59,8,0,7,3,1,1,1,1,0,3,6,0,0,0,0,0,0,3,11,0,49,20,1,4,4529,0
10448,1956,2,4,46998.0,0,1,2012-10-22,55,172,41,86,45,6,27,5,5,3,5,7,1,0,0,0,0,0,3,11,0,69,377,1,13,4981,1
2109,1990,2,4,96843.0,0,0,2013-04-23,60,448,71,951,40,17,17,1,6,11,10,2,0,0,1,0,0,0,3,11,1,35,1544,0,27,4798,2
7530,1950,4,6,56551.0,1,1,2014-05-07,48,67,4,32,17,2,16,3,2,1,4,4,0,0,0,0,0,0,3,11,0,75,138,2,7,4419,3
8925,1965,3,3,70053.0,0,1,2013-07-03,38,512,53,98,81,179,89,3,8,5,10,5,0,0,0,0,0,0,3,11,0,60,1012,1,23,4727,1
3009,1962,4,6,71670.0,0,0,2013-07-09,8,1462,16,128,0,0,160,1,5,3,6,6,0,1,1,0,1,0,3,11,1,63,1766,0,14,4721,2
6355,1978,2,3,44359.0,1,1,2014-06-17,19,20,0,14,7,3,1,3,2,0,4,3,0,0,0,0,0,0,3,11,0,47,45,2,6,4378,3
3517,1952,2,4,40887.0,1,1,2013-05-06,32,50,4,44,10,10,43,3,3,1,3,9,0,0,0,0,0,0,3,11,1,73,161,2,7,4785,3
1158,1966,2,2,48877.0,0,1,2014-01-05,27,102,1,15,2,0,24,1,3,0,4,7,0,0,0,0,0,0,3,11,0,59,144,1,7,4541,0
6203,1947,2,5,74485.0,0,0,2013-08-24,58,499,149,815,173,49,49,1,6,7,12,3,0,0,0,0,0,0,3,11,0,78,1734,0,25,4675,1
7165,1972,2,5,64474.0,0,1,2013-10-22,59,381,35,172,56,86,93,2,8,2,10,5,0,0,0,0,0,0,3,11,0,53,823,1,20,4616,1
3595,1963,2,5,77226.0,0,1,2014-02-28,29,631,43,239,128,76,21,2,6,8,12,3,0,0,0,0,0,0,3,11,0,62,1138,1,26,4487,1
8537,1949,2,6,72643.0,0,0,2013-02-27,60,526,80,553,123,94,53,1,3,10,7,2,0,0,0,1,0,0,3,11,1,76,1429,0,20,4853,1
4331,1978,3,5,85738.0,0,0,2014-01-23,41,913,26,376,17,26,13,1,3,6,11,1,0,1,1,0,0,0,3,11,0,47,1371,0,20,4523,2
6281,1966,2,2,55686.0,0,1,2013-02-14,27,673,0,199,37,47,26,2,6,3,5,4,1,0,0,0,0,0,3,11,0,59,982,1,14,4866,1
4338,1983,2,4,39062.0,1,0,2014-03-25,28,23,0,9,0,0,12,1,1,0,3,4,1,0,0,0,0,0,3,11,0,42,44,1,4,4462,0
2452,1971,2,5,34600.0,1,1,2013-01-01,8,199,33,60,8,3,15,5,5,2,5,8,0,0,0,0,0,0,3,11,1,54,318,2,12,4910,3
9507,1975,2,3,40794.0,0,1,2013-04-07,18,261,23,73,4,23,50,2,6,3,5,7,0,0,0,0,0,0,3,11,0,50,434,1,14,4814,0
8360,1971,0,3,54690.0,1,1,2013-11-07,76,111,16,37,7,9,18,3,3,1,5,3,0,0,0,0,0,0,3,11,0,54,198,2,9,4600,3
10311,1969,2,3,4428.0,0,1,2013-10-05,0,16,4,12,2,4,321,0,25,0,0,1,0,0,0,0,0,0,3,11,0,56,359,1,25,4633,0
5117,1963,0,3,32632.0,0,0,2012-08-02,32,63,151,137,153,19,53,2,4,4,8,5,0,0,0,0,0,0,3,11,0,62,576,0,16,5062,1
4867,1968,4,4,38236.0,1,1,2013-09-20,2,58,0,18,2,0,10,4,3,0,4,7,0,0,0,0,0,0,3,11,0,57,88,2,7,4648,3
9289,1979,2,3,36781.0,1,0,2014-04-10,16,29,1,17,0,3,13,1,2,1,2,8,0,0,0,0,0,0,3,11,1,46,63,1,5,4446,0
10913,1984,3,4,31385.0,1,0,2012-12-05,56,3,2,12,0,1,9,1,1,0,2,8,1,0,0,0,0,0,3,11,1,41,27,1,3,4937,0
3032,1984,2,3,24570.0,1,0,2013-02-27,97,28,34,62,11,14,44,3,4,0,4,9,0,0,0,0,0,0,3,11,0,41,193,1,8,4853,0
8524,1974,4,2,25509.0,1,0,2012-09-18,15,40,3,30,10,7,11,3,3,0,3,9,0,0,0,0,0,0,3,11,1,51,101,1,6,5015,0
3334,1951,2,3,94642.0,0,0,2014-02-12,35,879,143,797,106,143,143,0,5,7,9,1,0,0,1,1,0,0,3,11,0,74,2211,0,21,4503,1
4470,1962,3,3,58646.0,0,1,2013-06-10,3,62,1,44,6,5,22,1,2,1,4,4,0,0,0,0,0,0,3,11,0,63,140,1,7,4750,3
1406,1975,2,4,53201.0,1,1,2013-02-12,49,280,7,81,20,0,27,8,6,3,5,7,0,0,0,0,0,0,3,11,0,50,415,2,14,4868,3
8619,1957,2,5,21994.0,0,1,2012-12-24,4,9,0,6,3,1,3,1,0,0,3,5,0,0,0,0,0,0,3,11,0,68,22,1,3,4918,0
10821,1978,2,3,57113.0,1,1,2013-02-06,45,182,4,33,0,2,42,6,4,1,5,7,0,0,0,0,0,0,3,11,0,47,263,2,10,4874,3
4552,1991,2,3,51373.0,0,0,2013-06-22,37,83,2,101,64,26,117,1,3,5,3,4,0,0,0,0,0,0,3,11,0,34,393,0,11,4738,0
898,1986,2,3,23477.0,1,0,2013-10-21,39,38,15,54,3,8,29,3,3,0,4,8,0,0,0,0,0,0,3,11,0,39,147,1,7,4617,0
9797,1956,2,3,58116.0,0,1,2014-04-13,38,228,19,130,4,11,51,2,3,3,8,2,0,0,0,0,0,0,3,11,0,69,443,1,14,4443,1
10949,1963,4,2,72968.0,0,0,2013-12-16,8,1092,37,592,145,37,55,1,5,5,8,3,0,0,0,1,0,0,3,11,1,62,1958,0,18,4561,2
8212,1971,3,3,39791.0,0,1,2013-03-28,89,85,15,27,13,13,21,2,3,1,4,7,0,0,0,0,0,0,3,11,0,54,174,1,8,4824,0
6248,1947,3,4,91712.0,0,0,2013-10-17,47,1276,24,746,94,29,48,0,9,7,11,3,0,0,1,0,0,0,3,11,1,78,2217,0,27,4621,1
10164,1958,2,4,94472.0,0,1,2014-04-03,75,1017,33,417,108,100,16,1,5,5,5,5,0,1,1,0,0,0,3,11,0,67,1691,1,15,4453,1
4547,1960,2,5,13672.0,1,1,2013-04-17,86,6,2,9,2,1,5,2,1,0,3,8,0,0,0,0,0,0,3,11,0,65,25,2,4,4804,3
6815,1980,0,3,96547.0,0,0,2014-05-23,4,448,21,125,52,101,62,0,7,6,8,2,1,0,1,1,0,0,3,11,1,45,809,0,21,4403,2
4122,1975,2,3,79205.0,0,0,2012-08-29,73,504,23,117,179,28,44,1,6,5,4,4,0,0,0,1,0,0,3,11,1,50,895,0,15,5035,2
10841,1975,4,5,56559.0,0,1,2012-12-25,46,226,22,133,41,31,31,3,4,3,8,4,0,0,0,0,0,0,3,11,0,50,484,1,15,4917,0
5370,1973,4,3,32644.0,1,0,2013-01-16,38,239,3,141,0,7,23,4,7,1,6,8,1,0,0,0,0,0,3,11,0,52,413,1,14,4895,0
176,1980,0,4,67506.0,0,1,2014-01-02,73,90,38,67,33,36,67,1,4,1,6,3,0,0,0,0,0,0,3,11,0,45,331,1,11,4544,0
4860,1970,2,4,24206.0,1,0,2013-03-08,66,7,2,8,3,2,3,1,1,0,3,6,0,0,0,0,0,0,3,11,0,55,25,1,4,4844,0
10757,1967,4,2,28420.0,1,0,2013-12-24,36,4,2,5,2,0,0,1,1,0,2,6,0,0,0,0,0,0,3,11,0,58,13,1,3,4553,0
4023,1970,2,3,22979.0,1,0,2012-09-06,29,16,17,19,20,21,22,3,3,2,2,8,0,0,0,0,0,0,3,11,1,55,115,1,7,5027,0
6679,1966,2,4,33279.0,0,0,2014-06-12,29,10,3,3,0,0,0,1,0,0,3,3,0,0,0,0,0,0,3,11,0,59,16,0,3,4383,0
9923,1972,3,4,46423.0,1,1,2013-09-18,6,68,0,16,0,0,8,3,2,0,4,7,0,0,0,0,0,0,3,11,0,53,92,2,6,4650,3
7181,1977,2,3,30368.0,0,1,2013-11-07,97,35,0,13,2,0,2,2,2,0,3,8,0,0,0,0,0,0,3,11,0,48,52,1,5,4600,0
3599,1970,2,3,63684.0,0,1,2012-11-26,61,575,80,428,208,93,80,3,8,4,8,5,0,0,0,0,0,0,3,11,0,55,1464,1,20,4946,2
405,1964,2,2,41638.0,0,1,2013-02-13,68,315,0,31,4,0,91,4,5,5,3,8,1,0,0,0,0,0,3,11,0,61,441,1,13,4867,3
6870,1959,4,2,68805.0,0,1,2013-09-17,73,182,2,49,17,13,20,1,3,1,7,2,0,0,0,0,0,0,3,11,0,66,283,1,11,4651,1
832,1966,4,5,65814.0,0,1,2014-03-02,90,561,14,113,10,14,35,3,8,2,10,5,0,0,0,0,0,0,3,11,0,59,747,1,20,4485,1
2002,1958,2,2,71964.0,0,0,2013-05-20,81,587,51,932,180,34,86,1,5,6,5,3,0,0,0,0,0,0,3,11,0,67,1870,0,16,4771,1
3657,1986,2,4,39146.0,1,0,2013-02-14,1,94,1,33,13,12,12,3,4,0,4,8,0,0,0,0,0,0,3,11,0,39,165,1,8,4866,0
500,1977,2,5,96876.0,0,0,2013-08-06,79,908,43,735,40,194,21,1,7,7,9,2,0,1,1,1,0,0,3,11,1,48,1941,0,23,4693,2
1951,1981,1,3,34445.0,0,0,2013-01-27,92,228,122,122,208,129,30,6,11,2,8,9,0,0,0,0,0,0,3,11,0,44,839,0,21,4884,2
3262,1958,2,4,68281.0,0,0,2012-08-07,31,995,112,417,42,48,41,1,2,9,13,5,0,0,0,0,0,0,3,11,1,67,1655,0,24,5057,1
4102,1975,0,3,37284.0,1,1,2013-03-29,46,11,1,2,2,1,6,1,0,0,3,6,0,0,0,0,0,0,3,11,0,50,23,2,3,4823,3
7042,1983,2,3,36790.0,0,0,2013-03-01,14,3,3,14,15,21,10,1,2,1,2,9,0,0,0,0,0,0,3,11,1,42,66,0,5,4851,0
10598,1967,2,5,27943.0,1,1,2013-04-15,89,12,1,16,4,1,3,3,2,0,3,8,0,0,0,0,0,0,3,11,0,58,37,2,5,4806,3
255,1951,2,2,22263.0,1,1,2014-03-30,31,17,0,2,0,0,2,2,1,0,3,6,0,0,0,0,0,1,3,11,0,74,21,2,4,4457,3
2375,1972,2,5,30261.0,1,2,2012-09-25,75,8,0,5,0,3,6,1,0,0,3,8,0,0,0,0,0,0,3,11,0,53,22,3,3,5008,3
9829,1978,2,5,28587.0,1,0,2014-02-12,42,22,4,17,12,10,13,3,2,0,4,6,0,0,0,0,0,0,3,11,0,47,78,1,6,4503,0
6214,1982,3,3,43815.0,1,0,2013-04-05,53,14,10,29,4,7,15,1,2,0,3,6,0,0,0,0,0,0,3,11,0,43,79,1,5,4816,0
4954,1956,2,3,48195.0,1,1,2014-01-21,53,106,27,68,52,7,5,6,4,2,5,6,0,0,0,0,0,0,3,11,0,69,265,2,11,4525,3
7861,1952,3,3,77027.0,0,1,2014-02-05,23,820,57,242,45,0,11,2,8,3,6,4,0,0,0,0,0,0,3,11,0,73,1175,1,17,4510,1
4837,1965,4,3,71322.0,0,1,2013-02-16,57,753,43,226,69,10,204,2,8,5,13,4,0,0,0,0,0,0,3,11,0,60,1305,1,26,4864,1
9423,1979,3,3,32765.0,1,0,2014-02-23,49,13,3,17,7,3,3,2,2,0,4,5,0,0,0,0,0,0,3,11,0,46,46,1,6,4492,0
4198,1965,2,5,29672.0,1,1,2013-03-12,6,9,1,3,0,4,8,1,0,0,3,6,0,0,0,0,0,0,3,11,0,60,25,2,3,4840,3
153,1953,2,2,23272.0,0,0,2013-10-17,29,19,3,6,4,2,12,1,1,0,3,4,0,0,0,0,0,0,3,11,0,72,46,0,4,4621,0
9323,1949,3,5,49912.0,0,1,2012-09-07,5,520,8,223,32,49,42,4,10,5,7,8,1,0,0,0,0,0,3,11,1,76,874,1,22,5026,1
10001,1985,0,5,7500.0,1,0,2012-08-01,98,5,17,17,13,14,34,4,2,1,3,9,0,0,0,0,0,0,3,11,0,40,100,1,6,5063,0
3945,1947,4,6,68117.0,0,1,2013-03-10,80,618,44,215,0,17,36,2,11,8,4,6,1,0,0,0,0,0,3,11,1,78,930,1,23,4842,1
3799,1955,2,3,67225.0,0,1,2013-11-26,4,315,35,322,46,7,143,3,7,2,11,5,0,0,0,0,0,0,3,11,0,70,868,1,20,4581,1
8625,1976,2,3,17649.0,1,0,2013-11-12,70,15,1,23,0,5,1,3,3,0,3,8,0,0,0,0,0,0,3,11,0,49,45,1,6,4595,0
3491,1975,2,5,55914.0,0,1,2013-04-29,32,384,60,364,119,101,232,4,11,6,8,7,0,0,0,0,0,0,3,11,0,50,1260,1,25,4792,2
983,1984,2,3,40059.0,1,0,2013-09-28,82,110,29,92,28,10,145,1,6,2,3,8,1,0,0,0,0,0,3,11,0,41,414,1,11,4640,0
9119,1950,2,5,60905.0,0,1,2013-12-05,27,208,17,76,36,17,38,2,3,3,7,2,0,0,0,0,0,0,3,11,0,75,392,1,13,4572,1
4786,1977,2,3,75330.0,1,1,2012-10-04,94,555,82,257,93,61,61,4,10,3,12,6,0,0,0,0,0,0,3,11,0,48,1109,2,25,4999,2
5872,1951,2,4,60689.0,0,1,2013-06-01,23,240,90,216,63,6,24,4,4,4,10,3,0,0,0,0,0,0,3,11,0,74,639,1,18,4759,1
6568,1984,2,3,38680.0,1,0,2013-03-28,97,11,0,36,15,5,12,1,2,0,3,7,0,0,0,0,0,0,3,11,0,41,79,1,5,4824,0
5628,1982,2,5,61416.0,0,0,2013-02-08,25,848,154,323,201,61,78,1,10,3,10,6,1,0,0,0,0,0,3,11,0,43,1665,0,23,4872,2
5631,1991,2,4,49767.0,0,0,2013-05-02,92,202,47,197,55,42,149,1,5,4,8,4,0,0,0,0,0,0,3,11,0,34,692,0,17,4789,2
4974,1970,2,4,83273.0,1,2,2012-09-25,98,433,89,650,16,102,102,10,4,6,9,7,0,0,0,0,0,0,3,11,0,55,1392,3,19,5008,3
8416,1981,2,3,29009.0,1,0,2013-11-29,19,6,6,15,10,5,2,2,2,0,3,6,0,0,0,0,0,0,3,11,0,44,44,1,5,4578,0
5454,1979,3,3,45057.0,1,0,2013-12-01,80,37,0,7,3,0,3,1,2,0,3,5,0,0,0,0,0,0,3,11,0,46,50,1,5,4576,0
4095,1971,2,3,37150.0,1,0,2012-09-11,80,167,37,64,49,34,116,8,4,3,6,7,0,0,0,0,0,0,3,11,0,54,467,1,13,5022,0
5474,1970,2,4,43020.0,1,0,2013-11-30,79,45,7,99,4,25,43,3,4,1,4,6,0,0,0,0,0,0,3,11,0,55,223,1,9,4577,0
4268,1959,2,3,53154.0,0,1,2014-06-09,50,129,0,21,0,1,7,1,3,1,4,4,0,0,0,0,0,0,3,11,0,66,158,1,8,4386,3
10701,1973,2,3,65308.0,0,0,2013-09-11,60,713,0,264,120,80,34,1,7,8,12,4,0,0,1,1,0,0,3,11,0,52,1211,0,27,4657,2
3507,1970,2,4,76467.0,1,0,2012-08-17,44,676,161,426,210,44,58,2,2,5,5,6,0,0,0,0,0,0,3,11,1,55,1575,1,12,5047,2
2079,1947,0,3,81044.0,0,0,2013-12-27,0,450,26,535,73,98,26,1,5,6,10,1,0,0,0,0,0,0,3,11,0,78,1208,0,21,4550,1
626,1951,2,3,32871.0,1,1,2013-03-09,28,22,2,12,0,2,5,1,1,0,3,4,0,0,0,0,0,0,3,11,0,74,43,2,4,4843,3
4426,1975,2,4,55801.0,1,1,2013-09-22,35,367,4,51,6,4,95,6,7,2,6,7,0,0,0,1,0,0,3,11,0,50,527,2,15,4646,3
2591,1959,2,6,76320.0,0,1,2014-06-22,49,526,35,214,69,53,35,2,6,3,4,2,0,0,0,0,0,0,3,11,0,66,932,1,13,4373,1
10509,1955,3,4,36927.0,1,1,2014-06-02,46,51,0,16,0,0,4,2,3,0,3,8,0,0,0,0,0,0,3,11,0,70,71,2,6,4393,3
6382,1953,2,5,48794.0,1,1,2014-06-26,97,25,0,11,3,0,15,1,1,0,3,4,0,0,0,0,0,0,3,11,0,72,54,2,4,4369,3
6673,1965,2,4,23478.0,0,0,2013-03-19,51,28,6,27,12,17,39,1,3,0,3,8,0,0,0,0,0,0,3,11,0,60,129,0,6,4833,0
7441,1973,2,2,71128.0,1,0,2012-10-06,80,958,159,447,20,0,31,3,2,10,12,7,0,0,0,0,0,0,3,11,0,52,1615,1,24,4997,2
1071,1976,4,2,70179.0,0,1,2013-07-21,10,532,88,168,69,44,133,3,7,3,13,5,0,0,0,0,0,0,3,11,0,49,1034,1,23,4709,2
10061,1950,2,3,59462.0,0,1,2013-01-05,29,724,17,143,0,8,196,2,9,2,12,7,0,0,0,0,0,0,3,11,0,75,1088,1,23,4906,1
7187,1969,3,5,52247.25135379061,1,1,2013-05-18,52,375,42,48,94,66,96,7,4,10,4,3,0,0,0,0,0,0,3,11,0,56,721,2,18,4773,3
8775,1969,2,5,38361.0,1,0,2013-12-27,74,39,0,56,20,8,14,3,3,1,3,7,0,0,0,0,0,0,3,11,0,56,137,1,7,4550,0
1612,1981,4,4,52247.25135379061,1,0,2013-05-31,82,23,0,15,0,2,7,2,3,0,3,6,0,0,0,0,0,0,3,11,0,44,47,1,6,4760,0
2345,1982,4,5,70038.0,0,0,2013-10-25,54,587,54,348,71,54,130,1,4,4,8,2,0,0,0,0,0,0,3,11,0,43,1244,0,16,4613,2
322,1978,2,5,42554.0,1,1,2013-01-12,93,29,1,11,0,0,0,2,2,0,3,4,0,0,0,0,0,0,3,11,0,47,41,2,5,4899,3
10897,1974,2,3,67445.0,0,1,2012-08-12,63,757,80,217,29,80,11,5,9,6,12,6,0,0,0,0,0,0,3,11,0,51,1174,1,27,5052,2
123,1951,2,6,67046.0,0,1,2013-01-06,92,544,35,133,23,151,107,2,4,5,4,2,0,0,0,0,0,0,3,11,0,74,993,1,13,4905,1
6103,1948,2,3,42192.0,0,0,2013-09-06,40,40,15,15,17,6,7,1,2,1,3,4,0,0,0,0,0,0,3,11,0,77,100,0,6,4662,0
7899,1952,4,3,77610.0,0,1,2012-10-29,70,1245,33,332,21,33,16,2,4,7,4,7,0,0,0,0,0,0,3,11,0,73,1680,1,15,4974,1
10500,1984,2,3,31761.0,1,0,2014-04-05,96,19,1,20,16,14,28,2,3,0,4,5,0,0,0,0,0,0,3,11,0,41,98,1,7,4451,0
1655,1979,2,5,34350.0,1,0,2013-10-19,81,16,3,15,2,1,11,1,1,0,3,7,0,0,0,0,0,0,3,11,0,46,48,1,4,4619,0
2406,1949,2,5,54591.0,0,1,2013-08-05,63,376,4,94,12,9,24,3,6,2,8,5,0,0,0,0,0,0,3,11,0,76,519,1,16,4694,1
2712,1956,2,3,71866.0,0,1,2013-12-25,85,184,178,178,103,39,33,1,6,3,10,3,0,0,0,0,0,0,3,11,0,69,715,1,19,4552,1
5517,1969,2,3,25293.0,1,0,2013-09-15,51,15,0,11,0,2,9,1,1,1,2,8,0,0,0,0,0,0,3,11,0,56,37,1,4,4653,0
10643,1987,4,4,42000.0,0,0,2013-01-10,23,124,83,267,85,59,35,2,5,2,11,5,0,0,0,0,0,0,3,11,1,38,653,0,18,4901,2
2254,1983,2,3,69520.0,0,0,2013-07-07,95,627,120,414,121,80,93,1,9,6,5,5,0,0,0,0,0,0,3,11,0,42,1455,0,20,4723,2
10281,1970,2,2,64713.0,1,0,2014-02-07,11,180,60,241,13,54,54,2,5,5,7,4,0,0,0,0,0,0,3,11,1,55,602,1,17,4508,1
6958,1977,3,3,27889.0,1,0,2013-07-05,42,14,0,4,0,0,8,1,1,1,2,6,0,0,0,0,0,0,3,11,0,48,26,1,4,4725,0
954,1960,1,6,22123.0,0,0,2014-03-27,77,3,3,24,34,7,31,1,2,1,3,5,0,0,0,0,0,0,3,11,0,65,102,0,6,4460,0
5079,1971,2,3,52247.25135379061,1,1,2013-03-03,82,71,1,16,0,0,9,4,2,1,3,8,0,0,0,0,0,0,3,11,0,54,97,2,6,4849,3
10339,1954,3,5,52247.25135379061,0,1,2013-06-23,83,161,0,22,0,0,24,2,4,1,4,6,0,0,0,0,0,0,3,11,0,71,207,1,9,4737,3
4643,1973,2,3,27803.0,1,0,2012-08-26,40,8,26,46,38,9,49,2,3,0,4,8,0,0,0,0,0,0,3,11,0,52,176,1,7,5038,0
3117,1955,2,4,52247.25135379061,0,1,2013-10-18,95,264,0,21,12,6,147,3,6,1,5,7,0,0,0,0,0,0,3,11,0,70,450,1,12,4620,1
6497,1960,2,3,51651.0,0,1,2012-11-07,32,293,6,23,13,6,92,4,6,2,5,8,0,0,0,0,0,0,3,11,0,65,433,1,13,4965,1
5396,1988,2,3,68487.0,0,0,2013-01-13,48,758,12,385,33,89,89,1,9,7,13,4,0,0,0,0,0,0,3,11,0,37,1366,0,29,4898,2
5250,1943,3,6,52247.25135379061,0,0,2013-10-30,75,532,126,490,164,126,126,1,5,5,11,1,0,0,1,0,0,0,3,11,1,82,1564,0,21,4608,1
1052,1969,2,3,56796.0,0,1,2013-02-16,24,656,38,161,62,47,37,3,8,9,7,7,0,0,0,0,0,0,3,11,0,56,1001,1,24,4864,1
2802,1992,0,3,87000.0,0,0,2012-12-15,61,196,25,607,67,17,49,1,4,6,7,2,0,0,0,0,0,0,3,11,0,33,961,0,17,4927,2
6343,1959,2,3,79823.0,0,1,2014-03-31,6,835,73,380,114,73,43,1,6,9,7,2,0,1,0,0,0,0,3,11,0,66,1518,1,22,4456,1
6507,1980,2,4,30828.0,1,0,2013-10-04,16,16,11,15,2,0,12,2,1,1,4,3,0,0,0,0,0,0,3,11,0,45,56,1,6,4634,0
7901,1971,3,3,34109.0,0,1,2013-11-06,39,9,1,5,2,1,4,1,0,0,3,4,0,0,0,0,0,0,3,11,0,54,22,1,3,4601,0
4865,1974,3,2,53367.0,1,1,2013-08-31,2,229,7,140,10,3,11,7,5,1,8,7,0,0,0,0,0,0,3,11,1,51,400,2,14,4668,3
2686,1969,1,5,22390.0,0,0,2013-10-21,49,0,1,4,15,1,5,1,1,0,2,7,0,0,0,0,0,0,3,11,0,56,26,0,3,4617,0
3107,1976,2,5,71322.0,0,1,2014-05-02,31,121,24,124,24,15,42,1,4,1,7,2,0,0,0,0,0,0,3,11,0,49,350,1,12,4424,0
7734,1993,2,0,79244.0,0,0,2012-12-19,58,471,102,125,212,61,245,1,4,10,7,1,0,0,1,1,0,0,3,11,1,32,1216,0,21,4923,2
1146,1949,3,5,49912.0,0,1,2012-09-07,5,520,8,223,32,49,42,4,10,5,7,8,1,0,0,0,0,0,3,11,1,76,874,1,22,5026,1
11031,1950,4,3,48699.0,1,1,2013-05-21,90,26,1,10,2,0,1,1,1,0,3,5,0,0,0,0,0,0,3,11,0,75,40,2,4,4770,3
7428,1975,2,5,80144.0,0,0,2013-09-30,47,240,132,445,250,192,108,1,3,7,8,1,0,0,0,0,0,0,3,11,0,50,1367,0,18,4638,2
975,1956,2,4,54252.0,1,1,2013-05-28,25,178,4,26,8,4,44,5,4,1,5,6,0,0,0,0,0,0,3,11,0,69,264,2,10,4763,3
1103,1976,3,3,81929.0,1,0,2012-09-29,60,1486,55,278,49,0,185,2,4,4,10,6,1,0,1,0,0,0,3,11,1,49,2053,1,18,5004,2
3422,1975,2,3,76068.0,0,1,2012-11-29,67,1115,12,128,33,12,76,1,2,3,4,6,0,1,0,0,1,0,3,11,0,50,1376,1,9,4943,2
1055,1976,3,3,53204.0,1,1,2014-03-20,40,29,0,8,2,0,6,1,1,0,3,4,0,0,0,0,0,0,3,11,0,49,45,2,4,4467,3
6544,1949,4,5,67911.0,0,1,2014-05-22,63,529,0,356,63,28,0,3,6,7,11,3,0,0,0,0,0,0,3,11,0,76,976,1,24,4404,1
1241,1984,0,3,14796.0,1,0,2012-09-17,1,13,3,8,7,4,16,2,1,0,3,9,0,0,0,0,0,0,3,11,1,41,51,1,4,5016,0
2909,1974,4,3,78128.0,0,1,2014-02-19,89,934,24,230,16,24,36,2,8,4,6,3,0,1,1,0,0,0,3,11,0,51,1264,1,18,4496,2
5802,1972,1,3,14188.0,0,0,2013-02-28,40,2,7,11,16,12,27,1,2,0,4,6,0,0,0,0,0,0,3,11,0,53,75,0,6,4852,0
1407,1986,1,3,20425.0,1,0,2012-10-29,5,4,12,5,3,16,17,2,2,0,3,7,0,0,0,0,0,0,3,11,0,39,57,1,5,4974,0
6183,1962,3,3,58646.0,0,1,2013-06-10,3,62,1,44,6,5,22,1,2,1,4,4,0,0,0,0,0,0,3,11,0,63,140,1,7,4750,3
340,1970,2,2,72967.0,0,1,2012-12-15,1,158,35,179,0,0,125,2,7,2,8,5,1,0,0,0,0,0,3,11,1,55,497,1,17,4927,1
5991,1949,3,3,48150.0,0,1,2013-06-08,24,173,2,39,3,2,47,3,5,1,4,7,0,0,0,0,0,0,3,11,0,76,266,1,10,4752,3
3104,1961,2,4,82332.0,0,0,2012-09-17,89,830,59,968,51,79,19,1,5,3,12,2,0,0,1,0,0,0,3,11,1,64,2006,0,20,5016,2
9729,1955,2,6,58275.0,1,1,2013-06-02,48,189,10,253,56,43,64,6,8,2,7,7,0,0,0,0,0,0,3,11,0,70,615,2,17,4758,3
1008,1981,4,5,44953.0,0,0,2012-12-21,31,728,17,133,11,8,124,1,7,3,13,6,1,0,0,0,0,0,3,11,0,44,1021,0,23,4921,2
11091,1953,2,5,34587.0,1,1,2014-05-16,68,7,2,9,2,0,2,2,1,0,3,4,0,0,0,0,0,0,3,11,0,72,22,2,4,4410,3
3969,1974,3,5,43018.0,0,1,2013-11-01,46,35,4,17,7,6,64,1,2,2,2,5,0,0,0,0,0,0,3,11,0,51,133,1,6,4606,0
1916,1954,3,3,45736.0,0,1,2013-07-24,92,188,3,180,20,3,43,5,7,1,6,7,0,0,0,0,0,0,3,11,0,71,437,1,14,4706,1
9907,1969,3,5,66476.0,0,1,2013-12-04,80,742,28,152,25,9,57,2,6,8,10,4,0,0,0,0,0,0,3,11,0,56,1013,1,24,4573,1
87,1981,0,3,27733.0,1,0,2013-08-26,16,0,7,5,26,2,17,2,2,0,3,7,0,0,0,0,0,0,3,11,0,44,57,1,5,4673,0
8659,1952,4,5,69805.0,0,1,2014-01-21,50,750,71,174,13,10,20,2,6,8,11,2,0,0,0,0,0,0,3,11,0,73,1038,1,25,4525,1
6262,1962,3,4,72217.0,0,0,2013-04-10,93,816,42,450,55,56,154,1,3,10,8,2,0,0,0,0,0,0,3,11,0,63,1573,0,21,4811,2
6147,1971,2,2,25818.0,1,0,2012-10-18,51,5,2,8,2,2,9,1,0,1,2,7,0,0,0,0,0,0,3,11,0,54,28,1,3,4985,0
8832,1976,3,5,37509.0,1,0,2012-09-12,24,37,5,56,12,8,5,2,3,0,4,7,0,0,0,0,0,0,3,11,0,49,123,1,7,5021,0
10067,1976,0,5,25176.0,1,1,2013-08-10,79,4,0,4,0,0,5,1,1,0,2,7,0,0,0,0,0,0,3,11,0,49,13,2,3,4689,3
7532,1980,2,3,43586.0,0,1,2012-08-30,26,99,2,11,4,0,16,3,3,0,4,8,0,0,0,0,0,0,3,11,0,45,132,1,7,5034,0
4915,1956,0,3,53230.0,0,1,2012-08-03,86,176,72,98,136,21,229,4,5,2,12,5,0,0,0,0,0,0,3,11,0,69,732,1,19,5061,1
2115,1957,2,5,50116.0,1,1,2014-06-20,68,54,0,10,0,0,2,2,1,0,4,5,0,1,0,0,0,0,3,11,0,68,66,2,5,4375,3
2088,1972,2,5,84906.0,0,0,2013-10-04,98,997,15,414,99,30,76,1,5,6,12,2,0,1,1,0,1,0,3,11,0,53,1631,0,23,4634,2
2493,1966,2,3,61286.0,0,1,2013-08-02,34,356,0,107,19,9,117,2,7,1,8,5,0,0,0,0,0,0,3,11,0,59,608,1,16,4697,1
6292,1986,4,3,82333.0,0,0,2013-03-30,60,1311,0,359,46,89,17,1,4,3,10,2,0,0,1,0,0,0,3,11,1,39,1822,0,17,4822,2
1631,1965,4,5,65220.0,0,0,2012-09-03,3,890,63,292,0,25,12,4,8,4,7,6,0,0,0,0,0,0,3,11,1,60,1282,0,19,5030,1
10104,1974,2,5,33590.0,2,1,2013-11-03,65,4,0,2,0,0,2,1,1,0,2,7,0,0,0,0,0,0,3,11,0,51,8,3,3,4604,3
3006,1976,2,2,30992.0,1,0,2013-04-22,83,17,0,14,7,3,2,1,1,0,3,7,0,0,0,0,0,0,3,11,0,49,43,1,4,4799,0
3919,1976,3,4,72309.0,0,0,2013-03-11,64,960,0,883,50,38,0,1,5,6,8,3,0,0,0,1,0,0,3,11,1,49,1931,0,19,4841,2
11181,1949,4,3,156924.0,0,0,2013-08-29,85,2,1,2,1,1,1,0,0,0,0,0,0,0,0,0,0,0,3,11,0,76,8,0,0,4670,1
642,1980,1,3,16005.0,1,0,2012-08-14,69,1,3,2,20,30,47,3,2,1,2,8,0,0,0,0,0,0,3,11,0,45,103,1,5,5050,0
4369,1957,3,0,65487.0,0,0,2014-01-10,48,240,67,500,199,0,163,3,3,5,6,2,0,0,0,0,0,0,3,11,0,68,1169,0,14,4536,1
10127,1965,2,3,58692.0,0,1,2014-04-06,21,301,11,61,4,7,11,1,8,2,4,7,0,0,0,0,0,0,3,11,0,60,395,1,14,4450,1
271,1969,2,6,40590.0,1,1,2013-10-02,30,154,0,50,6,11,37,5,3,4,3,6,1,0,0,0,0,0,3,11,0,56,258,2,10,4636,3
4973,1970,2,4,20587.0,1,0,2014-05-11,39,2,3,6,4,1,9,1,1,1,2,7,0,0,0,0,0,0,3,11,0,55,25,1,4,4415,0
2948,1954,3,2,62637.0,0,1,2014-03-01,76,104,12,48,4,12,5,1,2,2,5,2,0,0,0,0,0,0,3,11,0,71,185,1,9,4486,3
2715,1966,3,2,29435.0,1,1,2012-08-06,11,70,3,37,4,2,64,4,3,2,2,9,0,0,0,0,0,0,3,11,1,59,180,2,7,5058,3
10432,1974,2,2,19346.0,1,0,2014-01-30,26,2,0,9,3,6,2,1,1,0,3,8,0,0,0,0,0,0,3,11,0,51,22,1,4,4516,0
9216,1971,2,3,35788.0,1,1,2014-01-23,34,23,2,11,3,1,4,2,2,0,3,6,0,0,0,0,0,0,3,11,0,54,44,2,5,4523,3
7124,1968,2,2,36997.0,1,1,2013-02-01,72,43,4,12,8,0,27,5,2,1,4,5,0,0,0,0,0,0,3,11,0,57,94,2,7,4879,3
9727,1957,2,3,23539.0,0,0,2014-02-28,13,4,24,11,16,1,25,1,2,0,4,6,0,0,0,0,0,0,3,11,0,68,81,0,6,4487,0
5136,1973,2,4,65333.0,0,1,2014-01-17,58,654,7,92,0,15,30,7,9,4,8,6,0,1,1,0,0,0,3,11,0,52,798,1,21,4529,1
9790,1957,2,4,78499.0,0,0,2013-11-23,12,912,72,170,47,36,97,1,11,3,4,4,0,0,1,0,0,0,3,11,1,68,1334,0,18,4584,1
1818,1971,4,5,29732.0,1,0,2014-03-25,23,25,0,8,0,1,4,1,2,0,2,9,0,0,0,0,0,0,3,11,0,54,38,1,4,4462,0
1100,1960,3,5,41275.0,1,2,2014-03-24,33,24,4,22,0,2,9,4,3,1,3,5,0,0,0,0,0,0,3,11,0,65,61,3,7,4463,3
7873,1973,4,5,63516.0,1,1,2013-07-06,30,141,11,114,15,14,5,4,4,1,7,5,0,0,0,0,0,0,3,11,0,52,300,2,12,4724,3
10609,1962,4,3,42769.0,0,1,2013-10-12,15,71,0,13,3,1,0,2,1,1,4,4,0,0,0,0,0,0,3,11,0,63,88,1,6,4626,0
6950,1958,3,3,49572.0,1,1,2013-12-15,25,35,1,16,0,1,1,2,2,0,3,7,0,0,0,0,0,0,3,11,0,67,54,2,5,4562,3
7233,1972,2,3,69209.0,0,0,2012-09-17,4,496,32,849,229,48,128,2,5,3,6,4,0,0,0,1,0,0,3,11,0,53,1782,0,14,5016,2
9481,1976,2,3,17148.0,1,0,2014-01-28,80,9,9,11,13,10,16,4,3,1,3,8,0,0,0,0,0,0,3,11,0,49,68,1,7,4518,0
7699,1969,2,6,40590.0,1,1,2013-10-02,30,154,0,50,6,11,37,5,3,4,3,6,1,0,0,0,0,0,3,11,0,56,258,2,10,4636,3
2711,1976,3,5,30560.0,1,0,2013-06-27,6,9,1,5,4,5,7,1,1,0,3,7,0,0,0,0,0,0,3,11,0,49,31,1,4,4733,0
8933,1983,0,3,32146.0,1,0,2014-05-12,16,26,3,23,4,7,3,2,2,0,4,6,0,0,0,0,0,0,3,11,0,42,66,1,6,4414,0
8726,1964,0,2,41713.0,1,1,2014-04-29,57,77,8,44,10,10,25,5,3,1,4,6,0,0,0,0,0,0,3,11,0,61,174,2,8,4427,3
1515,1975,3,5,34176.0,0,1,2014-01-22,9,11,2,7,4,2,2,1,1,0,3,3,0,0,0,0,0,0,3,11,0,50,28,1,4,4524,0
5186,1955,4,3,58482.0,0,1,2014-03-12,59,576,7,115,19,7,7,2,7,4,9,6,0,1,0,0,0,0,3,11,0,70,731,1,20,4475,1
10157,1965,2,4,59686.0,0,1,2014-01-25,78,89,15,89,34,42,5,1,4,1,6,4,0,0,0,0,0,0,3,11,0,60,274,1,11,4521,3
5667,1964,4,3,60896.0,0,1,2012-10-11,90,1013,30,399,60,46,153,3,9,10,4,6,0,0,0,0,0,0,3,11,1,61,1701,1,23,4992,1
902,1980,2,5,62994.0,1,0,2014-03-04,74,224,12,48,4,12,12,1,6,2,4,6,0,0,0,0,0,0,3,11,0,45,312,1,12,4483,0
977,1957,2,5,47320.0,0,1,2013-08-01,10,200,19,111,50,15,19,6,5,1,8,6,0,0,0,0,0,0,3,11,0,68,414,1,14,4698,1
7313,1949,0,6,74859.0,0,0,2013-06-03,63,570,73,614,133,102,73,1,6,5,11,3,0,0,0,1,0,0,3,11,0,76,1565,0,22,4757,1
7600,1992,1,4,15253.0,1,0,2013-10-28,13,1,3,3,8,1,13,2,1,0,3,7,0,0,0,0,0,0,3,11,0,33,29,1,4,4610,0
9706,1974,4,4,31560.0,1,0,2013-06-24,98,62,1,20,4,0,7,2,2,1,3,8,0,0,0,0,0,0,3,11,0,51,94,1,6,4736,0
2429,1954,2,2,72071.0,0,1,2013-02-14,4,531,69,300,150,138,150,3,5,4,8,2,0,0,0,0,0,0,3,11,0,71,1338,1,17,4866,1
3520,1990,3,4,91172.0,0,0,2013-03-27,94,162,28,818,0,28,56,0,4,3,7,3,1,0,1,1,1,0,3,11,1,35,1092,0,14,4825,2
10394,1984,2,3,90000.0,0,0,2013-12-23,91,675,144,133,94,192,241,1,4,8,5,1,1,0,1,1,0,0,3,11,0,41,1479,0,17,4554,2
4548,1981,2,4,41967.0,1,1,2013-11-23,66,23,4,10,0,2,15,1,1,0,3,4,0,0,0,0,0,0,3,11,0,44,54,2,4,4584,3
9362,1965,2,4,69263.0,0,1,2014-03-05,14,492,5,32,13,5,21,1,9,1,7,6,0,1,0,0,0,0,3,11,0,60,568,1,17,4482,1
3968,1970,0,2,65706.0,0,0,2013-06-28,77,918,10,129,13,0,129,1,11,3,12,7,0,1,1,0,1,0,3,11,1,55,1199,0,26,4732,2
4084,1975,2,5,60934.0,0,1,2014-01-17,41,224,155,155,192,93,54,2,6,4,11,4,0,0,0,0,0,0,3,11,0,50,873,1,21,4529,2
6721,1951,2,3,71965.0,0,1,2013-07-29,21,572,19,286,50,38,248,3,6,3,5,3,0,0,0,0,0,0,3,11,0,74,1213,1,14,4701,1
2829,1955,2,3,65210.0,0,1,2014-03-10,25,626,0,70,0,7,28,2,9,3,8,6,0,1,0,1,0,0,3,11,0,70,731,1,20,4477,1
1772,1975,4,3,79174.0,0,0,2013-01-11,2,1074,37,518,193,92,129,1,5,6,7,2,0,0,1,1,0,0,3,11,1,50,2043,0,18,4900,2
1544,1967,3,2,81380.0,0,0,2012-12-22,51,741,68,689,224,68,103,1,4,2,10,2,0,0,0,0,0,0,3,11,0,58,1893,0,16,4920,2
492,1973,4,7,48432.0,0,1,2012-10-18,3,322,3,50,4,3,42,5,7,1,6,8,0,0,0,0,0,0,3,11,0,52,424,1,14,4985,0
4377,1971,2,3,52914.0,0,1,2013-01-07,32,254,10,44,30,10,227,2,7,3,3,7,1,0,0,0,0,0,3,11,0,54,575,1,13,4904,0
4541,1955,2,5,38946.0,0,1,2013-10-24,84,116,6,82,6,6,41,2,3,1,6,5,0,0,0,0,0,0,3,11,0,70,257,1,10,4614,3
1321,1974,2,3,26067.0,1,0,2013-11-04,49,22,2,18,0,2,12,3,3,0,3,8,0,0,0,0,0,0,3,11,0,51,56,1,6,4603,0
8858,1972,4,3,44325.0,0,1,2013-03-07,69,516,0,21,0,0,5,4,8,2,7,8,0,1,0,0,0,0,3,11,0,53,542,1,17,4845,1
3266,1964,2,3,42523.0,0,0,2014-04-23,96,14,36,11,3,26,35,1,1,1,4,2,0,0,0,0,0,0,3,11,0,61,125,0,6,4433,0
11187,1978,1,4,26487.0,1,0,2013-05-20,23,2,8,10,12,14,23,3,2,1,3,5,0,0,0,0,0,0,3,11,0,47,69,1,6,4771,0
8207,1957,0,3,53233.0,0,1,2014-03-18,18,28,0,9,3,0,0,1,1,0,3,4,0,0,0,0,0,0,3,11,0,68,40,1,4,4469,3
9723,1960,2,3,67716.0,0,1,2013-01-10,8,530,142,217,62,9,56,4,7,4,13,5,0,1,0,0,0,0,3,11,0,65,1016,1,24,4901,1
2666,1972,3,3,76234.0,0,1,2014-02-06,21,519,50,167,130,0,41,1,8,3,11,3,0,1,0,0,0,0,3,11,0,53,907,1,22,4509,2
5721,1956,4,3,84117.0,0,0,2014-05-11,60,611,76,749,59,45,26,1,7,10,6,2,0,0,1,0,0,0,3,11,0,69,1566,0,23,4415,1
10652,1957,3,5,65487.0,0,0,2014-01-10,48,240,67,500,199,0,163,3,3,5,6,2,0,0,0,0,0,0,3,11,0,68,1169,0,14,4536,1
1646,1972,1,3,25224.0,1,0,2014-03-16,36,4,9,12,11,2,8,2,1,1,3,3,0,0,0,0,0,0,3,11,0,53,46,1,5,4471,0
4418,1983,3,4,89616.0,0,0,2013-02-25,36,671,47,655,145,111,15,1,7,5,12,2,0,0,0,0,0,0,3,11,1,42,1644,0,24,4855,2
2656,1971,2,2,40851.0,1,1,2013-02-21,63,23,1,7,0,4,24,1,1,1,2,7,0,0,0,0,0,0,3,11,0,54,59,2,4,4859,3
7990,1947,2,3,27469.0,0,0,2012-08-02,2,9,1,2,3,2,0,1,0,0,3,6,0,0,0,0,0,0,3,11,0,78,17,0,3,5062,0
8722,1957,0,3,82347.0,0,0,2012-11-06,38,556,54,845,202,133,63,1,7,7,10,3,1,0,0,1,0,0,3,11,1,68,1853,0,24,4966,1
7118,1957,2,3,73803.0,0,1,2012-08-01,61,833,80,363,52,26,174,2,9,5,6,6,1,0,0,0,0,0,3,11,1,68,1528,1,20,5063,1
2980,1952,3,4,8820.0,1,1,2013-03-22,52,12,0,13,4,2,4,4,3,0,3,8,0,0,0,0,0,0,3,11,0,73,35,2,6,4830,3
1839,1974,2,4,43322.0,0,0,2014-04-21,25,56,7,48,10,2,18,1,3,0,4,7,0,0,0,0,0,0,3,11,0,51,141,0,7,4435,0
10722,1973,2,5,55593.0,0,1,2013-08-21,63,293,8,124,11,4,106,2,6,6,3,6,1,0,0,0,0,0,3,11,0,52,546,1,15,4678,1
2632,1954,2,3,50501.0,1,1,2013-06-18,10,297,0,38,13,0,152,7,5,4,4,6,1,0,0,0,0,0,3,11,1,71,500,2,13,4742,3
9014,1975,2,3,37085.0,1,1,2014-06-26,65,39,1,16,2,0,3,4,3,0,3,8,0,0,0,0,0,0,3,11,0,50,61,2,6,4369,3
7620,1990,1,4,16185.0,1,0,2013-08-05,71,5,11,16,21,8,45,2,2,2,2,8,0,0,0,0,0,0,3,11,0,35,106,1,6,4694,0
10968,1969,2,4,57731.0,0,1,2012-11-23,0,266,21,300,65,8,44,4,8,8,6,6,0,0,0,0,0,0,3,11,0,56,704,1,22,4949,1
11133,1973,4,7,48432.0,0,1,2012-10-18,3,322,3,50,4,3,42,5,7,1,6,8,0,0,0,0,0,0,3,11,1,52,424,1,14,4985,0
2736,1978,2,3,73807.0,0,1,2013-01-02,88,366,124,156,71,78,54,2,5,5,11,2,0,0,0,0,0,0,3,11,0,47,849,1,21,4909,2
1876,1990,2,3,18929.0,0,0,2013-02-16,15,32,0,8,23,4,18,1,1,0,4,6,0,0,0,0,0,0,3,11,0,35,85,0,5,4864,0
5959,1968,2,4,35893.0,1,1,2012-10-15,80,158,0,23,0,0,18,6,3,1,5,8,0,0,0,0,0,0,3,11,0,57,199,2,9,4988,3
1092,1980,2,3,61014.0,0,1,2012-08-11,17,269,129,495,182,43,29,4,9,3,4,7,0,0,0,0,0,0,3,11,0,45,1147,1,16,5053,2
4333,1954,2,5,32144.0,1,1,2014-03-23,76,41,0,10,0,0,3,4,2,1,3,7,0,1,0,0,0,0,3,11,0,71,54,2,6,4464,3
3850,1963,1,5,14918.0,0,1,2012-12-07,52,3,3,3,15,4,15,1,1,0,3,6,0,0,0,0,0,0,3,11,0,62,43,1,4,4935,0
6168,1963,2,2,45146.0,1,1,2013-07-15,28,33,0,5,0,0,15,2,1,1,2,4,0,0,0,0,0,0,3,11,0,62,53,2,4,4715,3
607,1955,0,2,41769.0,0,1,2013-02-13,31,302,29,131,32,0,27,6,8,1,7,8,0,0,0,0,0,0,3,11,0,70,521,1,16,4867,1
10469,1981,2,5,88325.0,0,0,2014-02-05,42,519,71,860,93,27,53,1,6,2,9,2,0,0,0,0,0,0,3,11,0,44,1623,0,17,4510,2
6983,1950,3,2,38054.0,1,1,2014-05-01,24,23,2,17,2,1,0,2,2,0,3,7,0,0,0,0,0,0,3,11,0,75,45,2,5,4425,3
3661,1995,0,4,80617.0,0,0,2012-10-12,42,594,51,631,72,55,32,1,4,6,8,2,0,0,0,0,0,0,3,11,0,30,1435,0,18,4991,2
9303,1976,2,3,5305.0,0,1,2013-07-30,12,12,4,7,1,3,5,0,1,0,0,13,0,0,0,0,0,0,3,11,0,49,32,1,1,4700,0
692,1954,2,5,36807.0,1,1,2012-12-20,88,4,2,5,0,0,5,1,1,0,2,6,0,0,0,0,0,0,3,11,0,71,16,2,3,4922,3
736,1983,2,5,28427.0,1,0,2013-03-21,67,18,3,19,3,3,6,2,2,0,3,8,0,0,0,0,0,0,3,11,0,42,52,1,5,4831,0
9589,1948,4,6,82032.0,0,0,2014-04-05,54,332,194,377,149,125,57,0,4,6,7,1,0,0,0,0,0,0,3,11,0,77,1234,0,17,4451,1
4838,1978,2,5,22775.0,1,0,2013-06-19,40,5,1,8,0,0,1,1,1,0,2,8,0,0,0,0,0,0,3,11,0,47,15,1,3,4741,0
9246,1985,3,5,40101.0,1,0,2012-10-14,73,171,3,129,26,24,62,4,6,1,6,7,0,0,0,0,0,0,3,11,0,40,415,1,13,4989,0
6261,1979,2,3,58025.0,0,1,2013-11-26,81,270,31,88,11,48,22,3,3,2,10,4,0,0,0,0,0,0,3,11,0,46,470,1,15,4581,0
7366,1982,3,4,75777.0,0,0,2013-07-04,12,712,26,538,69,13,80,1,3,6,11,1,0,1,1,0,0,0,3,11,1,43,1438,0,20,4726,2
10659,1979,0,5,7500.0,1,0,2013-05-07,7,2,8,11,3,8,21,4,3,2,2,7,0,0,0,0,0,0,3,11,0,46,53,1,7,4784,0
1448,1963,3,3,33562.0,1,2,2014-06-25,33,21,12,12,0,3,3,3,2,0,4,4,0,0,0,0,0,0,3,11,0,62,51,3,6,4370,3
4286,1970,4,4,57642.0,0,1,2014-01-09,24,580,6,58,8,0,27,3,7,6,6,4,1,0,0,0,0,0,3,11,0,55,679,1,19,4537,1
4749,1968,2,5,58554.0,1,1,2012-09-26,55,368,24,68,38,0,88,6,8,2,6,7,0,0,0,0,0,0,3,11,0,57,586,2,16,5007,3
4478,1979,2,3,63777.0,1,1,2013-03-24,87,457,5,106,15,17,53,8,11,1,6,8,0,0,0,0,0,0,3,11,0,46,653,2,18,4828,3
4201,1962,2,4,57967.0,0,1,2013-03-03,39,229,7,137,4,0,91,5,4,2,8,5,0,0,0,0,0,0,3,11,0,63,468,1,14,4849,1
8720,1978,0,5,52247.25135379061,0,0,2012-08-12,53,32,2,1607,12,4,22,0,0,0,1,0,0,1,0,0,0,0,3,11,0,47,1679,0,1,5052,2
10084,1972,2,3,24434.0,2,0,2014-05-18,9,3,2,8,20,0,17,2,2,1,2,7,0,0,0,0,0,0,3,11,0,53,50,2,5,4408,3
7004,1984,2,4,11012.0,1,0,2013-03-16,82,24,3,26,7,1,23,3,3,1,2,9,1,0,0,0,0,0,3,11,0,41,84,1,6,4836,0
9817,1970,3,4,44802.0,0,0,2012-08-21,71,853,10,143,13,10,20,2,9,4,12,8,0,0,0,0,0,0,3,11,0,55,1049,0,25,5043,2
8080,1986,2,4,26816.0,0,0,2012-08-17,50,5,1,6,3,4,3,1,0,0,3,4,0,0,0,0,0,0,3,11,0,39,22,0,3,5047,0
9432,1977,2,5,666666.0,1,0,2013-06-02,23,9,14,18,8,1,12,4,3,1,3,6,0,0,0,0,0,0,3,11,0,48,62,1,7,4758,2
8372,1974,2,3,34421.0,1,0,2013-07-01,81,3,3,7,6,2,9,1,1,0,2,7,0,0,0,0,0,0,3,11,0,51,30,1,3,4729,0
10870,1967,2,3,61223.0,0,1,2013-06-13,46,709,43,182,42,118,247,2,9,3,4,5,0,0,0,0,0,0,3,11,0,58,1341,1,16,4747,1
4001,1946,4,5,64014.0,2,1,2014-06-10,56,406,0,30,0,0,8,7,8,2,5,7,0,0,0,1,0,0,3,11,0,79,444,3,15,4385,3
7270,1981,2,2,56981.0,0,0,2014-01-25,91,908,48,217,32,12,24,1,2,3,13,6,0,1,0,0,0,0,3,11,0,44,1241,0,18,4521,2
8235,1956,3,5,69245.0,0,1,2014-01-24,8,428,30,214,80,30,61,2,6,5,10,3,0,0,0,0,0,0,3,11,0,69,843,1,21,4522,1
9405,1954,4,3,52869.0,1,1,2012-10-15,40,84,3,61,2,1,21,3,3,1,4,7,0,0,0,0,0,0,3,11,1,71,172,2,8,4988,3
